//宠物ID	等级	基础生命	基础物理攻击	基础物理防御	基础法术攻击	基础法术防御
null	null	baseHP	basePhyAtk	basePhyDef	baseMagAtk	baseMagDef
8574	1	1322	33	4	33	4
8574	2	2644	66	7	66	7
8574	3	3966	99	10	99	10
8574	4	5288	132	13	132	13
8574	5	6612	165	17	165	17
8574	6	7934	198	20	198	20
8574	7	9256	231	23	231	23
8574	8	10578	264	27	264	27
8574	9	11900	298	30	298	30
8574	10	13222	331	33	331	33
8574	11	14544	364	37	364	37
8574	12	15866	397	40	397	40
8574	13	17188	430	43	430	43
8574	14	18512	463	47	463	47
8574	15	19834	496	50	496	50
8574	16	21156	529	53	529	53
8574	17	22478	562	56	562	56
8574	18	23800	595	60	595	60
8574	19	25122	628	63	628	63
8574	20	26444	661	66	661	66
8574	21	27766	694	70	694	70
8574	22	29088	727	73	727	73
8574	23	30412	760	76	760	76
8574	24	31734	793	80	793	80
8574	25	33056	826	83	826	83
8574	26	34378	859	86	859	86
8574	27	35700	893	90	893	90
8574	28	37022	926	93	926	93
8574	29	38344	959	96	959	96
8574	30	39666	992	99	992	99
8574	31	40988	1025	103	1025	103
8574	32	42312	1058	106	1058	106
8574	33	43634	1091	109	1091	109
8574	34	44956	1124	113	1124	113
8574	35	46278	1157	116	1157	116
8574	36	47600	1190	119	1190	119
8574	37	48922	1223	123	1223	123
8574	38	50244	1256	126	1256	126
8574	39	51566	1289	129	1289	129
8574	40	52888	1322	132	1322	132
8574	41	54212	1355	136	1355	136
8574	42	55534	1388	139	1388	139
8574	43	56856	1421	142	1421	142
8574	44	58178	1454	146	1454	146
8574	45	59500	1488	149	1488	149
8574	46	60822	1521	152	1521	152
8574	47	62144	1554	156	1554	156
8574	48	63466	1587	159	1587	159
8574	49	64788	1620	162	1620	162
8574	50	66112	1653	166	1653	166
8574	51	67434	1686	169	1686	169
8574	52	68756	1719	172	1719	172
8574	53	70078	1752	175	1752	175
8574	54	71400	1785	179	1785	179
8574	55	72722	1818	182	1818	182
8574	56	74044	1851	185	1851	185
8574	57	75366	1884	189	1884	189
8574	58	76688	1917	192	1917	192
8574	59	78012	1950	195	1950	195
8574	60	79334	1983	199	1983	199
8574	61	80656	2016	202	2016	202
8574	62	81978	2049	205	2049	205
8574	63	83300	2083	209	2083	209
8574	64	84622	2116	212	2116	212
8574	65	85944	2149	215	2149	215
8574	66	87266	2182	218	2182	218
8574	67	88588	2215	222	2215	222
8574	68	89912	2248	225	2248	225
8574	69	91234	2281	228	2281	228
8574	70	92556	2314	232	2314	232
8574	71	93878	2347	235	2347	235
8574	72	95200	2380	238	2380	238
8574	73	96522	2413	242	2413	242
8574	74	97844	2446	245	2446	245
8574	75	99166	2479	248	2479	248
8574	76	100488	2512	251	2512	251
8574	77	101812	2545	255	2545	255
8574	78	103134	2578	258	2578	258
8574	79	104456	2611	261	2611	261
8574	80	105778	2644	265	2644	265
8574	81	107100	2678	268	2678	268
8574	82	108422	2711	271	2711	271
8574	83	109744	2744	275	2744	275
8574	84	111066	2777	278	2777	278
8574	85	112388	2810	281	2810	281
8574	86	113712	2843	285	2843	285
8574	87	115034	2876	288	2876	288
8574	88	116356	2909	291	2909	291
8574	89	117678	2942	294	2942	294
8574	90	119000	2975	298	2975	298
8574	91	120322	3008	301	3008	301
8574	92	121644	3041	304	3041	304
8574	93	122966	3074	308	3074	308
8574	94	124288	3107	311	3107	311
8574	95	125612	3140	314	3140	314
8574	96	126934	3173	318	3173	318
8574	97	128256	3206	321	3206	321
8574	98	129578	3239	324	3239	324
8574	99	130900	3273	328	3273	328
8574	100	132222	3306	331	3306	331
8575	1	1322	33	4	33	4
8575	2	2644	66	7	66	7
8575	3	3966	99	10	99	10
8575	4	5288	132	13	132	13
8575	5	6612	165	17	165	17
8575	6	7934	198	20	198	20
8575	7	9256	231	23	231	23
8575	8	10578	264	27	264	27
8575	9	11900	298	30	298	30
8575	10	13222	331	33	331	33
8575	11	14544	364	37	364	37
8575	12	15866	397	40	397	40
8575	13	17188	430	43	430	43
8575	14	18512	463	47	463	47
8575	15	19834	496	50	496	50
8575	16	21156	529	53	529	53
8575	17	22478	562	56	562	56
8575	18	23800	595	60	595	60
8575	19	25122	628	63	628	63
8575	20	26444	661	66	661	66
8575	21	27766	694	70	694	70
8575	22	29088	727	73	727	73
8575	23	30412	760	76	760	76
8575	24	31734	793	80	793	80
8575	25	33056	826	83	826	83
8575	26	34378	859	86	859	86
8575	27	35700	893	90	893	90
8575	28	37022	926	93	926	93
8575	29	38344	959	96	959	96
8575	30	39666	992	99	992	99
8575	31	40988	1025	103	1025	103
8575	32	42312	1058	106	1058	106
8575	33	43634	1091	109	1091	109
8575	34	44956	1124	113	1124	113
8575	35	46278	1157	116	1157	116
8575	36	47600	1190	119	1190	119
8575	37	48922	1223	123	1223	123
8575	38	50244	1256	126	1256	126
8575	39	51566	1289	129	1289	129
8575	40	52888	1322	132	1322	132
8575	41	54212	1355	136	1355	136
8575	42	55534	1388	139	1388	139
8575	43	56856	1421	142	1421	142
8575	44	58178	1454	146	1454	146
8575	45	59500	1488	149	1488	149
8575	46	60822	1521	152	1521	152
8575	47	62144	1554	156	1554	156
8575	48	63466	1587	159	1587	159
8575	49	64788	1620	162	1620	162
8575	50	66112	1653	166	1653	166
8575	51	67434	1686	169	1686	169
8575	52	68756	1719	172	1719	172
8575	53	70078	1752	175	1752	175
8575	54	71400	1785	179	1785	179
8575	55	72722	1818	182	1818	182
8575	56	74044	1851	185	1851	185
8575	57	75366	1884	189	1884	189
8575	58	76688	1917	192	1917	192
8575	59	78012	1950	195	1950	195
8575	60	79334	1983	199	1983	199
8575	61	80656	2016	202	2016	202
8575	62	81978	2049	205	2049	205
8575	63	83300	2083	209	2083	209
8575	64	84622	2116	212	2116	212
8575	65	85944	2149	215	2149	215
8575	66	87266	2182	218	2182	218
8575	67	88588	2215	222	2215	222
8575	68	89912	2248	225	2248	225
8575	69	91234	2281	228	2281	228
8575	70	92556	2314	232	2314	232
8575	71	93878	2347	235	2347	235
8575	72	95200	2380	238	2380	238
8575	73	96522	2413	242	2413	242
8575	74	97844	2446	245	2446	245
8575	75	99166	2479	248	2479	248
8575	76	100488	2512	251	2512	251
8575	77	101812	2545	255	2545	255
8575	78	103134	2578	258	2578	258
8575	79	104456	2611	261	2611	261
8575	80	105778	2644	265	2644	265
8575	81	107100	2678	268	2678	268
8575	82	108422	2711	271	2711	271
8575	83	109744	2744	275	2744	275
8575	84	111066	2777	278	2777	278
8575	85	112388	2810	281	2810	281
8575	86	113712	2843	285	2843	285
8575	87	115034	2876	288	2876	288
8575	88	116356	2909	291	2909	291
8575	89	117678	2942	294	2942	294
8575	90	119000	2975	298	2975	298
8575	91	120322	3008	301	3008	301
8575	92	121644	3041	304	3041	304
8575	93	122966	3074	308	3074	308
8575	94	124288	3107	311	3107	311
8575	95	125612	3140	314	3140	314
8575	96	126934	3173	318	3173	318
8575	97	128256	3206	321	3206	321
8575	98	129578	3239	324	3239	324
8575	99	130900	3273	328	3273	328
8575	100	132222	3306	331	3306	331
8576	1	1322	33	4	33	4
8576	2	2644	66	7	66	7
8576	3	3966	99	10	99	10
8576	4	5288	132	13	132	13
8576	5	6612	165	17	165	17
8576	6	7934	198	20	198	20
8576	7	9256	231	23	231	23
8576	8	10578	264	27	264	27
8576	9	11900	298	30	298	30
8576	10	13222	331	33	331	33
8576	11	14544	364	37	364	37
8576	12	15866	397	40	397	40
8576	13	17188	430	43	430	43
8576	14	18512	463	47	463	47
8576	15	19834	496	50	496	50
8576	16	21156	529	53	529	53
8576	17	22478	562	56	562	56
8576	18	23800	595	60	595	60
8576	19	25122	628	63	628	63
8576	20	26444	661	66	661	66
8576	21	27766	694	70	694	70
8576	22	29088	727	73	727	73
8576	23	30412	760	76	760	76
8576	24	31734	793	80	793	80
8576	25	33056	826	83	826	83
8576	26	34378	859	86	859	86
8576	27	35700	893	90	893	90
8576	28	37022	926	93	926	93
8576	29	38344	959	96	959	96
8576	30	39666	992	99	992	99
8576	31	40988	1025	103	1025	103
8576	32	42312	1058	106	1058	106
8576	33	43634	1091	109	1091	109
8576	34	44956	1124	113	1124	113
8576	35	46278	1157	116	1157	116
8576	36	47600	1190	119	1190	119
8576	37	48922	1223	123	1223	123
8576	38	50244	1256	126	1256	126
8576	39	51566	1289	129	1289	129
8576	40	52888	1322	132	1322	132
8576	41	54212	1355	136	1355	136
8576	42	55534	1388	139	1388	139
8576	43	56856	1421	142	1421	142
8576	44	58178	1454	146	1454	146
8576	45	59500	1488	149	1488	149
8576	46	60822	1521	152	1521	152
8576	47	62144	1554	156	1554	156
8576	48	63466	1587	159	1587	159
8576	49	64788	1620	162	1620	162
8576	50	66112	1653	166	1653	166
8576	51	67434	1686	169	1686	169
8576	52	68756	1719	172	1719	172
8576	53	70078	1752	175	1752	175
8576	54	71400	1785	179	1785	179
8576	55	72722	1818	182	1818	182
8576	56	74044	1851	185	1851	185
8576	57	75366	1884	189	1884	189
8576	58	76688	1917	192	1917	192
8576	59	78012	1950	195	1950	195
8576	60	79334	1983	199	1983	199
8576	61	80656	2016	202	2016	202
8576	62	81978	2049	205	2049	205
8576	63	83300	2083	209	2083	209
8576	64	84622	2116	212	2116	212
8576	65	85944	2149	215	2149	215
8576	66	87266	2182	218	2182	218
8576	67	88588	2215	222	2215	222
8576	68	89912	2248	225	2248	225
8576	69	91234	2281	228	2281	228
8576	70	92556	2314	232	2314	232
8576	71	93878	2347	235	2347	235
8576	72	95200	2380	238	2380	238
8576	73	96522	2413	242	2413	242
8576	74	97844	2446	245	2446	245
8576	75	99166	2479	248	2479	248
8576	76	100488	2512	251	2512	251
8576	77	101812	2545	255	2545	255
8576	78	103134	2578	258	2578	258
8576	79	104456	2611	261	2611	261
8576	80	105778	2644	265	2644	265
8576	81	107100	2678	268	2678	268
8576	82	108422	2711	271	2711	271
8576	83	109744	2744	275	2744	275
8576	84	111066	2777	278	2777	278
8576	85	112388	2810	281	2810	281
8576	86	113712	2843	285	2843	285
8576	87	115034	2876	288	2876	288
8576	88	116356	2909	291	2909	291
8576	89	117678	2942	294	2942	294
8576	90	119000	2975	298	2975	298
8576	91	120322	3008	301	3008	301
8576	92	121644	3041	304	3041	304
8576	93	122966	3074	308	3074	308
8576	94	124288	3107	311	3107	311
8576	95	125612	3140	314	3140	314
8576	96	126934	3173	318	3173	318
8576	97	128256	3206	321	3206	321
8576	98	129578	3239	324	3239	324
8576	99	130900	3273	328	3273	328
8576	100	132222	3306	331	3306	331
8577	1	1322	33	4	33	4
8577	2	2644	66	7	66	7
8577	3	3966	99	10	99	10
8577	4	5288	132	13	132	13
8577	5	6612	165	17	165	17
8577	6	7934	198	20	198	20
8577	7	9256	231	23	231	23
8577	8	10578	264	27	264	27
8577	9	11900	298	30	298	30
8577	10	13222	331	33	331	33
8577	11	14544	364	37	364	37
8577	12	15866	397	40	397	40
8577	13	17188	430	43	430	43
8577	14	18512	463	47	463	47
8577	15	19834	496	50	496	50
8577	16	21156	529	53	529	53
8577	17	22478	562	56	562	56
8577	18	23800	595	60	595	60
8577	19	25122	628	63	628	63
8577	20	26444	661	66	661	66
8577	21	27766	694	70	694	70
8577	22	29088	727	73	727	73
8577	23	30412	760	76	760	76
8577	24	31734	793	80	793	80
8577	25	33056	826	83	826	83
8577	26	34378	859	86	859	86
8577	27	35700	893	90	893	90
8577	28	37022	926	93	926	93
8577	29	38344	959	96	959	96
8577	30	39666	992	99	992	99
8577	31	40988	1025	103	1025	103
8577	32	42312	1058	106	1058	106
8577	33	43634	1091	109	1091	109
8577	34	44956	1124	113	1124	113
8577	35	46278	1157	116	1157	116
8577	36	47600	1190	119	1190	119
8577	37	48922	1223	123	1223	123
8577	38	50244	1256	126	1256	126
8577	39	51566	1289	129	1289	129
8577	40	52888	1322	132	1322	132
8577	41	54212	1355	136	1355	136
8577	42	55534	1388	139	1388	139
8577	43	56856	1421	142	1421	142
8577	44	58178	1454	146	1454	146
8577	45	59500	1488	149	1488	149
8577	46	60822	1521	152	1521	152
8577	47	62144	1554	156	1554	156
8577	48	63466	1587	159	1587	159
8577	49	64788	1620	162	1620	162
8577	50	66112	1653	166	1653	166
8577	51	67434	1686	169	1686	169
8577	52	68756	1719	172	1719	172
8577	53	70078	1752	175	1752	175
8577	54	71400	1785	179	1785	179
8577	55	72722	1818	182	1818	182
8577	56	74044	1851	185	1851	185
8577	57	75366	1884	189	1884	189
8577	58	76688	1917	192	1917	192
8577	59	78012	1950	195	1950	195
8577	60	79334	1983	199	1983	199
8577	61	80656	2016	202	2016	202
8577	62	81978	2049	205	2049	205
8577	63	83300	2083	209	2083	209
8577	64	84622	2116	212	2116	212
8577	65	85944	2149	215	2149	215
8577	66	87266	2182	218	2182	218
8577	67	88588	2215	222	2215	222
8577	68	89912	2248	225	2248	225
8577	69	91234	2281	228	2281	228
8577	70	92556	2314	232	2314	232
8577	71	93878	2347	235	2347	235
8577	72	95200	2380	238	2380	238
8577	73	96522	2413	242	2413	242
8577	74	97844	2446	245	2446	245
8577	75	99166	2479	248	2479	248
8577	76	100488	2512	251	2512	251
8577	77	101812	2545	255	2545	255
8577	78	103134	2578	258	2578	258
8577	79	104456	2611	261	2611	261
8577	80	105778	2644	265	2644	265
8577	81	107100	2678	268	2678	268
8577	82	108422	2711	271	2711	271
8577	83	109744	2744	275	2744	275
8577	84	111066	2777	278	2777	278
8577	85	112388	2810	281	2810	281
8577	86	113712	2843	285	2843	285
8577	87	115034	2876	288	2876	288
8577	88	116356	2909	291	2909	291
8577	89	117678	2942	294	2942	294
8577	90	119000	2975	298	2975	298
8577	91	120322	3008	301	3008	301
8577	92	121644	3041	304	3041	304
8577	93	122966	3074	308	3074	308
8577	94	124288	3107	311	3107	311
8577	95	125612	3140	314	3140	314
8577	96	126934	3173	318	3173	318
8577	97	128256	3206	321	3206	321
8577	98	129578	3239	324	3239	324
8577	99	130900	3273	328	3273	328
8577	100	132222	3306	331	3306	331
8578	1	1322	33	4	33	4
8578	2	2644	66	7	66	7
8578	3	3966	99	10	99	10
8578	4	5288	132	13	132	13
8578	5	6612	165	17	165	17
8578	6	7934	198	20	198	20
8578	7	9256	231	23	231	23
8578	8	10578	264	27	264	27
8578	9	11900	298	30	298	30
8578	10	13222	331	33	331	33
8578	11	14544	364	37	364	37
8578	12	15866	397	40	397	40
8578	13	17188	430	43	430	43
8578	14	18512	463	47	463	47
8578	15	19834	496	50	496	50
8578	16	21156	529	53	529	53
8578	17	22478	562	56	562	56
8578	18	23800	595	60	595	60
8578	19	25122	628	63	628	63
8578	20	26444	661	66	661	66
8578	21	27766	694	70	694	70
8578	22	29088	727	73	727	73
8578	23	30412	760	76	760	76
8578	24	31734	793	80	793	80
8578	25	33056	826	83	826	83
8578	26	34378	859	86	859	86
8578	27	35700	893	90	893	90
8578	28	37022	926	93	926	93
8578	29	38344	959	96	959	96
8578	30	39666	992	99	992	99
8578	31	40988	1025	103	1025	103
8578	32	42312	1058	106	1058	106
8578	33	43634	1091	109	1091	109
8578	34	44956	1124	113	1124	113
8578	35	46278	1157	116	1157	116
8578	36	47600	1190	119	1190	119
8578	37	48922	1223	123	1223	123
8578	38	50244	1256	126	1256	126
8578	39	51566	1289	129	1289	129
8578	40	52888	1322	132	1322	132
8578	41	54212	1355	136	1355	136
8578	42	55534	1388	139	1388	139
8578	43	56856	1421	142	1421	142
8578	44	58178	1454	146	1454	146
8578	45	59500	1488	149	1488	149
8578	46	60822	1521	152	1521	152
8578	47	62144	1554	156	1554	156
8578	48	63466	1587	159	1587	159
8578	49	64788	1620	162	1620	162
8578	50	66112	1653	166	1653	166
8578	51	67434	1686	169	1686	169
8578	52	68756	1719	172	1719	172
8578	53	70078	1752	175	1752	175
8578	54	71400	1785	179	1785	179
8578	55	72722	1818	182	1818	182
8578	56	74044	1851	185	1851	185
8578	57	75366	1884	189	1884	189
8578	58	76688	1917	192	1917	192
8578	59	78012	1950	195	1950	195
8578	60	79334	1983	199	1983	199
8578	61	80656	2016	202	2016	202
8578	62	81978	2049	205	2049	205
8578	63	83300	2083	209	2083	209
8578	64	84622	2116	212	2116	212
8578	65	85944	2149	215	2149	215
8578	66	87266	2182	218	2182	218
8578	67	88588	2215	222	2215	222
8578	68	89912	2248	225	2248	225
8578	69	91234	2281	228	2281	228
8578	70	92556	2314	232	2314	232
8578	71	93878	2347	235	2347	235
8578	72	95200	2380	238	2380	238
8578	73	96522	2413	242	2413	242
8578	74	97844	2446	245	2446	245
8578	75	99166	2479	248	2479	248
8578	76	100488	2512	251	2512	251
8578	77	101812	2545	255	2545	255
8578	78	103134	2578	258	2578	258
8578	79	104456	2611	261	2611	261
8578	80	105778	2644	265	2644	265
8578	81	107100	2678	268	2678	268
8578	82	108422	2711	271	2711	271
8578	83	109744	2744	275	2744	275
8578	84	111066	2777	278	2777	278
8578	85	112388	2810	281	2810	281
8578	86	113712	2843	285	2843	285
8578	87	115034	2876	288	2876	288
8578	88	116356	2909	291	2909	291
8578	89	117678	2942	294	2942	294
8578	90	119000	2975	298	2975	298
8578	91	120322	3008	301	3008	301
8578	92	121644	3041	304	3041	304
8578	93	122966	3074	308	3074	308
8578	94	124288	3107	311	3107	311
8578	95	125612	3140	314	3140	314
8578	96	126934	3173	318	3173	318
8578	97	128256	3206	321	3206	321
8578	98	129578	3239	324	3239	324
8578	99	130900	3273	328	3273	328
8578	100	132222	3306	331	3306	331
10216	1	661	33	7	33	7
10216	2	1322	66	13	66	13
10216	3	1983	99	20	99	20
10216	4	2644	132	26	132	26
10216	5	3306	165	33	165	33
10216	6	3967	198	40	198	40
10216	7	4628	231	46	231	46
10216	8	5289	264	53	264	53
10216	9	5950	298	60	298	60
10216	10	6611	331	66	331	66
10216	11	7272	364	73	364	73
10216	12	7933	397	79	397	79
10216	13	8594	430	86	430	86
10216	14	9256	463	93	463	93
10216	15	9917	496	99	496	99
10216	16	10578	529	106	529	106
10216	17	11239	562	112	562	112
10216	18	11900	595	119	595	119
10216	19	12561	628	126	628	126
10216	20	13222	661	132	661	132
10216	21	13883	694	139	694	139
10216	22	14544	727	145	727	145
10216	23	15206	760	152	760	152
10216	24	15867	793	159	793	159
10216	25	16528	826	165	826	165
10216	26	17189	859	172	859	172
10216	27	17850	893	179	893	179
10216	28	18511	926	185	926	185
10216	29	19172	959	192	959	192
10216	30	19833	992	198	992	198
10216	31	20494	1025	205	1025	205
10216	32	21156	1058	212	1058	212
10216	33	21817	1091	218	1091	218
10216	34	22478	1124	225	1124	225
10216	35	23139	1157	231	1157	231
10216	36	23800	1190	238	1190	238
10216	37	24461	1223	245	1223	245
10216	38	25122	1256	251	1256	251
10216	39	25783	1289	258	1289	258
10216	40	26444	1322	264	1322	264
10216	41	27106	1355	271	1355	271
10216	42	27767	1388	278	1388	278
10216	43	28428	1421	284	1421	284
10216	44	29089	1454	291	1454	291
10216	45	29750	1488	298	1488	298
10216	46	30411	1521	304	1521	304
10216	47	31072	1554	311	1554	311
10216	48	31733	1587	317	1587	317
10216	49	32394	1620	324	1620	324
10216	50	33056	1653	331	1653	331
10216	51	33717	1686	337	1686	337
10216	52	34378	1719	344	1719	344
10216	53	35039	1752	350	1752	350
10216	54	35700	1785	357	1785	357
10216	55	36361	1818	364	1818	364
10216	56	37022	1851	370	1851	370
10216	57	37683	1884	377	1884	377
10216	58	38344	1917	383	1917	383
10216	59	39006	1950	390	1950	390
10216	60	39667	1983	397	1983	397
10216	61	40328	2016	403	2016	403
10216	62	40989	2049	410	2049	410
10216	63	41650	2083	417	2083	417
10216	64	42311	2116	423	2116	423
10216	65	42972	2149	430	2149	430
10216	66	43633	2182	436	2182	436
10216	67	44294	2215	443	2215	443
10216	68	44956	2248	450	2248	450
10216	69	45617	2281	456	2281	456
10216	70	46278	2314	463	2314	463
10216	71	46939	2347	469	2347	469
10216	72	47600	2380	476	2380	476
10216	73	48261	2413	483	2413	483
10216	74	48922	2446	489	2446	489
10216	75	49583	2479	496	2479	496
10216	76	50244	2512	502	2512	502
10216	77	50906	2545	509	2545	509
10216	78	51567	2578	516	2578	516
10216	79	52228	2611	522	2611	522
10216	80	52889	2644	529	2644	529
10216	81	53550	2678	536	2678	536
10216	82	54211	2711	542	2711	542
10216	83	54872	2744	549	2744	549
10216	84	55533	2777	555	2777	555
10216	85	56194	2810	562	2810	562
10216	86	56856	2843	569	2843	569
10216	87	57517	2876	575	2876	575
10216	88	58178	2909	582	2909	582
10216	89	58839	2942	588	2942	588
10216	90	59500	2975	595	2975	595
10216	91	60161	3008	602	3008	602
10216	92	60822	3041	608	3041	608
10216	93	61483	3074	615	3074	615
10216	94	62144	3107	621	3107	621
10216	95	62806	3140	628	3140	628
10216	96	63467	3173	635	3173	635
10216	97	64128	3206	641	3206	641
10216	98	64789	3239	648	3239	648
10216	99	65450	3273	655	3273	655
10216	100	66111	3306	661	3306	661
10217	1	661	33	7	33	7
10217	2	1322	66	13	66	13
10217	3	1983	99	20	99	20
10217	4	2644	132	26	132	26
10217	5	3306	165	33	165	33
10217	6	3967	198	40	198	40
10217	7	4628	231	46	231	46
10217	8	5289	264	53	264	53
10217	9	5950	298	60	298	60
10217	10	6611	331	66	331	66
10217	11	7272	364	73	364	73
10217	12	7933	397	79	397	79
10217	13	8594	430	86	430	86
10217	14	9256	463	93	463	93
10217	15	9917	496	99	496	99
10217	16	10578	529	106	529	106
10217	17	11239	562	112	562	112
10217	18	11900	595	119	595	119
10217	19	12561	628	126	628	126
10217	20	13222	661	132	661	132
10217	21	13883	694	139	694	139
10217	22	14544	727	145	727	145
10217	23	15206	760	152	760	152
10217	24	15867	793	159	793	159
10217	25	16528	826	165	826	165
10217	26	17189	859	172	859	172
10217	27	17850	893	179	893	179
10217	28	18511	926	185	926	185
10217	29	19172	959	192	959	192
10217	30	19833	992	198	992	198
10217	31	20494	1025	205	1025	205
10217	32	21156	1058	212	1058	212
10217	33	21817	1091	218	1091	218
10217	34	22478	1124	225	1124	225
10217	35	23139	1157	231	1157	231
10217	36	23800	1190	238	1190	238
10217	37	24461	1223	245	1223	245
10217	38	25122	1256	251	1256	251
10217	39	25783	1289	258	1289	258
10217	40	26444	1322	264	1322	264
10217	41	27106	1355	271	1355	271
10217	42	27767	1388	278	1388	278
10217	43	28428	1421	284	1421	284
10217	44	29089	1454	291	1454	291
10217	45	29750	1488	298	1488	298
10217	46	30411	1521	304	1521	304
10217	47	31072	1554	311	1554	311
10217	48	31733	1587	317	1587	317
10217	49	32394	1620	324	1620	324
10217	50	33056	1653	331	1653	331
10217	51	33717	1686	337	1686	337
10217	52	34378	1719	344	1719	344
10217	53	35039	1752	350	1752	350
10217	54	35700	1785	357	1785	357
10217	55	36361	1818	364	1818	364
10217	56	37022	1851	370	1851	370
10217	57	37683	1884	377	1884	377
10217	58	38344	1917	383	1917	383
10217	59	39006	1950	390	1950	390
10217	60	39667	1983	397	1983	397
10217	61	40328	2016	403	2016	403
10217	62	40989	2049	410	2049	410
10217	63	41650	2083	417	2083	417
10217	64	42311	2116	423	2116	423
10217	65	42972	2149	430	2149	430
10217	66	43633	2182	436	2182	436
10217	67	44294	2215	443	2215	443
10217	68	44956	2248	450	2248	450
10217	69	45617	2281	456	2281	456
10217	70	46278	2314	463	2314	463
10217	71	46939	2347	469	2347	469
10217	72	47600	2380	476	2380	476
10217	73	48261	2413	483	2413	483
10217	74	48922	2446	489	2446	489
10217	75	49583	2479	496	2479	496
10217	76	50244	2512	502	2512	502
10217	77	50906	2545	509	2545	509
10217	78	51567	2578	516	2578	516
10217	79	52228	2611	522	2611	522
10217	80	52889	2644	529	2644	529
10217	81	53550	2678	536	2678	536
10217	82	54211	2711	542	2711	542
10217	83	54872	2744	549	2744	549
10217	84	55533	2777	555	2777	555
10217	85	56194	2810	562	2810	562
10217	86	56856	2843	569	2843	569
10217	87	57517	2876	575	2876	575
10217	88	58178	2909	582	2909	582
10217	89	58839	2942	588	2942	588
10217	90	59500	2975	595	2975	595
10217	91	60161	3008	602	3008	602
10217	92	60822	3041	608	3041	608
10217	93	61483	3074	615	3074	615
10217	94	62144	3107	621	3107	621
10217	95	62806	3140	628	3140	628
10217	96	63467	3173	635	3173	635
10217	97	64128	3206	641	3206	641
10217	98	64789	3239	648	3239	648
10217	99	65450	3273	655	3273	655
10217	100	66111	3306	661	3306	661
10218	1	661	33	7	33	7
10218	2	1322	66	13	66	13
10218	3	1983	99	20	99	20
10218	4	2644	132	26	132	26
10218	5	3306	165	33	165	33
10218	6	3967	198	40	198	40
10218	7	4628	231	46	231	46
10218	8	5289	264	53	264	53
10218	9	5950	298	60	298	60
10218	10	6611	331	66	331	66
10218	11	7272	364	73	364	73
10218	12	7933	397	79	397	79
10218	13	8594	430	86	430	86
10218	14	9256	463	93	463	93
10218	15	9917	496	99	496	99
10218	16	10578	529	106	529	106
10218	17	11239	562	112	562	112
10218	18	11900	595	119	595	119
10218	19	12561	628	126	628	126
10218	20	13222	661	132	661	132
10218	21	13883	694	139	694	139
10218	22	14544	727	145	727	145
10218	23	15206	760	152	760	152
10218	24	15867	793	159	793	159
10218	25	16528	826	165	826	165
10218	26	17189	859	172	859	172
10218	27	17850	893	179	893	179
10218	28	18511	926	185	926	185
10218	29	19172	959	192	959	192
10218	30	19833	992	198	992	198
10218	31	20494	1025	205	1025	205
10218	32	21156	1058	212	1058	212
10218	33	21817	1091	218	1091	218
10218	34	22478	1124	225	1124	225
10218	35	23139	1157	231	1157	231
10218	36	23800	1190	238	1190	238
10218	37	24461	1223	245	1223	245
10218	38	25122	1256	251	1256	251
10218	39	25783	1289	258	1289	258
10218	40	26444	1322	264	1322	264
10218	41	27106	1355	271	1355	271
10218	42	27767	1388	278	1388	278
10218	43	28428	1421	284	1421	284
10218	44	29089	1454	291	1454	291
10218	45	29750	1488	298	1488	298
10218	46	30411	1521	304	1521	304
10218	47	31072	1554	311	1554	311
10218	48	31733	1587	317	1587	317
10218	49	32394	1620	324	1620	324
10218	50	33056	1653	331	1653	331
10218	51	33717	1686	337	1686	337
10218	52	34378	1719	344	1719	344
10218	53	35039	1752	350	1752	350
10218	54	35700	1785	357	1785	357
10218	55	36361	1818	364	1818	364
10218	56	37022	1851	370	1851	370
10218	57	37683	1884	377	1884	377
10218	58	38344	1917	383	1917	383
10218	59	39006	1950	390	1950	390
10218	60	39667	1983	397	1983	397
10218	61	40328	2016	403	2016	403
10218	62	40989	2049	410	2049	410
10218	63	41650	2083	417	2083	417
10218	64	42311	2116	423	2116	423
10218	65	42972	2149	430	2149	430
10218	66	43633	2182	436	2182	436
10218	67	44294	2215	443	2215	443
10218	68	44956	2248	450	2248	450
10218	69	45617	2281	456	2281	456
10218	70	46278	2314	463	2314	463
10218	71	46939	2347	469	2347	469
10218	72	47600	2380	476	2380	476
10218	73	48261	2413	483	2413	483
10218	74	48922	2446	489	2446	489
10218	75	49583	2479	496	2479	496
10218	76	50244	2512	502	2512	502
10218	77	50906	2545	509	2545	509
10218	78	51567	2578	516	2578	516
10218	79	52228	2611	522	2611	522
10218	80	52889	2644	529	2644	529
10218	81	53550	2678	536	2678	536
10218	82	54211	2711	542	2711	542
10218	83	54872	2744	549	2744	549
10218	84	55533	2777	555	2777	555
10218	85	56194	2810	562	2810	562
10218	86	56856	2843	569	2843	569
10218	87	57517	2876	575	2876	575
10218	88	58178	2909	582	2909	582
10218	89	58839	2942	588	2942	588
10218	90	59500	2975	595	2975	595
10218	91	60161	3008	602	3008	602
10218	92	60822	3041	608	3041	608
10218	93	61483	3074	615	3074	615
10218	94	62144	3107	621	3107	621
10218	95	62806	3140	628	3140	628
10218	96	63467	3173	635	3173	635
10218	97	64128	3206	641	3206	641
10218	98	64789	3239	648	3239	648
10218	99	65450	3273	655	3273	655
10218	100	66111	3306	661	3306	661
10219	1	661	33	7	33	7
10219	2	1322	66	13	66	13
10219	3	1983	99	20	99	20
10219	4	2644	132	26	132	26
10219	5	3306	165	33	165	33
10219	6	3967	198	40	198	40
10219	7	4628	231	46	231	46
10219	8	5289	264	53	264	53
10219	9	5950	298	60	298	60
10219	10	6611	331	66	331	66
10219	11	7272	364	73	364	73
10219	12	7933	397	79	397	79
10219	13	8594	430	86	430	86
10219	14	9256	463	93	463	93
10219	15	9917	496	99	496	99
10219	16	10578	529	106	529	106
10219	17	11239	562	112	562	112
10219	18	11900	595	119	595	119
10219	19	12561	628	126	628	126
10219	20	13222	661	132	661	132
10219	21	13883	694	139	694	139
10219	22	14544	727	145	727	145
10219	23	15206	760	152	760	152
10219	24	15867	793	159	793	159
10219	25	16528	826	165	826	165
10219	26	17189	859	172	859	172
10219	27	17850	893	179	893	179
10219	28	18511	926	185	926	185
10219	29	19172	959	192	959	192
10219	30	19833	992	198	992	198
10219	31	20494	1025	205	1025	205
10219	32	21156	1058	212	1058	212
10219	33	21817	1091	218	1091	218
10219	34	22478	1124	225	1124	225
10219	35	23139	1157	231	1157	231
10219	36	23800	1190	238	1190	238
10219	37	24461	1223	245	1223	245
10219	38	25122	1256	251	1256	251
10219	39	25783	1289	258	1289	258
10219	40	26444	1322	264	1322	264
10219	41	27106	1355	271	1355	271
10219	42	27767	1388	278	1388	278
10219	43	28428	1421	284	1421	284
10219	44	29089	1454	291	1454	291
10219	45	29750	1488	298	1488	298
10219	46	30411	1521	304	1521	304
10219	47	31072	1554	311	1554	311
10219	48	31733	1587	317	1587	317
10219	49	32394	1620	324	1620	324
10219	50	33056	1653	331	1653	331
10219	51	33717	1686	337	1686	337
10219	52	34378	1719	344	1719	344
10219	53	35039	1752	350	1752	350
10219	54	35700	1785	357	1785	357
10219	55	36361	1818	364	1818	364
10219	56	37022	1851	370	1851	370
10219	57	37683	1884	377	1884	377
10219	58	38344	1917	383	1917	383
10219	59	39006	1950	390	1950	390
10219	60	39667	1983	397	1983	397
10219	61	40328	2016	403	2016	403
10219	62	40989	2049	410	2049	410
10219	63	41650	2083	417	2083	417
10219	64	42311	2116	423	2116	423
10219	65	42972	2149	430	2149	430
10219	66	43633	2182	436	2182	436
10219	67	44294	2215	443	2215	443
10219	68	44956	2248	450	2248	450
10219	69	45617	2281	456	2281	456
10219	70	46278	2314	463	2314	463
10219	71	46939	2347	469	2347	469
10219	72	47600	2380	476	2380	476
10219	73	48261	2413	483	2413	483
10219	74	48922	2446	489	2446	489
10219	75	49583	2479	496	2479	496
10219	76	50244	2512	502	2512	502
10219	77	50906	2545	509	2545	509
10219	78	51567	2578	516	2578	516
10219	79	52228	2611	522	2611	522
10219	80	52889	2644	529	2644	529
10219	81	53550	2678	536	2678	536
10219	82	54211	2711	542	2711	542
10219	83	54872	2744	549	2744	549
10219	84	55533	2777	555	2777	555
10219	85	56194	2810	562	2810	562
10219	86	56856	2843	569	2843	569
10219	87	57517	2876	575	2876	575
10219	88	58178	2909	582	2909	582
10219	89	58839	2942	588	2942	588
10219	90	59500	2975	595	2975	595
10219	91	60161	3008	602	3008	602
10219	92	60822	3041	608	3041	608
10219	93	61483	3074	615	3074	615
10219	94	62144	3107	621	3107	621
10219	95	62806	3140	628	3140	628
10219	96	63467	3173	635	3173	635
10219	97	64128	3206	641	3206	641
10219	98	64789	3239	648	3239	648
10219	99	65450	3273	655	3273	655
10219	100	66111	3306	661	3306	661
10220	1	661	33	7	33	7
10220	2	1322	66	13	66	13
10220	3	1983	99	20	99	20
10220	4	2644	132	26	132	26
10220	5	3306	165	33	165	33
10220	6	3967	198	40	198	40
10220	7	4628	231	46	231	46
10220	8	5289	264	53	264	53
10220	9	5950	298	60	298	60
10220	10	6611	331	66	331	66
10220	11	7272	364	73	364	73
10220	12	7933	397	79	397	79
10220	13	8594	430	86	430	86
10220	14	9256	463	93	463	93
10220	15	9917	496	99	496	99
10220	16	10578	529	106	529	106
10220	17	11239	562	112	562	112
10220	18	11900	595	119	595	119
10220	19	12561	628	126	628	126
10220	20	13222	661	132	661	132
10220	21	13883	694	139	694	139
10220	22	14544	727	145	727	145
10220	23	15206	760	152	760	152
10220	24	15867	793	159	793	159
10220	25	16528	826	165	826	165
10220	26	17189	859	172	859	172
10220	27	17850	893	179	893	179
10220	28	18511	926	185	926	185
10220	29	19172	959	192	959	192
10220	30	19833	992	198	992	198
10220	31	20494	1025	205	1025	205
10220	32	21156	1058	212	1058	212
10220	33	21817	1091	218	1091	218
10220	34	22478	1124	225	1124	225
10220	35	23139	1157	231	1157	231
10220	36	23800	1190	238	1190	238
10220	37	24461	1223	245	1223	245
10220	38	25122	1256	251	1256	251
10220	39	25783	1289	258	1289	258
10220	40	26444	1322	264	1322	264
10220	41	27106	1355	271	1355	271
10220	42	27767	1388	278	1388	278
10220	43	28428	1421	284	1421	284
10220	44	29089	1454	291	1454	291
10220	45	29750	1488	298	1488	298
10220	46	30411	1521	304	1521	304
10220	47	31072	1554	311	1554	311
10220	48	31733	1587	317	1587	317
10220	49	32394	1620	324	1620	324
10220	50	33056	1653	331	1653	331
10220	51	33717	1686	337	1686	337
10220	52	34378	1719	344	1719	344
10220	53	35039	1752	350	1752	350
10220	54	35700	1785	357	1785	357
10220	55	36361	1818	364	1818	364
10220	56	37022	1851	370	1851	370
10220	57	37683	1884	377	1884	377
10220	58	38344	1917	383	1917	383
10220	59	39006	1950	390	1950	390
10220	60	39667	1983	397	1983	397
10220	61	40328	2016	403	2016	403
10220	62	40989	2049	410	2049	410
10220	63	41650	2083	417	2083	417
10220	64	42311	2116	423	2116	423
10220	65	42972	2149	430	2149	430
10220	66	43633	2182	436	2182	436
10220	67	44294	2215	443	2215	443
10220	68	44956	2248	450	2248	450
10220	69	45617	2281	456	2281	456
10220	70	46278	2314	463	2314	463
10220	71	46939	2347	469	2347	469
10220	72	47600	2380	476	2380	476
10220	73	48261	2413	483	2413	483
10220	74	48922	2446	489	2446	489
10220	75	49583	2479	496	2479	496
10220	76	50244	2512	502	2512	502
10220	77	50906	2545	509	2545	509
10220	78	51567	2578	516	2578	516
10220	79	52228	2611	522	2611	522
10220	80	52889	2644	529	2644	529
10220	81	53550	2678	536	2678	536
10220	82	54211	2711	542	2711	542
10220	83	54872	2744	549	2744	549
10220	84	55533	2777	555	2777	555
10220	85	56194	2810	562	2810	562
10220	86	56856	2843	569	2843	569
10220	87	57517	2876	575	2876	575
10220	88	58178	2909	582	2909	582
10220	89	58839	2942	588	2942	588
10220	90	59500	2975	595	2975	595
10220	91	60161	3008	602	3008	602
10220	92	60822	3041	608	3041	608
10220	93	61483	3074	615	3074	615
10220	94	62144	3107	621	3107	621
10220	95	62806	3140	628	3140	628
10220	96	63467	3173	635	3173	635
10220	97	64128	3206	641	3206	641
10220	98	64789	3239	648	3239	648
10220	99	65450	3273	655	3273	655
10220	100	66111	3306	661	3306	661
10308	1	661	33	7	33	7
10308	2	1322	66	13	66	13
10308	3	1983	99	20	99	20
10308	4	2644	132	26	132	26
10308	5	3306	165	33	165	33
10308	6	3967	198	40	198	40
10308	7	4628	231	46	231	46
10308	8	5289	264	53	264	53
10308	9	5950	298	60	298	60
10308	10	6611	331	66	331	66
10308	11	7272	364	73	364	73
10308	12	7933	397	79	397	79
10308	13	8594	430	86	430	86
10308	14	9256	463	93	463	93
10308	15	9917	496	99	496	99
10308	16	10578	529	106	529	106
10308	17	11239	562	112	562	112
10308	18	11900	595	119	595	119
10308	19	12561	628	126	628	126
10308	20	13222	661	132	661	132
10308	21	13883	694	139	694	139
10308	22	14544	727	145	727	145
10308	23	15206	760	152	760	152
10308	24	15867	793	159	793	159
10308	25	16528	826	165	826	165
10308	26	17189	859	172	859	172
10308	27	17850	893	179	893	179
10308	28	18511	926	185	926	185
10308	29	19172	959	192	959	192
10308	30	19833	992	198	992	198
10308	31	20494	1025	205	1025	205
10308	32	21156	1058	212	1058	212
10308	33	21817	1091	218	1091	218
10308	34	22478	1124	225	1124	225
10308	35	23139	1157	231	1157	231
10308	36	23800	1190	238	1190	238
10308	37	24461	1223	245	1223	245
10308	38	25122	1256	251	1256	251
10308	39	25783	1289	258	1289	258
10308	40	26444	1322	264	1322	264
10308	41	27106	1355	271	1355	271
10308	42	27767	1388	278	1388	278
10308	43	28428	1421	284	1421	284
10308	44	29089	1454	291	1454	291
10308	45	29750	1488	298	1488	298
10308	46	30411	1521	304	1521	304
10308	47	31072	1554	311	1554	311
10308	48	31733	1587	317	1587	317
10308	49	32394	1620	324	1620	324
10308	50	33056	1653	331	1653	331
10308	51	33717	1686	337	1686	337
10308	52	34378	1719	344	1719	344
10308	53	35039	1752	350	1752	350
10308	54	35700	1785	357	1785	357
10308	55	36361	1818	364	1818	364
10308	56	37022	1851	370	1851	370
10308	57	37683	1884	377	1884	377
10308	58	38344	1917	383	1917	383
10308	59	39006	1950	390	1950	390
10308	60	39667	1983	397	1983	397
10308	61	40328	2016	403	2016	403
10308	62	40989	2049	410	2049	410
10308	63	41650	2083	417	2083	417
10308	64	42311	2116	423	2116	423
10308	65	42972	2149	430	2149	430
10308	66	43633	2182	436	2182	436
10308	67	44294	2215	443	2215	443
10308	68	44956	2248	450	2248	450
10308	69	45617	2281	456	2281	456
10308	70	46278	2314	463	2314	463
10308	71	46939	2347	469	2347	469
10308	72	47600	2380	476	2380	476
10308	73	48261	2413	483	2413	483
10308	74	48922	2446	489	2446	489
10308	75	49583	2479	496	2479	496
10308	76	50244	2512	502	2512	502
10308	77	50906	2545	509	2545	509
10308	78	51567	2578	516	2578	516
10308	79	52228	2611	522	2611	522
10308	80	52889	2644	529	2644	529
10308	81	53550	2678	536	2678	536
10308	82	54211	2711	542	2711	542
10308	83	54872	2744	549	2744	549
10308	84	55533	2777	555	2777	555
10308	85	56194	2810	562	2810	562
10308	86	56856	2843	569	2843	569
10308	87	57517	2876	575	2876	575
10308	88	58178	2909	582	2909	582
10308	89	58839	2942	588	2942	588
10308	90	59500	2975	595	2975	595
10308	91	60161	3008	602	3008	602
10308	92	60822	3041	608	3041	608
10308	93	61483	3074	615	3074	615
10308	94	62144	3107	621	3107	621
10308	95	62806	3140	628	3140	628
10308	96	63467	3173	635	3173	635
10308	97	64128	3206	641	3206	641
10308	98	64789	3239	648	3239	648
10308	99	65450	3273	655	3273	655
10308	100	66111	3306	661	3306	661
10309	1	661	33	7	33	7
10309	2	1322	66	13	66	13
10309	3	1983	99	20	99	20
10309	4	2644	132	26	132	26
10309	5	3306	165	33	165	33
10309	6	3967	198	40	198	40
10309	7	4628	231	46	231	46
10309	8	5289	264	53	264	53
10309	9	5950	298	60	298	60
10309	10	6611	331	66	331	66
10309	11	7272	364	73	364	73
10309	12	7933	397	79	397	79
10309	13	8594	430	86	430	86
10309	14	9256	463	93	463	93
10309	15	9917	496	99	496	99
10309	16	10578	529	106	529	106
10309	17	11239	562	112	562	112
10309	18	11900	595	119	595	119
10309	19	12561	628	126	628	126
10309	20	13222	661	132	661	132
10309	21	13883	694	139	694	139
10309	22	14544	727	145	727	145
10309	23	15206	760	152	760	152
10309	24	15867	793	159	793	159
10309	25	16528	826	165	826	165
10309	26	17189	859	172	859	172
10309	27	17850	893	179	893	179
10309	28	18511	926	185	926	185
10309	29	19172	959	192	959	192
10309	30	19833	992	198	992	198
10309	31	20494	1025	205	1025	205
10309	32	21156	1058	212	1058	212
10309	33	21817	1091	218	1091	218
10309	34	22478	1124	225	1124	225
10309	35	23139	1157	231	1157	231
10309	36	23800	1190	238	1190	238
10309	37	24461	1223	245	1223	245
10309	38	25122	1256	251	1256	251
10309	39	25783	1289	258	1289	258
10309	40	26444	1322	264	1322	264
10309	41	27106	1355	271	1355	271
10309	42	27767	1388	278	1388	278
10309	43	28428	1421	284	1421	284
10309	44	29089	1454	291	1454	291
10309	45	29750	1488	298	1488	298
10309	46	30411	1521	304	1521	304
10309	47	31072	1554	311	1554	311
10309	48	31733	1587	317	1587	317
10309	49	32394	1620	324	1620	324
10309	50	33056	1653	331	1653	331
10309	51	33717	1686	337	1686	337
10309	52	34378	1719	344	1719	344
10309	53	35039	1752	350	1752	350
10309	54	35700	1785	357	1785	357
10309	55	36361	1818	364	1818	364
10309	56	37022	1851	370	1851	370
10309	57	37683	1884	377	1884	377
10309	58	38344	1917	383	1917	383
10309	59	39006	1950	390	1950	390
10309	60	39667	1983	397	1983	397
10309	61	40328	2016	403	2016	403
10309	62	40989	2049	410	2049	410
10309	63	41650	2083	417	2083	417
10309	64	42311	2116	423	2116	423
10309	65	42972	2149	430	2149	430
10309	66	43633	2182	436	2182	436
10309	67	44294	2215	443	2215	443
10309	68	44956	2248	450	2248	450
10309	69	45617	2281	456	2281	456
10309	70	46278	2314	463	2314	463
10309	71	46939	2347	469	2347	469
10309	72	47600	2380	476	2380	476
10309	73	48261	2413	483	2413	483
10309	74	48922	2446	489	2446	489
10309	75	49583	2479	496	2479	496
10309	76	50244	2512	502	2512	502
10309	77	50906	2545	509	2545	509
10309	78	51567	2578	516	2578	516
10309	79	52228	2611	522	2611	522
10309	80	52889	2644	529	2644	529
10309	81	53550	2678	536	2678	536
10309	82	54211	2711	542	2711	542
10309	83	54872	2744	549	2744	549
10309	84	55533	2777	555	2777	555
10309	85	56194	2810	562	2810	562
10309	86	56856	2843	569	2843	569
10309	87	57517	2876	575	2876	575
10309	88	58178	2909	582	2909	582
10309	89	58839	2942	588	2942	588
10309	90	59500	2975	595	2975	595
10309	91	60161	3008	602	3008	602
10309	92	60822	3041	608	3041	608
10309	93	61483	3074	615	3074	615
10309	94	62144	3107	621	3107	621
10309	95	62806	3140	628	3140	628
10309	96	63467	3173	635	3173	635
10309	97	64128	3206	641	3206	641
10309	98	64789	3239	648	3239	648
10309	99	65450	3273	655	3273	655
10309	100	66111	3306	661	3306	661
10310	1	661	33	7	33	7
10310	2	1322	66	13	66	13
10310	3	1983	99	20	99	20
10310	4	2644	132	26	132	26
10310	5	3306	165	33	165	33
10310	6	3967	198	40	198	40
10310	7	4628	231	46	231	46
10310	8	5289	264	53	264	53
10310	9	5950	298	60	298	60
10310	10	6611	331	66	331	66
10310	11	7272	364	73	364	73
10310	12	7933	397	79	397	79
10310	13	8594	430	86	430	86
10310	14	9256	463	93	463	93
10310	15	9917	496	99	496	99
10310	16	10578	529	106	529	106
10310	17	11239	562	112	562	112
10310	18	11900	595	119	595	119
10310	19	12561	628	126	628	126
10310	20	13222	661	132	661	132
10310	21	13883	694	139	694	139
10310	22	14544	727	145	727	145
10310	23	15206	760	152	760	152
10310	24	15867	793	159	793	159
10310	25	16528	826	165	826	165
10310	26	17189	859	172	859	172
10310	27	17850	893	179	893	179
10310	28	18511	926	185	926	185
10310	29	19172	959	192	959	192
10310	30	19833	992	198	992	198
10310	31	20494	1025	205	1025	205
10310	32	21156	1058	212	1058	212
10310	33	21817	1091	218	1091	218
10310	34	22478	1124	225	1124	225
10310	35	23139	1157	231	1157	231
10310	36	23800	1190	238	1190	238
10310	37	24461	1223	245	1223	245
10310	38	25122	1256	251	1256	251
10310	39	25783	1289	258	1289	258
10310	40	26444	1322	264	1322	264
10310	41	27106	1355	271	1355	271
10310	42	27767	1388	278	1388	278
10310	43	28428	1421	284	1421	284
10310	44	29089	1454	291	1454	291
10310	45	29750	1488	298	1488	298
10310	46	30411	1521	304	1521	304
10310	47	31072	1554	311	1554	311
10310	48	31733	1587	317	1587	317
10310	49	32394	1620	324	1620	324
10310	50	33056	1653	331	1653	331
10310	51	33717	1686	337	1686	337
10310	52	34378	1719	344	1719	344
10310	53	35039	1752	350	1752	350
10310	54	35700	1785	357	1785	357
10310	55	36361	1818	364	1818	364
10310	56	37022	1851	370	1851	370
10310	57	37683	1884	377	1884	377
10310	58	38344	1917	383	1917	383
10310	59	39006	1950	390	1950	390
10310	60	39667	1983	397	1983	397
10310	61	40328	2016	403	2016	403
10310	62	40989	2049	410	2049	410
10310	63	41650	2083	417	2083	417
10310	64	42311	2116	423	2116	423
10310	65	42972	2149	430	2149	430
10310	66	43633	2182	436	2182	436
10310	67	44294	2215	443	2215	443
10310	68	44956	2248	450	2248	450
10310	69	45617	2281	456	2281	456
10310	70	46278	2314	463	2314	463
10310	71	46939	2347	469	2347	469
10310	72	47600	2380	476	2380	476
10310	73	48261	2413	483	2413	483
10310	74	48922	2446	489	2446	489
10310	75	49583	2479	496	2479	496
10310	76	50244	2512	502	2512	502
10310	77	50906	2545	509	2545	509
10310	78	51567	2578	516	2578	516
10310	79	52228	2611	522	2611	522
10310	80	52889	2644	529	2644	529
10310	81	53550	2678	536	2678	536
10310	82	54211	2711	542	2711	542
10310	83	54872	2744	549	2744	549
10310	84	55533	2777	555	2777	555
10310	85	56194	2810	562	2810	562
10310	86	56856	2843	569	2843	569
10310	87	57517	2876	575	2876	575
10310	88	58178	2909	582	2909	582
10310	89	58839	2942	588	2942	588
10310	90	59500	2975	595	2975	595
10310	91	60161	3008	602	3008	602
10310	92	60822	3041	608	3041	608
10310	93	61483	3074	615	3074	615
10310	94	62144	3107	621	3107	621
10310	95	62806	3140	628	3140	628
10310	96	63467	3173	635	3173	635
10310	97	64128	3206	641	3206	641
10310	98	64789	3239	648	3239	648
10310	99	65450	3273	655	3273	655
10310	100	66111	3306	661	3306	661
10311	1	661	33	7	33	7
10311	2	1322	66	13	66	13
10311	3	1983	99	20	99	20
10311	4	2644	132	26	132	26
10311	5	3306	165	33	165	33
10311	6	3967	198	40	198	40
10311	7	4628	231	46	231	46
10311	8	5289	264	53	264	53
10311	9	5950	298	60	298	60
10311	10	6611	331	66	331	66
10311	11	7272	364	73	364	73
10311	12	7933	397	79	397	79
10311	13	8594	430	86	430	86
10311	14	9256	463	93	463	93
10311	15	9917	496	99	496	99
10311	16	10578	529	106	529	106
10311	17	11239	562	112	562	112
10311	18	11900	595	119	595	119
10311	19	12561	628	126	628	126
10311	20	13222	661	132	661	132
10311	21	13883	694	139	694	139
10311	22	14544	727	145	727	145
10311	23	15206	760	152	760	152
10311	24	15867	793	159	793	159
10311	25	16528	826	165	826	165
10311	26	17189	859	172	859	172
10311	27	17850	893	179	893	179
10311	28	18511	926	185	926	185
10311	29	19172	959	192	959	192
10311	30	19833	992	198	992	198
10311	31	20494	1025	205	1025	205
10311	32	21156	1058	212	1058	212
10311	33	21817	1091	218	1091	218
10311	34	22478	1124	225	1124	225
10311	35	23139	1157	231	1157	231
10311	36	23800	1190	238	1190	238
10311	37	24461	1223	245	1223	245
10311	38	25122	1256	251	1256	251
10311	39	25783	1289	258	1289	258
10311	40	26444	1322	264	1322	264
10311	41	27106	1355	271	1355	271
10311	42	27767	1388	278	1388	278
10311	43	28428	1421	284	1421	284
10311	44	29089	1454	291	1454	291
10311	45	29750	1488	298	1488	298
10311	46	30411	1521	304	1521	304
10311	47	31072	1554	311	1554	311
10311	48	31733	1587	317	1587	317
10311	49	32394	1620	324	1620	324
10311	50	33056	1653	331	1653	331
10311	51	33717	1686	337	1686	337
10311	52	34378	1719	344	1719	344
10311	53	35039	1752	350	1752	350
10311	54	35700	1785	357	1785	357
10311	55	36361	1818	364	1818	364
10311	56	37022	1851	370	1851	370
10311	57	37683	1884	377	1884	377
10311	58	38344	1917	383	1917	383
10311	59	39006	1950	390	1950	390
10311	60	39667	1983	397	1983	397
10311	61	40328	2016	403	2016	403
10311	62	40989	2049	410	2049	410
10311	63	41650	2083	417	2083	417
10311	64	42311	2116	423	2116	423
10311	65	42972	2149	430	2149	430
10311	66	43633	2182	436	2182	436
10311	67	44294	2215	443	2215	443
10311	68	44956	2248	450	2248	450
10311	69	45617	2281	456	2281	456
10311	70	46278	2314	463	2314	463
10311	71	46939	2347	469	2347	469
10311	72	47600	2380	476	2380	476
10311	73	48261	2413	483	2413	483
10311	74	48922	2446	489	2446	489
10311	75	49583	2479	496	2479	496
10311	76	50244	2512	502	2512	502
10311	77	50906	2545	509	2545	509
10311	78	51567	2578	516	2578	516
10311	79	52228	2611	522	2611	522
10311	80	52889	2644	529	2644	529
10311	81	53550	2678	536	2678	536
10311	82	54211	2711	542	2711	542
10311	83	54872	2744	549	2744	549
10311	84	55533	2777	555	2777	555
10311	85	56194	2810	562	2810	562
10311	86	56856	2843	569	2843	569
10311	87	57517	2876	575	2876	575
10311	88	58178	2909	582	2909	582
10311	89	58839	2942	588	2942	588
10311	90	59500	2975	595	2975	595
10311	91	60161	3008	602	3008	602
10311	92	60822	3041	608	3041	608
10311	93	61483	3074	615	3074	615
10311	94	62144	3107	621	3107	621
10311	95	62806	3140	628	3140	628
10311	96	63467	3173	635	3173	635
10311	97	64128	3206	641	3206	641
10311	98	64789	3239	648	3239	648
10311	99	65450	3273	655	3273	655
10311	100	66111	3306	661	3306	661
10312	1	661	33	7	33	7
10312	2	1322	66	13	66	13
10312	3	1983	99	20	99	20
10312	4	2644	132	26	132	26
10312	5	3306	165	33	165	33
10312	6	3967	198	40	198	40
10312	7	4628	231	46	231	46
10312	8	5289	264	53	264	53
10312	9	5950	298	60	298	60
10312	10	6611	331	66	331	66
10312	11	7272	364	73	364	73
10312	12	7933	397	79	397	79
10312	13	8594	430	86	430	86
10312	14	9256	463	93	463	93
10312	15	9917	496	99	496	99
10312	16	10578	529	106	529	106
10312	17	11239	562	112	562	112
10312	18	11900	595	119	595	119
10312	19	12561	628	126	628	126
10312	20	13222	661	132	661	132
10312	21	13883	694	139	694	139
10312	22	14544	727	145	727	145
10312	23	15206	760	152	760	152
10312	24	15867	793	159	793	159
10312	25	16528	826	165	826	165
10312	26	17189	859	172	859	172
10312	27	17850	893	179	893	179
10312	28	18511	926	185	926	185
10312	29	19172	959	192	959	192
10312	30	19833	992	198	992	198
10312	31	20494	1025	205	1025	205
10312	32	21156	1058	212	1058	212
10312	33	21817	1091	218	1091	218
10312	34	22478	1124	225	1124	225
10312	35	23139	1157	231	1157	231
10312	36	23800	1190	238	1190	238
10312	37	24461	1223	245	1223	245
10312	38	25122	1256	251	1256	251
10312	39	25783	1289	258	1289	258
10312	40	26444	1322	264	1322	264
10312	41	27106	1355	271	1355	271
10312	42	27767	1388	278	1388	278
10312	43	28428	1421	284	1421	284
10312	44	29089	1454	291	1454	291
10312	45	29750	1488	298	1488	298
10312	46	30411	1521	304	1521	304
10312	47	31072	1554	311	1554	311
10312	48	31733	1587	317	1587	317
10312	49	32394	1620	324	1620	324
10312	50	33056	1653	331	1653	331
10312	51	33717	1686	337	1686	337
10312	52	34378	1719	344	1719	344
10312	53	35039	1752	350	1752	350
10312	54	35700	1785	357	1785	357
10312	55	36361	1818	364	1818	364
10312	56	37022	1851	370	1851	370
10312	57	37683	1884	377	1884	377
10312	58	38344	1917	383	1917	383
10312	59	39006	1950	390	1950	390
10312	60	39667	1983	397	1983	397
10312	61	40328	2016	403	2016	403
10312	62	40989	2049	410	2049	410
10312	63	41650	2083	417	2083	417
10312	64	42311	2116	423	2116	423
10312	65	42972	2149	430	2149	430
10312	66	43633	2182	436	2182	436
10312	67	44294	2215	443	2215	443
10312	68	44956	2248	450	2248	450
10312	69	45617	2281	456	2281	456
10312	70	46278	2314	463	2314	463
10312	71	46939	2347	469	2347	469
10312	72	47600	2380	476	2380	476
10312	73	48261	2413	483	2413	483
10312	74	48922	2446	489	2446	489
10312	75	49583	2479	496	2479	496
10312	76	50244	2512	502	2512	502
10312	77	50906	2545	509	2545	509
10312	78	51567	2578	516	2578	516
10312	79	52228	2611	522	2611	522
10312	80	52889	2644	529	2644	529
10312	81	53550	2678	536	2678	536
10312	82	54211	2711	542	2711	542
10312	83	54872	2744	549	2744	549
10312	84	55533	2777	555	2777	555
10312	85	56194	2810	562	2810	562
10312	86	56856	2843	569	2843	569
10312	87	57517	2876	575	2876	575
10312	88	58178	2909	582	2909	582
10312	89	58839	2942	588	2942	588
10312	90	59500	2975	595	2975	595
10312	91	60161	3008	602	3008	602
10312	92	60822	3041	608	3041	608
10312	93	61483	3074	615	3074	615
10312	94	62144	3107	621	3107	621
10312	95	62806	3140	628	3140	628
10312	96	63467	3173	635	3173	635
10312	97	64128	3206	641	3206	641
10312	98	64789	3239	648	3239	648
10312	99	65450	3273	655	3273	655
10312	100	66111	3306	661	3306	661
10313	1	661	8	9	8	11
10313	2	1322	17	16	17	20
10313	3	1983	25	25	25	30
10313	4	2644	33	33	33	39
10313	5	3306	41	41	41	50
10313	6	3967	50	50	50	60
10313	7	4628	58	58	58	69
10313	8	5289	66	66	66	80
10313	9	5950	75	75	75	90
10313	10	6611	83	83	83	99
10313	11	7272	91	91	91	110
10313	12	7933	99	99	99	119
10313	13	8594	108	108	108	129
10313	14	9256	116	116	116	140
10313	15	9917	124	124	124	149
10313	16	10578	132	133	132	159
10313	17	11239	141	140	141	168
10313	18	11900	149	149	149	179
10313	19	12561	157	158	157	189
10313	20	13222	165	165	165	198
10313	21	13883	174	174	174	209
10313	22	14544	182	181	182	218
10313	23	15206	190	190	190	228
10313	24	15867	198	199	198	239
10313	25	16528	207	206	207	248
10313	26	17189	215	215	215	258
10313	27	17850	223	224	223	269
10313	28	18511	232	231	232	278
10313	29	19172	240	240	240	288
10313	30	19833	248	248	248	297
10313	31	20494	256	256	256	308
10313	32	21156	265	265	265	318
10313	33	21817	273	273	273	327
10313	34	22478	281	281	281	338
10313	35	23139	289	289	289	347
10313	36	23800	298	298	298	357
10313	37	24461	306	306	306	368
10313	38	25122	314	314	314	377
10313	39	25783	322	323	322	387
10313	40	26444	331	330	331	396
10313	41	27106	339	339	339	407
10313	42	27767	347	348	347	417
10313	43	28428	355	355	355	426
10313	44	29089	364	364	364	437
10313	45	29750	372	373	372	447
10313	46	30411	380	380	380	456
10313	47	31072	389	389	389	467
10313	48	31733	397	396	397	476
10313	49	32394	405	405	405	486
10313	50	33056	413	414	413	497
10313	51	33717	422	421	422	506
10313	52	34378	430	430	430	516
10313	53	35039	438	438	438	525
10313	54	35700	446	446	446	536
10313	55	36361	455	455	455	546
10313	56	37022	463	463	463	555
10313	57	37683	471	471	471	566
10313	58	38344	479	479	479	575
10313	59	39006	488	488	488	585
10313	60	39667	496	496	496	596
10313	61	40328	504	504	504	605
10313	62	40989	512	513	512	615
10313	63	41650	521	521	521	626
10313	64	42311	529	529	529	635
10313	65	42972	537	538	537	645
10313	66	43633	546	545	546	654
10313	67	44294	554	554	554	665
10313	68	44956	562	563	562	675
10313	69	45617	570	570	570	684
10313	70	46278	579	579	579	695
10313	71	46939	587	586	587	704
10313	72	47600	595	595	595	714
10313	73	48261	603	604	603	725
10313	74	48922	612	611	612	734
10313	75	49583	620	620	620	744
10313	76	50244	628	628	628	753
10313	77	50906	636	636	636	764
10313	78	51567	645	645	645	774
10313	79	52228	653	653	653	783
10313	80	52889	661	661	661	794
10313	81	53550	670	670	670	804
10313	82	54211	678	678	678	813
10313	83	54872	686	686	686	824
10313	84	55533	694	694	694	833
10313	85	56194	703	703	703	843
10313	86	56856	711	711	711	854
10313	87	57517	719	719	719	863
10313	88	58178	727	728	727	873
10313	89	58839	736	735	736	882
10313	90	59500	744	744	744	893
10313	91	60161	3008	602	3008	602
10313	92	60822	3041	608	3041	608
10313	93	61483	3074	615	3074	615
10313	94	62144	3107	621	3107	621
10313	95	62806	3140	628	3140	628
10313	96	63467	3173	635	3173	635
10313	97	64128	3206	641	3206	641
10313	98	64789	3239	648	3239	648
10313	99	65450	3273	655	3273	655
10313	100	66111	3306	661	3306	661
10314	1	661	8	9	8	11
10314	2	1322	17	16	17	20
10314	3	1983	25	25	25	30
10314	4	2644	33	33	33	39
10314	5	3306	41	41	41	50
10314	6	3967	50	50	50	60
10314	7	4628	58	58	58	69
10314	8	5289	66	66	66	80
10314	9	5950	75	75	75	90
10314	10	6611	83	83	83	99
10314	11	7272	91	91	91	110
10314	12	7933	99	99	99	119
10314	13	8594	108	108	108	129
10314	14	9256	116	116	116	140
10314	15	9917	124	124	124	149
10314	16	10578	132	133	132	159
10314	17	11239	141	140	141	168
10314	18	11900	149	149	149	179
10314	19	12561	157	158	157	189
10314	20	13222	165	165	165	198
10314	21	13883	174	174	174	209
10314	22	14544	182	181	182	218
10314	23	15206	190	190	190	228
10314	24	15867	198	199	198	239
10314	25	16528	207	206	207	248
10314	26	17189	215	215	215	258
10314	27	17850	223	224	223	269
10314	28	18511	232	231	232	278
10314	29	19172	240	240	240	288
10314	30	19833	248	248	248	297
10314	31	20494	256	256	256	308
10314	32	21156	265	265	265	318
10314	33	21817	273	273	273	327
10314	34	22478	281	281	281	338
10314	35	23139	289	289	289	347
10314	36	23800	298	298	298	357
10314	37	24461	306	306	306	368
10314	38	25122	314	314	314	377
10314	39	25783	322	323	322	387
10314	40	26444	331	330	331	396
10314	41	27106	339	339	339	407
10314	42	27767	347	348	347	417
10314	43	28428	355	355	355	426
10314	44	29089	364	364	364	437
10314	45	29750	372	373	372	447
10314	46	30411	380	380	380	456
10314	47	31072	389	389	389	467
10314	48	31733	397	396	397	476
10314	49	32394	405	405	405	486
10314	50	33056	413	414	413	497
10314	51	33717	422	421	422	506
10314	52	34378	430	430	430	516
10314	53	35039	438	438	438	525
10314	54	35700	446	446	446	536
10314	55	36361	455	455	455	546
10314	56	37022	463	463	463	555
10314	57	37683	471	471	471	566
10314	58	38344	479	479	479	575
10314	59	39006	488	488	488	585
10314	60	39667	496	496	496	596
10314	61	40328	504	504	504	605
10314	62	40989	512	513	512	615
10314	63	41650	521	521	521	626
10314	64	42311	529	529	529	635
10314	65	42972	537	538	537	645
10314	66	43633	546	545	546	654
10314	67	44294	554	554	554	665
10314	68	44956	562	563	562	675
10314	69	45617	570	570	570	684
10314	70	46278	579	579	579	695
10314	71	46939	587	586	587	704
10314	72	47600	595	595	595	714
10314	73	48261	603	604	603	725
10314	74	48922	612	611	612	734
10314	75	49583	620	620	620	744
10314	76	50244	628	628	628	753
10314	77	50906	636	636	636	764
10314	78	51567	645	645	645	774
10314	79	52228	653	653	653	783
10314	80	52889	661	661	661	794
10314	81	53550	670	670	670	804
10314	82	54211	678	678	678	813
10314	83	54872	686	686	686	824
10314	84	55533	694	694	694	833
10314	85	56194	703	703	703	843
10314	86	56856	711	711	711	854
10314	87	57517	719	719	719	863
10314	88	58178	727	728	727	873
10314	89	58839	736	735	736	882
10314	90	59500	744	744	744	893
10314	91	60161	3008	602	3008	602
10314	92	60822	3041	608	3041	608
10314	93	61483	3074	615	3074	615
10314	94	62144	3107	621	3107	621
10314	95	62806	3140	628	3140	628
10314	96	63467	3173	635	3173	635
10314	97	64128	3206	641	3206	641
10314	98	64789	3239	648	3239	648
10314	99	65450	3273	655	3273	655
10314	100	66111	3306	661	3306	661
10315	1	661	8	9	8	11
10315	2	1322	17	16	17	20
10315	3	1983	25	25	25	30
10315	4	2644	33	33	33	39
10315	5	3306	41	41	41	50
10315	6	3967	50	50	50	60
10315	7	4628	58	58	58	69
10315	8	5289	66	66	66	80
10315	9	5950	75	75	75	90
10315	10	6611	83	83	83	99
10315	11	7272	91	91	91	110
10315	12	7933	99	99	99	119
10315	13	8594	108	108	108	129
10315	14	9256	116	116	116	140
10315	15	9917	124	124	124	149
10315	16	10578	132	133	132	159
10315	17	11239	141	140	141	168
10315	18	11900	149	149	149	179
10315	19	12561	157	158	157	189
10315	20	13222	165	165	165	198
10315	21	13883	174	174	174	209
10315	22	14544	182	181	182	218
10315	23	15206	190	190	190	228
10315	24	15867	198	199	198	239
10315	25	16528	207	206	207	248
10315	26	17189	215	215	215	258
10315	27	17850	223	224	223	269
10315	28	18511	232	231	232	278
10315	29	19172	240	240	240	288
10315	30	19833	248	248	248	297
10315	31	20494	256	256	256	308
10315	32	21156	265	265	265	318
10315	33	21817	273	273	273	327
10315	34	22478	281	281	281	338
10315	35	23139	289	289	289	347
10315	36	23800	298	298	298	357
10315	37	24461	306	306	306	368
10315	38	25122	314	314	314	377
10315	39	25783	322	323	322	387
10315	40	26444	331	330	331	396
10315	41	27106	339	339	339	407
10315	42	27767	347	348	347	417
10315	43	28428	355	355	355	426
10315	44	29089	364	364	364	437
10315	45	29750	372	373	372	447
10315	46	30411	380	380	380	456
10315	47	31072	389	389	389	467
10315	48	31733	397	396	397	476
10315	49	32394	405	405	405	486
10315	50	33056	413	414	413	497
10315	51	33717	422	421	422	506
10315	52	34378	430	430	430	516
10315	53	35039	438	438	438	525
10315	54	35700	446	446	446	536
10315	55	36361	455	455	455	546
10315	56	37022	463	463	463	555
10315	57	37683	471	471	471	566
10315	58	38344	479	479	479	575
10315	59	39006	488	488	488	585
10315	60	39667	496	496	496	596
10315	61	40328	504	504	504	605
10315	62	40989	512	513	512	615
10315	63	41650	521	521	521	626
10315	64	42311	529	529	529	635
10315	65	42972	537	538	537	645
10315	66	43633	546	545	546	654
10315	67	44294	554	554	554	665
10315	68	44956	562	563	562	675
10315	69	45617	570	570	570	684
10315	70	46278	579	579	579	695
10315	71	46939	587	586	587	704
10315	72	47600	595	595	595	714
10315	73	48261	603	604	603	725
10315	74	48922	612	611	612	734
10315	75	49583	620	620	620	744
10315	76	50244	628	628	628	753
10315	77	50906	636	636	636	764
10315	78	51567	645	645	645	774
10315	79	52228	653	653	653	783
10315	80	52889	661	661	661	794
10315	81	53550	670	670	670	804
10315	82	54211	678	678	678	813
10315	83	54872	686	686	686	824
10315	84	55533	694	694	694	833
10315	85	56194	703	703	703	843
10315	86	56856	711	711	711	854
10315	87	57517	719	719	719	863
10315	88	58178	727	728	727	873
10315	89	58839	736	735	736	882
10315	90	59500	744	744	744	893
10315	91	60161	3008	602	3008	602
10315	92	60822	3041	608	3041	608
10315	93	61483	3074	615	3074	615
10315	94	62144	3107	621	3107	621
10315	95	62806	3140	628	3140	628
10315	96	63467	3173	635	3173	635
10315	97	64128	3206	641	3206	641
10315	98	64789	3239	648	3239	648
10315	99	65450	3273	655	3273	655
10315	100	66111	3306	661	3306	661
10316	1	661	8	9	8	11
10316	2	1322	17	16	17	20
10316	3	1983	25	25	25	30
10316	4	2644	33	33	33	39
10316	5	3306	41	41	41	50
10316	6	3967	50	50	50	60
10316	7	4628	58	58	58	69
10316	8	5289	66	66	66	80
10316	9	5950	75	75	75	90
10316	10	6611	83	83	83	99
10316	11	7272	91	91	91	110
10316	12	7933	99	99	99	119
10316	13	8594	108	108	108	129
10316	14	9256	116	116	116	140
10316	15	9917	124	124	124	149
10316	16	10578	132	133	132	159
10316	17	11239	141	140	141	168
10316	18	11900	149	149	149	179
10316	19	12561	157	158	157	189
10316	20	13222	165	165	165	198
10316	21	13883	174	174	174	209
10316	22	14544	182	181	182	218
10316	23	15206	190	190	190	228
10316	24	15867	198	199	198	239
10316	25	16528	207	206	207	248
10316	26	17189	215	215	215	258
10316	27	17850	223	224	223	269
10316	28	18511	232	231	232	278
10316	29	19172	240	240	240	288
10316	30	19833	248	248	248	297
10316	31	20494	256	256	256	308
10316	32	21156	265	265	265	318
10316	33	21817	273	273	273	327
10316	34	22478	281	281	281	338
10316	35	23139	289	289	289	347
10316	36	23800	298	298	298	357
10316	37	24461	306	306	306	368
10316	38	25122	314	314	314	377
10316	39	25783	322	323	322	387
10316	40	26444	331	330	331	396
10316	41	27106	339	339	339	407
10316	42	27767	347	348	347	417
10316	43	28428	355	355	355	426
10316	44	29089	364	364	364	437
10316	45	29750	372	373	372	447
10316	46	30411	380	380	380	456
10316	47	31072	389	389	389	467
10316	48	31733	397	396	397	476
10316	49	32394	405	405	405	486
10316	50	33056	413	414	413	497
10316	51	33717	422	421	422	506
10316	52	34378	430	430	430	516
10316	53	35039	438	438	438	525
10316	54	35700	446	446	446	536
10316	55	36361	455	455	455	546
10316	56	37022	463	463	463	555
10316	57	37683	471	471	471	566
10316	58	38344	479	479	479	575
10316	59	39006	488	488	488	585
10316	60	39667	496	496	496	596
10316	61	40328	504	504	504	605
10316	62	40989	512	513	512	615
10316	63	41650	521	521	521	626
10316	64	42311	529	529	529	635
10316	65	42972	537	538	537	645
10316	66	43633	546	545	546	654
10316	67	44294	554	554	554	665
10316	68	44956	562	563	562	675
10316	69	45617	570	570	570	684
10316	70	46278	579	579	579	695
10316	71	46939	587	586	587	704
10316	72	47600	595	595	595	714
10316	73	48261	603	604	603	725
10316	74	48922	612	611	612	734
10316	75	49583	620	620	620	744
10316	76	50244	628	628	628	753
10316	77	50906	636	636	636	764
10316	78	51567	645	645	645	774
10316	79	52228	653	653	653	783
10316	80	52889	661	661	661	794
10316	81	53550	670	670	670	804
10316	82	54211	678	678	678	813
10316	83	54872	686	686	686	824
10316	84	55533	694	694	694	833
10316	85	56194	703	703	703	843
10316	86	56856	711	711	711	854
10316	87	57517	719	719	719	863
10316	88	58178	727	728	727	873
10316	89	58839	736	735	736	882
10316	90	59500	744	744	744	893
10316	91	60161	3008	602	3008	602
10316	92	60822	3041	608	3041	608
10316	93	61483	3074	615	3074	615
10316	94	62144	3107	621	3107	621
10316	95	62806	3140	628	3140	628
10316	96	63467	3173	635	3173	635
10316	97	64128	3206	641	3206	641
10316	98	64789	3239	648	3239	648
10316	99	65450	3273	655	3273	655
10316	100	66111	3306	661	3306	661
10317	1	661	8	9	8	11
10317	2	1322	17	16	17	20
10317	3	1983	25	25	25	30
10317	4	2644	33	33	33	39
10317	5	3306	41	41	41	50
10317	6	3967	50	50	50	60
10317	7	4628	58	58	58	69
10317	8	5289	66	66	66	80
10317	9	5950	75	75	75	90
10317	10	6611	83	83	83	99
10317	11	7272	91	91	91	110
10317	12	7933	99	99	99	119
10317	13	8594	108	108	108	129
10317	14	9256	116	116	116	140
10317	15	9917	124	124	124	149
10317	16	10578	132	133	132	159
10317	17	11239	141	140	141	168
10317	18	11900	149	149	149	179
10317	19	12561	157	158	157	189
10317	20	13222	165	165	165	198
10317	21	13883	174	174	174	209
10317	22	14544	182	181	182	218
10317	23	15206	190	190	190	228
10317	24	15867	198	199	198	239
10317	25	16528	207	206	207	248
10317	26	17189	215	215	215	258
10317	27	17850	223	224	223	269
10317	28	18511	232	231	232	278
10317	29	19172	240	240	240	288
10317	30	19833	248	248	248	297
10317	31	20494	256	256	256	308
10317	32	21156	265	265	265	318
10317	33	21817	273	273	273	327
10317	34	22478	281	281	281	338
10317	35	23139	289	289	289	347
10317	36	23800	298	298	298	357
10317	37	24461	306	306	306	368
10317	38	25122	314	314	314	377
10317	39	25783	322	323	322	387
10317	40	26444	331	330	331	396
10317	41	27106	339	339	339	407
10317	42	27767	347	348	347	417
10317	43	28428	355	355	355	426
10317	44	29089	364	364	364	437
10317	45	29750	372	373	372	447
10317	46	30411	380	380	380	456
10317	47	31072	389	389	389	467
10317	48	31733	397	396	397	476
10317	49	32394	405	405	405	486
10317	50	33056	413	414	413	497
10317	51	33717	422	421	422	506
10317	52	34378	430	430	430	516
10317	53	35039	438	438	438	525
10317	54	35700	446	446	446	536
10317	55	36361	455	455	455	546
10317	56	37022	463	463	463	555
10317	57	37683	471	471	471	566
10317	58	38344	479	479	479	575
10317	59	39006	488	488	488	585
10317	60	39667	496	496	496	596
10317	61	40328	504	504	504	605
10317	62	40989	512	513	512	615
10317	63	41650	521	521	521	626
10317	64	42311	529	529	529	635
10317	65	42972	537	538	537	645
10317	66	43633	546	545	546	654
10317	67	44294	554	554	554	665
10317	68	44956	562	563	562	675
10317	69	45617	570	570	570	684
10317	70	46278	579	579	579	695
10317	71	46939	587	586	587	704
10317	72	47600	595	595	595	714
10317	73	48261	603	604	603	725
10317	74	48922	612	611	612	734
10317	75	49583	620	620	620	744
10317	76	50244	628	628	628	753
10317	77	50906	636	636	636	764
10317	78	51567	645	645	645	774
10317	79	52228	653	653	653	783
10317	80	52889	661	661	661	794
10317	81	53550	670	670	670	804
10317	82	54211	678	678	678	813
10317	83	54872	686	686	686	824
10317	84	55533	694	694	694	833
10317	85	56194	703	703	703	843
10317	86	56856	711	711	711	854
10317	87	57517	719	719	719	863
10317	88	58178	727	728	727	873
10317	89	58839	736	735	736	882
10317	90	59500	744	744	744	893
10317	91	60161	3008	602	3008	602
10317	92	60822	3041	608	3041	608
10317	93	61483	3074	615	3074	615
10317	94	62144	3107	621	3107	621
10317	95	62806	3140	628	3140	628
10317	96	63467	3173	635	3173	635
10317	97	64128	3206	641	3206	641
10317	98	64789	3239	648	3239	648
10317	99	65450	3273	655	3273	655
10317	100	66111	3306	661	3306	661
10318	1	331	50	7	50	7
10318	2	661	99	13	99	13
10318	3	992	149	20	149	20
10318	4	1322	198	26	198	26
10318	5	1653	248	33	248	33
10318	6	1984	297	40	297	40
10318	7	2314	347	46	347	46
10318	8	2645	396	53	396	53
10318	9	2975	447	60	447	60
10318	10	3306	497	66	497	66
10318	11	3636	546	73	546	73
10318	12	3967	596	79	596	79
10318	13	4297	645	86	645	86
10318	14	4628	695	93	695	93
10318	15	4959	744	99	744	99
10318	16	5289	794	106	794	106
10318	17	5620	843	112	843	112
10318	18	5950	893	119	893	119
10318	19	6281	942	126	942	126
10318	20	6611	992	132	992	132
10318	21	6942	1041	139	1041	139
10318	22	7272	1091	145	1091	145
10318	23	7603	1140	152	1140	152
10318	24	7934	1190	159	1190	159
10318	25	8264	1239	165	1239	165
10318	26	8595	1289	172	1289	172
10318	27	8925	1340	179	1340	179
10318	28	9256	1389	185	1389	185
10318	29	9586	1439	192	1439	192
10318	30	9917	1488	198	1488	198
10318	31	10247	1538	205	1538	205
10318	32	10578	1587	212	1587	212
10318	33	10909	1637	218	1637	218
10318	34	11239	1686	225	1686	225
10318	35	11570	1736	231	1736	231
10318	36	11900	1785	238	1785	238
10318	37	12231	1835	245	1835	245
10318	38	12561	1884	251	1884	251
10318	39	12892	1934	258	1934	258
10318	40	13222	1983	264	1983	264
10318	41	13553	2033	271	2033	271
10318	42	13884	2082	278	2082	278
10318	43	14214	2132	284	2132	284
10318	44	14545	2181	291	2181	291
10318	45	14875	2232	298	2232	298
10318	46	15206	2282	304	2282	304
10318	47	15536	2331	311	2331	311
10318	48	15867	2381	317	2381	317
10318	49	16197	2430	324	2430	324
10318	50	16528	2480	331	2480	331
10318	51	16859	2529	337	2529	337
10318	52	17189	2579	344	2579	344
10318	53	17520	2628	350	2628	350
10318	54	17850	2678	357	2678	357
10318	55	18181	2727	364	2727	364
10318	56	18511	2777	370	2777	370
10318	57	18842	2826	377	2826	377
10318	58	19172	2876	383	2876	383
10318	59	19503	2925	390	2925	390
10318	60	19834	2975	397	2975	397
10318	61	20164	3024	403	3024	403
10318	62	20495	3074	410	3074	410
10318	63	20825	3125	417	3125	417
10318	64	21156	3174	423	3174	423
10318	65	21486	3224	430	3224	430
10318	66	21817	3273	436	3273	436
10318	67	22147	3323	443	3323	443
10318	68	22478	3372	450	3372	450
10318	69	22809	3422	456	3422	456
10318	70	23139	3471	463	3471	463
10318	71	23470	3521	469	3521	469
10318	72	23800	3570	476	3570	476
10318	73	24131	3620	483	3620	483
10318	74	24461	3669	489	3669	489
10318	75	24792	3719	496	3719	496
10318	76	25122	3768	502	3768	502
10318	77	25453	3818	509	3818	509
10318	78	25784	3867	516	3867	516
10318	79	26114	3917	522	3917	522
10318	80	26445	3966	529	3966	529
10318	81	26775	4017	536	4017	536
10318	82	27106	4067	542	4067	542
10318	83	27436	4116	549	4116	549
10318	84	27767	4166	555	4166	555
10318	85	28097	4215	562	4215	562
10318	86	28428	4265	569	4265	569
10318	87	28759	4314	575	4314	575
10318	88	29089	4364	582	4364	582
10318	89	29420	4413	588	4413	588
10318	90	29750	4463	595	4463	595
10318	91	30081	4512	602	4512	602
10318	92	30411	4562	608	4562	608
10318	93	30742	4611	615	4611	615
10318	94	31072	4661	621	4661	621
10318	95	31403	4710	628	4710	628
10318	96	31734	4760	635	4760	635
10318	97	32064	4809	641	4809	641
10318	98	32395	4859	648	4859	648
10318	99	32725	4910	655	4910	655
10318	100	33056	4959	661	4959	661
10319	1	331	50	7	50	7
10319	2	661	99	13	99	13
10319	3	992	149	20	149	20
10319	4	1322	198	26	198	26
10319	5	1653	248	33	248	33
10319	6	1984	297	40	297	40
10319	7	2314	347	46	347	46
10319	8	2645	396	53	396	53
10319	9	2975	447	60	447	60
10319	10	3306	497	66	497	66
10319	11	3636	546	73	546	73
10319	12	3967	596	79	596	79
10319	13	4297	645	86	645	86
10319	14	4628	695	93	695	93
10319	15	4959	744	99	744	99
10319	16	5289	794	106	794	106
10319	17	5620	843	112	843	112
10319	18	5950	893	119	893	119
10319	19	6281	942	126	942	126
10319	20	6611	992	132	992	132
10319	21	6942	1041	139	1041	139
10319	22	7272	1091	145	1091	145
10319	23	7603	1140	152	1140	152
10319	24	7934	1190	159	1190	159
10319	25	8264	1239	165	1239	165
10319	26	8595	1289	172	1289	172
10319	27	8925	1340	179	1340	179
10319	28	9256	1389	185	1389	185
10319	29	9586	1439	192	1439	192
10319	30	9917	1488	198	1488	198
10319	31	10247	1538	205	1538	205
10319	32	10578	1587	212	1587	212
10319	33	10909	1637	218	1637	218
10319	34	11239	1686	225	1686	225
10319	35	11570	1736	231	1736	231
10319	36	11900	1785	238	1785	238
10319	37	12231	1835	245	1835	245
10319	38	12561	1884	251	1884	251
10319	39	12892	1934	258	1934	258
10319	40	13222	1983	264	1983	264
10319	41	13553	2033	271	2033	271
10319	42	13884	2082	278	2082	278
10319	43	14214	2132	284	2132	284
10319	44	14545	2181	291	2181	291
10319	45	14875	2232	298	2232	298
10319	46	15206	2282	304	2282	304
10319	47	15536	2331	311	2331	311
10319	48	15867	2381	317	2381	317
10319	49	16197	2430	324	2430	324
10319	50	16528	2480	331	2480	331
10319	51	16859	2529	337	2529	337
10319	52	17189	2579	344	2579	344
10319	53	17520	2628	350	2628	350
10319	54	17850	2678	357	2678	357
10319	55	18181	2727	364	2727	364
10319	56	18511	2777	370	2777	370
10319	57	18842	2826	377	2826	377
10319	58	19172	2876	383	2876	383
10319	59	19503	2925	390	2925	390
10319	60	19834	2975	397	2975	397
10319	61	20164	3024	403	3024	403
10319	62	20495	3074	410	3074	410
10319	63	20825	3125	417	3125	417
10319	64	21156	3174	423	3174	423
10319	65	21486	3224	430	3224	430
10319	66	21817	3273	436	3273	436
10319	67	22147	3323	443	3323	443
10319	68	22478	3372	450	3372	450
10319	69	22809	3422	456	3422	456
10319	70	23139	3471	463	3471	463
10319	71	23470	3521	469	3521	469
10319	72	23800	3570	476	3570	476
10319	73	24131	3620	483	3620	483
10319	74	24461	3669	489	3669	489
10319	75	24792	3719	496	3719	496
10319	76	25122	3768	502	3768	502
10319	77	25453	3818	509	3818	509
10319	78	25784	3867	516	3867	516
10319	79	26114	3917	522	3917	522
10319	80	26445	3966	529	3966	529
10319	81	26775	4017	536	4017	536
10319	82	27106	4067	542	4067	542
10319	83	27436	4116	549	4116	549
10319	84	27767	4166	555	4166	555
10319	85	28097	4215	562	4215	562
10319	86	28428	4265	569	4265	569
10319	87	28759	4314	575	4314	575
10319	88	29089	4364	582	4364	582
10319	89	29420	4413	588	4413	588
10319	90	29750	4463	595	4463	595
10319	91	30081	4512	602	4512	602
10319	92	30411	4562	608	4562	608
10319	93	30742	4611	615	4611	615
10319	94	31072	4661	621	4661	621
10319	95	31403	4710	628	4710	628
10319	96	31734	4760	635	4760	635
10319	97	32064	4809	641	4809	641
10319	98	32395	4859	648	4859	648
10319	99	32725	4910	655	4910	655
10319	100	33056	4959	661	4959	661
10320	1	331	50	7	50	7
10320	2	661	99	13	99	13
10320	3	992	149	20	149	20
10320	4	1322	198	26	198	26
10320	5	1653	248	33	248	33
10320	6	1984	297	40	297	40
10320	7	2314	347	46	347	46
10320	8	2645	396	53	396	53
10320	9	2975	447	60	447	60
10320	10	3306	497	66	497	66
10320	11	3636	546	73	546	73
10320	12	3967	596	79	596	79
10320	13	4297	645	86	645	86
10320	14	4628	695	93	695	93
10320	15	4959	744	99	744	99
10320	16	5289	794	106	794	106
10320	17	5620	843	112	843	112
10320	18	5950	893	119	893	119
10320	19	6281	942	126	942	126
10320	20	6611	992	132	992	132
10320	21	6942	1041	139	1041	139
10320	22	7272	1091	145	1091	145
10320	23	7603	1140	152	1140	152
10320	24	7934	1190	159	1190	159
10320	25	8264	1239	165	1239	165
10320	26	8595	1289	172	1289	172
10320	27	8925	1340	179	1340	179
10320	28	9256	1389	185	1389	185
10320	29	9586	1439	192	1439	192
10320	30	9917	1488	198	1488	198
10320	31	10247	1538	205	1538	205
10320	32	10578	1587	212	1587	212
10320	33	10909	1637	218	1637	218
10320	34	11239	1686	225	1686	225
10320	35	11570	1736	231	1736	231
10320	36	11900	1785	238	1785	238
10320	37	12231	1835	245	1835	245
10320	38	12561	1884	251	1884	251
10320	39	12892	1934	258	1934	258
10320	40	13222	1983	264	1983	264
10320	41	13553	2033	271	2033	271
10320	42	13884	2082	278	2082	278
10320	43	14214	2132	284	2132	284
10320	44	14545	2181	291	2181	291
10320	45	14875	2232	298	2232	298
10320	46	15206	2282	304	2282	304
10320	47	15536	2331	311	2331	311
10320	48	15867	2381	317	2381	317
10320	49	16197	2430	324	2430	324
10320	50	16528	2480	331	2480	331
10320	51	16859	2529	337	2529	337
10320	52	17189	2579	344	2579	344
10320	53	17520	2628	350	2628	350
10320	54	17850	2678	357	2678	357
10320	55	18181	2727	364	2727	364
10320	56	18511	2777	370	2777	370
10320	57	18842	2826	377	2826	377
10320	58	19172	2876	383	2876	383
10320	59	19503	2925	390	2925	390
10320	60	19834	2975	397	2975	397
10320	61	20164	3024	403	3024	403
10320	62	20495	3074	410	3074	410
10320	63	20825	3125	417	3125	417
10320	64	21156	3174	423	3174	423
10320	65	21486	3224	430	3224	430
10320	66	21817	3273	436	3273	436
10320	67	22147	3323	443	3323	443
10320	68	22478	3372	450	3372	450
10320	69	22809	3422	456	3422	456
10320	70	23139	3471	463	3471	463
10320	71	23470	3521	469	3521	469
10320	72	23800	3570	476	3570	476
10320	73	24131	3620	483	3620	483
10320	74	24461	3669	489	3669	489
10320	75	24792	3719	496	3719	496
10320	76	25122	3768	502	3768	502
10320	77	25453	3818	509	3818	509
10320	78	25784	3867	516	3867	516
10320	79	26114	3917	522	3917	522
10320	80	26445	3966	529	3966	529
10320	81	26775	4017	536	4017	536
10320	82	27106	4067	542	4067	542
10320	83	27436	4116	549	4116	549
10320	84	27767	4166	555	4166	555
10320	85	28097	4215	562	4215	562
10320	86	28428	4265	569	4265	569
10320	87	28759	4314	575	4314	575
10320	88	29089	4364	582	4364	582
10320	89	29420	4413	588	4413	588
10320	90	29750	4463	595	4463	595
10320	91	30081	4512	602	4512	602
10320	92	30411	4562	608	4562	608
10320	93	30742	4611	615	4611	615
10320	94	31072	4661	621	4661	621
10320	95	31403	4710	628	4710	628
10320	96	31734	4760	635	4760	635
10320	97	32064	4809	641	4809	641
10320	98	32395	4859	648	4859	648
10320	99	32725	4910	655	4910	655
10320	100	33056	4959	661	4959	661
10321	1	331	50	7	50	7
10321	2	661	99	13	99	13
10321	3	992	149	20	149	20
10321	4	1322	198	26	198	26
10321	5	1653	248	33	248	33
10321	6	1984	297	40	297	40
10321	7	2314	347	46	347	46
10321	8	2645	396	53	396	53
10321	9	2975	447	60	447	60
10321	10	3306	497	66	497	66
10321	11	3636	546	73	546	73
10321	12	3967	596	79	596	79
10321	13	4297	645	86	645	86
10321	14	4628	695	93	695	93
10321	15	4959	744	99	744	99
10321	16	5289	794	106	794	106
10321	17	5620	843	112	843	112
10321	18	5950	893	119	893	119
10321	19	6281	942	126	942	126
10321	20	6611	992	132	992	132
10321	21	6942	1041	139	1041	139
10321	22	7272	1091	145	1091	145
10321	23	7603	1140	152	1140	152
10321	24	7934	1190	159	1190	159
10321	25	8264	1239	165	1239	165
10321	26	8595	1289	172	1289	172
10321	27	8925	1340	179	1340	179
10321	28	9256	1389	185	1389	185
10321	29	9586	1439	192	1439	192
10321	30	9917	1488	198	1488	198
10321	31	10247	1538	205	1538	205
10321	32	10578	1587	212	1587	212
10321	33	10909	1637	218	1637	218
10321	34	11239	1686	225	1686	225
10321	35	11570	1736	231	1736	231
10321	36	11900	1785	238	1785	238
10321	37	12231	1835	245	1835	245
10321	38	12561	1884	251	1884	251
10321	39	12892	1934	258	1934	258
10321	40	13222	1983	264	1983	264
10321	41	13553	2033	271	2033	271
10321	42	13884	2082	278	2082	278
10321	43	14214	2132	284	2132	284
10321	44	14545	2181	291	2181	291
10321	45	14875	2232	298	2232	298
10321	46	15206	2282	304	2282	304
10321	47	15536	2331	311	2331	311
10321	48	15867	2381	317	2381	317
10321	49	16197	2430	324	2430	324
10321	50	16528	2480	331	2480	331
10321	51	16859	2529	337	2529	337
10321	52	17189	2579	344	2579	344
10321	53	17520	2628	350	2628	350
10321	54	17850	2678	357	2678	357
10321	55	18181	2727	364	2727	364
10321	56	18511	2777	370	2777	370
10321	57	18842	2826	377	2826	377
10321	58	19172	2876	383	2876	383
10321	59	19503	2925	390	2925	390
10321	60	19834	2975	397	2975	397
10321	61	20164	3024	403	3024	403
10321	62	20495	3074	410	3074	410
10321	63	20825	3125	417	3125	417
10321	64	21156	3174	423	3174	423
10321	65	21486	3224	430	3224	430
10321	66	21817	3273	436	3273	436
10321	67	22147	3323	443	3323	443
10321	68	22478	3372	450	3372	450
10321	69	22809	3422	456	3422	456
10321	70	23139	3471	463	3471	463
10321	71	23470	3521	469	3521	469
10321	72	23800	3570	476	3570	476
10321	73	24131	3620	483	3620	483
10321	74	24461	3669	489	3669	489
10321	75	24792	3719	496	3719	496
10321	76	25122	3768	502	3768	502
10321	77	25453	3818	509	3818	509
10321	78	25784	3867	516	3867	516
10321	79	26114	3917	522	3917	522
10321	80	26445	3966	529	3966	529
10321	81	26775	4017	536	4017	536
10321	82	27106	4067	542	4067	542
10321	83	27436	4116	549	4116	549
10321	84	27767	4166	555	4166	555
10321	85	28097	4215	562	4215	562
10321	86	28428	4265	569	4265	569
10321	87	28759	4314	575	4314	575
10321	88	29089	4364	582	4364	582
10321	89	29420	4413	588	4413	588
10321	90	29750	4463	595	4463	595
10321	91	30081	4512	602	4512	602
10321	92	30411	4562	608	4562	608
10321	93	30742	4611	615	4611	615
10321	94	31072	4661	621	4661	621
10321	95	31403	4710	628	4710	628
10321	96	31734	4760	635	4760	635
10321	97	32064	4809	641	4809	641
10321	98	32395	4859	648	4859	648
10321	99	32725	4910	655	4910	655
10321	100	33056	4959	661	4959	661
10322	1	331	50	7	50	7
10322	2	661	99	13	99	13
10322	3	992	149	20	149	20
10322	4	1322	198	26	198	26
10322	5	1653	248	33	248	33
10322	6	1984	297	40	297	40
10322	7	2314	347	46	347	46
10322	8	2645	396	53	396	53
10322	9	2975	447	60	447	60
10322	10	3306	497	66	497	66
10322	11	3636	546	73	546	73
10322	12	3967	596	79	596	79
10322	13	4297	645	86	645	86
10322	14	4628	695	93	695	93
10322	15	4959	744	99	744	99
10322	16	5289	794	106	794	106
10322	17	5620	843	112	843	112
10322	18	5950	893	119	893	119
10322	19	6281	942	126	942	126
10322	20	6611	992	132	992	132
10322	21	6942	1041	139	1041	139
10322	22	7272	1091	145	1091	145
10322	23	7603	1140	152	1140	152
10322	24	7934	1190	159	1190	159
10322	25	8264	1239	165	1239	165
10322	26	8595	1289	172	1289	172
10322	27	8925	1340	179	1340	179
10322	28	9256	1389	185	1389	185
10322	29	9586	1439	192	1439	192
10322	30	9917	1488	198	1488	198
10322	31	10247	1538	205	1538	205
10322	32	10578	1587	212	1587	212
10322	33	10909	1637	218	1637	218
10322	34	11239	1686	225	1686	225
10322	35	11570	1736	231	1736	231
10322	36	11900	1785	238	1785	238
10322	37	12231	1835	245	1835	245
10322	38	12561	1884	251	1884	251
10322	39	12892	1934	258	1934	258
10322	40	13222	1983	264	1983	264
10322	41	13553	2033	271	2033	271
10322	42	13884	2082	278	2082	278
10322	43	14214	2132	284	2132	284
10322	44	14545	2181	291	2181	291
10322	45	14875	2232	298	2232	298
10322	46	15206	2282	304	2282	304
10322	47	15536	2331	311	2331	311
10322	48	15867	2381	317	2381	317
10322	49	16197	2430	324	2430	324
10322	50	16528	2480	331	2480	331
10322	51	16859	2529	337	2529	337
10322	52	17189	2579	344	2579	344
10322	53	17520	2628	350	2628	350
10322	54	17850	2678	357	2678	357
10322	55	18181	2727	364	2727	364
10322	56	18511	2777	370	2777	370
10322	57	18842	2826	377	2826	377
10322	58	19172	2876	383	2876	383
10322	59	19503	2925	390	2925	390
10322	60	19834	2975	397	2975	397
10322	61	20164	3024	403	3024	403
10322	62	20495	3074	410	3074	410
10322	63	20825	3125	417	3125	417
10322	64	21156	3174	423	3174	423
10322	65	21486	3224	430	3224	430
10322	66	21817	3273	436	3273	436
10322	67	22147	3323	443	3323	443
10322	68	22478	3372	450	3372	450
10322	69	22809	3422	456	3422	456
10322	70	23139	3471	463	3471	463
10322	71	23470	3521	469	3521	469
10322	72	23800	3570	476	3570	476
10322	73	24131	3620	483	3620	483
10322	74	24461	3669	489	3669	489
10322	75	24792	3719	496	3719	496
10322	76	25122	3768	502	3768	502
10322	77	25453	3818	509	3818	509
10322	78	25784	3867	516	3867	516
10322	79	26114	3917	522	3917	522
10322	80	26445	3966	529	3966	529
10322	81	26775	4017	536	4017	536
10322	82	27106	4067	542	4067	542
10322	83	27436	4116	549	4116	549
10322	84	27767	4166	555	4166	555
10322	85	28097	4215	562	4215	562
10322	86	28428	4265	569	4265	569
10322	87	28759	4314	575	4314	575
10322	88	29089	4364	582	4364	582
10322	89	29420	4413	588	4413	588
10322	90	29750	4463	595	4463	595
10322	91	30081	4512	602	4512	602
10322	92	30411	4562	608	4562	608
10322	93	30742	4611	615	4611	615
10322	94	31072	4661	621	4661	621
10322	95	31403	4710	628	4710	628
10322	96	31734	4760	635	4760	635
10322	97	32064	4809	641	4809	641
10322	98	32395	4859	648	4859	648
10322	99	32725	4910	655	4910	655
10322	100	33056	4959	661	4959	661
10323	1	661	17	7	17	11
10323	2	1322	33	13	33	20
10323	3	1983	50	20	50	30
10323	4	2644	66	26	66	39
10323	5	3306	83	33	83	50
10323	6	3967	99	40	99	60
10323	7	4628	116	46	116	69
10323	8	5289	132	53	132	80
10323	9	5950	149	60	149	90
10323	10	6611	166	66	166	99
10323	11	7272	182	73	182	110
10323	12	7933	199	79	199	119
10323	13	8594	215	86	215	129
10323	14	9256	232	93	232	140
10323	15	9917	248	99	248	149
10323	16	10578	265	106	265	159
10323	17	11239	281	112	281	168
10323	18	11900	298	119	298	179
10323	19	12561	314	126	314	189
10323	20	13222	331	132	331	198
10323	21	13883	347	139	347	209
10323	22	14544	364	145	364	218
10323	23	15206	380	152	380	228
10323	24	15867	397	159	397	239
10323	25	16528	413	165	413	248
10323	26	17189	430	172	430	258
10323	27	17850	447	179	447	269
10323	28	18511	463	185	463	278
10323	29	19172	480	192	480	288
10323	30	19833	496	198	496	297
10323	31	20494	513	205	513	308
10323	32	21156	529	212	529	318
10323	33	21817	546	218	546	327
10323	34	22478	562	225	562	338
10323	35	23139	579	231	579	347
10323	36	23800	595	238	595	357
10323	37	24461	612	245	612	368
10323	38	25122	628	251	628	377
10323	39	25783	645	258	645	387
10323	40	26444	661	264	661	396
10323	41	27106	678	271	678	407
10323	42	27767	694	278	694	417
10323	43	28428	711	284	711	426
10323	44	29089	727	291	727	437
10323	45	29750	744	298	744	447
10323	46	30411	761	304	761	456
10323	47	31072	777	311	777	467
10323	48	31733	794	317	794	476
10323	49	32394	810	324	810	486
10323	50	33056	827	331	827	497
10323	51	33717	843	337	843	506
10323	52	34378	860	344	860	516
10323	53	35039	876	350	876	525
10323	54	35700	893	357	893	536
10323	55	36361	909	364	909	546
10323	56	37022	926	370	926	555
10323	57	37683	942	377	942	566
10323	58	38344	959	383	959	575
10323	59	39006	975	390	975	585
10323	60	39667	992	397	992	596
10323	61	40328	1008	403	1008	605
10323	62	40989	1025	410	1025	615
10323	63	41650	1042	417	1042	626
10323	64	42311	1058	423	1058	635
10323	65	42972	1075	430	1075	645
10323	66	43633	1091	436	1091	654
10323	67	44294	1108	443	1108	665
10323	68	44956	1124	450	1124	675
10323	69	45617	1141	456	1141	684
10323	70	46278	1157	463	1157	695
10323	71	46939	1174	469	1174	704
10323	72	47600	1190	476	1190	714
10323	73	48261	1207	483	1207	725
10323	74	48922	1223	489	1223	734
10323	75	49583	1240	496	1240	744
10323	76	50244	1256	502	1256	753
10323	77	50906	1273	509	1273	764
10323	78	51567	1289	516	1289	774
10323	79	52228	1306	522	1306	783
10323	80	52889	1322	529	1322	794
10323	81	53550	1339	536	1339	804
10323	82	54211	1356	542	1356	813
10323	83	54872	1372	549	1372	824
10323	84	55533	1389	555	1389	833
10323	85	56194	1405	562	1405	843
10323	86	56856	1422	569	1422	854
10323	87	57517	1438	575	1438	863
10323	88	58178	1455	582	1455	873
10323	89	58839	1471	588	1471	882
10323	90	59500	1488	595	1488	893
10323	91	60161	1504	602	1504	903
10323	92	60822	1521	608	1521	912
10323	93	61483	1537	615	1537	923
10323	94	62144	1554	621	1554	932
10323	95	62806	1570	628	1570	942
10323	96	63467	1587	635	1587	953
10323	97	64128	1603	641	1603	962
10323	98	64789	1620	648	1620	972
10323	99	65450	1637	655	1637	983
10323	100	66111	1653	661	1653	992
10324	1	661	17	7	17	11
10324	2	1322	33	13	33	20
10324	3	1983	50	20	50	30
10324	4	2644	66	26	66	39
10324	5	3306	83	33	83	50
10324	6	3967	99	40	99	60
10324	7	4628	116	46	116	69
10324	8	5289	132	53	132	80
10324	9	5950	149	60	149	90
10324	10	6611	166	66	166	99
10324	11	7272	182	73	182	110
10324	12	7933	199	79	199	119
10324	13	8594	215	86	215	129
10324	14	9256	232	93	232	140
10324	15	9917	248	99	248	149
10324	16	10578	265	106	265	159
10324	17	11239	281	112	281	168
10324	18	11900	298	119	298	179
10324	19	12561	314	126	314	189
10324	20	13222	331	132	331	198
10324	21	13883	347	139	347	209
10324	22	14544	364	145	364	218
10324	23	15206	380	152	380	228
10324	24	15867	397	159	397	239
10324	25	16528	413	165	413	248
10324	26	17189	430	172	430	258
10324	27	17850	447	179	447	269
10324	28	18511	463	185	463	278
10324	29	19172	480	192	480	288
10324	30	19833	496	198	496	297
10324	31	20494	513	205	513	308
10324	32	21156	529	212	529	318
10324	33	21817	546	218	546	327
10324	34	22478	562	225	562	338
10324	35	23139	579	231	579	347
10324	36	23800	595	238	595	357
10324	37	24461	612	245	612	368
10324	38	25122	628	251	628	377
10324	39	25783	645	258	645	387
10324	40	26444	661	264	661	396
10324	41	27106	678	271	678	407
10324	42	27767	694	278	694	417
10324	43	28428	711	284	711	426
10324	44	29089	727	291	727	437
10324	45	29750	744	298	744	447
10324	46	30411	761	304	761	456
10324	47	31072	777	311	777	467
10324	48	31733	794	317	794	476
10324	49	32394	810	324	810	486
10324	50	33056	827	331	827	497
10324	51	33717	843	337	843	506
10324	52	34378	860	344	860	516
10324	53	35039	876	350	876	525
10324	54	35700	893	357	893	536
10324	55	36361	909	364	909	546
10324	56	37022	926	370	926	555
10324	57	37683	942	377	942	566
10324	58	38344	959	383	959	575
10324	59	39006	975	390	975	585
10324	60	39667	992	397	992	596
10324	61	40328	1008	403	1008	605
10324	62	40989	1025	410	1025	615
10324	63	41650	1042	417	1042	626
10324	64	42311	1058	423	1058	635
10324	65	42972	1075	430	1075	645
10324	66	43633	1091	436	1091	654
10324	67	44294	1108	443	1108	665
10324	68	44956	1124	450	1124	675
10324	69	45617	1141	456	1141	684
10324	70	46278	1157	463	1157	695
10324	71	46939	1174	469	1174	704
10324	72	47600	1190	476	1190	714
10324	73	48261	1207	483	1207	725
10324	74	48922	1223	489	1223	734
10324	75	49583	1240	496	1240	744
10324	76	50244	1256	502	1256	753
10324	77	50906	1273	509	1273	764
10324	78	51567	1289	516	1289	774
10324	79	52228	1306	522	1306	783
10324	80	52889	1322	529	1322	794
10324	81	53550	1339	536	1339	804
10324	82	54211	1356	542	1356	813
10324	83	54872	1372	549	1372	824
10324	84	55533	1389	555	1389	833
10324	85	56194	1405	562	1405	843
10324	86	56856	1422	569	1422	854
10324	87	57517	1438	575	1438	863
10324	88	58178	1455	582	1455	873
10324	89	58839	1471	588	1471	882
10324	90	59500	1488	595	1488	893
10324	91	60161	1504	602	1504	903
10324	92	60822	1521	608	1521	912
10324	93	61483	1537	615	1537	923
10324	94	62144	1554	621	1554	932
10324	95	62806	1570	628	1570	942
10324	96	63467	1587	635	1587	953
10324	97	64128	1603	641	1603	962
10324	98	64789	1620	648	1620	972
10324	99	65450	1637	655	1637	983
10324	100	66111	1653	661	1653	992
10325	1	661	17	7	17	11
10325	2	1322	33	13	33	20
10325	3	1983	50	20	50	30
10325	4	2644	66	26	66	39
10325	5	3306	83	33	83	50
10325	6	3967	99	40	99	60
10325	7	4628	116	46	116	69
10325	8	5289	132	53	132	80
10325	9	5950	149	60	149	90
10325	10	6611	166	66	166	99
10325	11	7272	182	73	182	110
10325	12	7933	199	79	199	119
10325	13	8594	215	86	215	129
10325	14	9256	232	93	232	140
10325	15	9917	248	99	248	149
10325	16	10578	265	106	265	159
10325	17	11239	281	112	281	168
10325	18	11900	298	119	298	179
10325	19	12561	314	126	314	189
10325	20	13222	331	132	331	198
10325	21	13883	347	139	347	209
10325	22	14544	364	145	364	218
10325	23	15206	380	152	380	228
10325	24	15867	397	159	397	239
10325	25	16528	413	165	413	248
10325	26	17189	430	172	430	258
10325	27	17850	447	179	447	269
10325	28	18511	463	185	463	278
10325	29	19172	480	192	480	288
10325	30	19833	496	198	496	297
10325	31	20494	513	205	513	308
10325	32	21156	529	212	529	318
10325	33	21817	546	218	546	327
10325	34	22478	562	225	562	338
10325	35	23139	579	231	579	347
10325	36	23800	595	238	595	357
10325	37	24461	612	245	612	368
10325	38	25122	628	251	628	377
10325	39	25783	645	258	645	387
10325	40	26444	661	264	661	396
10325	41	27106	678	271	678	407
10325	42	27767	694	278	694	417
10325	43	28428	711	284	711	426
10325	44	29089	727	291	727	437
10325	45	29750	744	298	744	447
10325	46	30411	761	304	761	456
10325	47	31072	777	311	777	467
10325	48	31733	794	317	794	476
10325	49	32394	810	324	810	486
10325	50	33056	827	331	827	497
10325	51	33717	843	337	843	506
10325	52	34378	860	344	860	516
10325	53	35039	876	350	876	525
10325	54	35700	893	357	893	536
10325	55	36361	909	364	909	546
10325	56	37022	926	370	926	555
10325	57	37683	942	377	942	566
10325	58	38344	959	383	959	575
10325	59	39006	975	390	975	585
10325	60	39667	992	397	992	596
10325	61	40328	1008	403	1008	605
10325	62	40989	1025	410	1025	615
10325	63	41650	1042	417	1042	626
10325	64	42311	1058	423	1058	635
10325	65	42972	1075	430	1075	645
10325	66	43633	1091	436	1091	654
10325	67	44294	1108	443	1108	665
10325	68	44956	1124	450	1124	675
10325	69	45617	1141	456	1141	684
10325	70	46278	1157	463	1157	695
10325	71	46939	1174	469	1174	704
10325	72	47600	1190	476	1190	714
10325	73	48261	1207	483	1207	725
10325	74	48922	1223	489	1223	734
10325	75	49583	1240	496	1240	744
10325	76	50244	1256	502	1256	753
10325	77	50906	1273	509	1273	764
10325	78	51567	1289	516	1289	774
10325	79	52228	1306	522	1306	783
10325	80	52889	1322	529	1322	794
10325	81	53550	1339	536	1339	804
10325	82	54211	1356	542	1356	813
10325	83	54872	1372	549	1372	824
10325	84	55533	1389	555	1389	833
10325	85	56194	1405	562	1405	843
10325	86	56856	1422	569	1422	854
10325	87	57517	1438	575	1438	863
10325	88	58178	1455	582	1455	873
10325	89	58839	1471	588	1471	882
10325	90	59500	1488	595	1488	893
10325	91	60161	1504	602	1504	903
10325	92	60822	1521	608	1521	912
10325	93	61483	1537	615	1537	923
10325	94	62144	1554	621	1554	932
10325	95	62806	1570	628	1570	942
10325	96	63467	1587	635	1587	953
10325	97	64128	1603	641	1603	962
10325	98	64789	1620	648	1620	972
10325	99	65450	1637	655	1637	983
10325	100	66111	1653	661	1653	992
10326	1	661	17	7	17	11
10326	2	1322	33	13	33	20
10326	3	1983	50	20	50	30
10326	4	2644	66	26	66	39
10326	5	3306	83	33	83	50
10326	6	3967	99	40	99	60
10326	7	4628	116	46	116	69
10326	8	5289	132	53	132	80
10326	9	5950	149	60	149	90
10326	10	6611	166	66	166	99
10326	11	7272	182	73	182	110
10326	12	7933	199	79	199	119
10326	13	8594	215	86	215	129
10326	14	9256	232	93	232	140
10326	15	9917	248	99	248	149
10326	16	10578	265	106	265	159
10326	17	11239	281	112	281	168
10326	18	11900	298	119	298	179
10326	19	12561	314	126	314	189
10326	20	13222	331	132	331	198
10326	21	13883	347	139	347	209
10326	22	14544	364	145	364	218
10326	23	15206	380	152	380	228
10326	24	15867	397	159	397	239
10326	25	16528	413	165	413	248
10326	26	17189	430	172	430	258
10326	27	17850	447	179	447	269
10326	28	18511	463	185	463	278
10326	29	19172	480	192	480	288
10326	30	19833	496	198	496	297
10326	31	20494	513	205	513	308
10326	32	21156	529	212	529	318
10326	33	21817	546	218	546	327
10326	34	22478	562	225	562	338
10326	35	23139	579	231	579	347
10326	36	23800	595	238	595	357
10326	37	24461	612	245	612	368
10326	38	25122	628	251	628	377
10326	39	25783	645	258	645	387
10326	40	26444	661	264	661	396
10326	41	27106	678	271	678	407
10326	42	27767	694	278	694	417
10326	43	28428	711	284	711	426
10326	44	29089	727	291	727	437
10326	45	29750	744	298	744	447
10326	46	30411	761	304	761	456
10326	47	31072	777	311	777	467
10326	48	31733	794	317	794	476
10326	49	32394	810	324	810	486
10326	50	33056	827	331	827	497
10326	51	33717	843	337	843	506
10326	52	34378	860	344	860	516
10326	53	35039	876	350	876	525
10326	54	35700	893	357	893	536
10326	55	36361	909	364	909	546
10326	56	37022	926	370	926	555
10326	57	37683	942	377	942	566
10326	58	38344	959	383	959	575
10326	59	39006	975	390	975	585
10326	60	39667	992	397	992	596
10326	61	40328	1008	403	1008	605
10326	62	40989	1025	410	1025	615
10326	63	41650	1042	417	1042	626
10326	64	42311	1058	423	1058	635
10326	65	42972	1075	430	1075	645
10326	66	43633	1091	436	1091	654
10326	67	44294	1108	443	1108	665
10326	68	44956	1124	450	1124	675
10326	69	45617	1141	456	1141	684
10326	70	46278	1157	463	1157	695
10326	71	46939	1174	469	1174	704
10326	72	47600	1190	476	1190	714
10326	73	48261	1207	483	1207	725
10326	74	48922	1223	489	1223	734
10326	75	49583	1240	496	1240	744
10326	76	50244	1256	502	1256	753
10326	77	50906	1273	509	1273	764
10326	78	51567	1289	516	1289	774
10326	79	52228	1306	522	1306	783
10326	80	52889	1322	529	1322	794
10326	81	53550	1339	536	1339	804
10326	82	54211	1356	542	1356	813
10326	83	54872	1372	549	1372	824
10326	84	55533	1389	555	1389	833
10326	85	56194	1405	562	1405	843
10326	86	56856	1422	569	1422	854
10326	87	57517	1438	575	1438	863
10326	88	58178	1455	582	1455	873
10326	89	58839	1471	588	1471	882
10326	90	59500	1488	595	1488	893
10326	91	60161	1504	602	1504	903
10326	92	60822	1521	608	1521	912
10326	93	61483	1537	615	1537	923
10326	94	62144	1554	621	1554	932
10326	95	62806	1570	628	1570	942
10326	96	63467	1587	635	1587	953
10326	97	64128	1603	641	1603	962
10326	98	64789	1620	648	1620	972
10326	99	65450	1637	655	1637	983
10326	100	66111	1653	661	1653	992
10327	1	661	17	7	17	11
10327	2	1322	33	13	33	20
10327	3	1983	50	20	50	30
10327	4	2644	66	26	66	39
10327	5	3306	83	33	83	50
10327	6	3967	99	40	99	60
10327	7	4628	116	46	116	69
10327	8	5289	132	53	132	80
10327	9	5950	149	60	149	90
10327	10	6611	166	66	166	99
10327	11	7272	182	73	182	110
10327	12	7933	199	79	199	119
10327	13	8594	215	86	215	129
10327	14	9256	232	93	232	140
10327	15	9917	248	99	248	149
10327	16	10578	265	106	265	159
10327	17	11239	281	112	281	168
10327	18	11900	298	119	298	179
10327	19	12561	314	126	314	189
10327	20	13222	331	132	331	198
10327	21	13883	347	139	347	209
10327	22	14544	364	145	364	218
10327	23	15206	380	152	380	228
10327	24	15867	397	159	397	239
10327	25	16528	413	165	413	248
10327	26	17189	430	172	430	258
10327	27	17850	447	179	447	269
10327	28	18511	463	185	463	278
10327	29	19172	480	192	480	288
10327	30	19833	496	198	496	297
10327	31	20494	513	205	513	308
10327	32	21156	529	212	529	318
10327	33	21817	546	218	546	327
10327	34	22478	562	225	562	338
10327	35	23139	579	231	579	347
10327	36	23800	595	238	595	357
10327	37	24461	612	245	612	368
10327	38	25122	628	251	628	377
10327	39	25783	645	258	645	387
10327	40	26444	661	264	661	396
10327	41	27106	678	271	678	407
10327	42	27767	694	278	694	417
10327	43	28428	711	284	711	426
10327	44	29089	727	291	727	437
10327	45	29750	744	298	744	447
10327	46	30411	761	304	761	456
10327	47	31072	777	311	777	467
10327	48	31733	794	317	794	476
10327	49	32394	810	324	810	486
10327	50	33056	827	331	827	497
10327	51	33717	843	337	843	506
10327	52	34378	860	344	860	516
10327	53	35039	876	350	876	525
10327	54	35700	893	357	893	536
10327	55	36361	909	364	909	546
10327	56	37022	926	370	926	555
10327	57	37683	942	377	942	566
10327	58	38344	959	383	959	575
10327	59	39006	975	390	975	585
10327	60	39667	992	397	992	596
10327	61	40328	1008	403	1008	605
10327	62	40989	1025	410	1025	615
10327	63	41650	1042	417	1042	626
10327	64	42311	1058	423	1058	635
10327	65	42972	1075	430	1075	645
10327	66	43633	1091	436	1091	654
10327	67	44294	1108	443	1108	665
10327	68	44956	1124	450	1124	675
10327	69	45617	1141	456	1141	684
10327	70	46278	1157	463	1157	695
10327	71	46939	1174	469	1174	704
10327	72	47600	1190	476	1190	714
10327	73	48261	1207	483	1207	725
10327	74	48922	1223	489	1223	734
10327	75	49583	1240	496	1240	744
10327	76	50244	1256	502	1256	753
10327	77	50906	1273	509	1273	764
10327	78	51567	1289	516	1289	774
10327	79	52228	1306	522	1306	783
10327	80	52889	1322	529	1322	794
10327	81	53550	1339	536	1339	804
10327	82	54211	1356	542	1356	813
10327	83	54872	1372	549	1372	824
10327	84	55533	1389	555	1389	833
10327	85	56194	1405	562	1405	843
10327	86	56856	1422	569	1422	854
10327	87	57517	1438	575	1438	863
10327	88	58178	1455	582	1455	873
10327	89	58839	1471	588	1471	882
10327	90	59500	1488	595	1488	893
10327	91	60161	1504	602	1504	903
10327	92	60822	1521	608	1521	912
10327	93	61483	1537	615	1537	923
10327	94	62144	1554	621	1554	932
10327	95	62806	1570	628	1570	942
10327	96	63467	1587	635	1587	953
10327	97	64128	1603	641	1603	962
10327	98	64789	1620	648	1620	972
10327	99	65450	1637	655	1637	983
10327	100	66111	1653	661	1653	992
10328	1	661	33	7	33	7
10328	2	1322	66	13	66	13
10328	3	1983	99	20	99	20
10328	4	2644	132	26	132	26
10328	5	3306	165	33	165	33
10328	6	3967	198	40	198	40
10328	7	4628	231	46	231	46
10328	8	5289	264	53	264	53
10328	9	5950	298	60	298	60
10328	10	6611	331	66	331	66
10328	11	7272	364	73	364	73
10328	12	7933	397	79	397	79
10328	13	8594	430	86	430	86
10328	14	9256	463	93	463	93
10328	15	9917	496	99	496	99
10328	16	10578	529	106	529	106
10328	17	11239	562	112	562	112
10328	18	11900	595	119	595	119
10328	19	12561	628	126	628	126
10328	20	13222	661	132	661	132
10328	21	13883	694	139	694	139
10328	22	14544	727	145	727	145
10328	23	15206	760	152	760	152
10328	24	15867	793	159	793	159
10328	25	16528	826	165	826	165
10328	26	17189	859	172	859	172
10328	27	17850	893	179	893	179
10328	28	18511	926	185	926	185
10328	29	19172	959	192	959	192
10328	30	19833	992	198	992	198
10328	31	20494	1025	205	1025	205
10328	32	21156	1058	212	1058	212
10328	33	21817	1091	218	1091	218
10328	34	22478	1124	225	1124	225
10328	35	23139	1157	231	1157	231
10328	36	23800	1190	238	1190	238
10328	37	24461	1223	245	1223	245
10328	38	25122	1256	251	1256	251
10328	39	25783	1289	258	1289	258
10328	40	26444	1322	264	1322	264
10328	41	27106	1355	271	1355	271
10328	42	27767	1388	278	1388	278
10328	43	28428	1421	284	1421	284
10328	44	29089	1454	291	1454	291
10328	45	29750	1488	298	1488	298
10328	46	30411	1521	304	1521	304
10328	47	31072	1554	311	1554	311
10328	48	31733	1587	317	1587	317
10328	49	32394	1620	324	1620	324
10328	50	33056	1653	331	1653	331
10328	51	33717	1686	337	1686	337
10328	52	34378	1719	344	1719	344
10328	53	35039	1752	350	1752	350
10328	54	35700	1785	357	1785	357
10328	55	36361	1818	364	1818	364
10328	56	37022	1851	370	1851	370
10328	57	37683	1884	377	1884	377
10328	58	38344	1917	383	1917	383
10328	59	39006	1950	390	1950	390
10328	60	39667	1983	397	1983	397
10328	61	40328	2016	403	2016	403
10328	62	40989	2049	410	2049	410
10328	63	41650	2083	417	2083	417
10328	64	42311	2116	423	2116	423
10328	65	42972	2149	430	2149	430
10328	66	43633	2182	436	2182	436
10328	67	44294	2215	443	2215	443
10328	68	44956	2248	450	2248	450
10328	69	45617	2281	456	2281	456
10328	70	46278	2314	463	2314	463
10328	71	46939	2347	469	2347	469
10328	72	47600	2380	476	2380	476
10328	73	48261	2413	483	2413	483
10328	74	48922	2446	489	2446	489
10328	75	49583	2479	496	2479	496
10328	76	50244	2512	502	2512	502
10328	77	50906	2545	509	2545	509
10328	78	51567	2578	516	2578	516
10328	79	52228	2611	522	2611	522
10328	80	52889	2644	529	2644	529
10328	81	53550	2678	536	2678	536
10328	82	54211	2711	542	2711	542
10328	83	54872	2744	549	2744	549
10328	84	55533	2777	555	2777	555
10328	85	56194	2810	562	2810	562
10328	86	56856	2843	569	2843	569
10328	87	57517	2876	575	2876	575
10328	88	58178	2909	582	2909	582
10328	89	58839	2942	588	2942	588
10328	90	59500	2975	595	2975	595
10328	91	60161	3008	602	3008	602
10328	92	60822	3041	608	3041	608
10328	93	61483	3074	615	3074	615
10328	94	62144	3107	621	3107	621
10328	95	62806	3140	628	3140	628
10328	96	63467	3173	635	3173	635
10328	97	64128	3206	641	3206	641
10328	98	64789	3239	648	3239	648
10328	99	65450	3273	655	3273	655
10328	100	66111	3306	661	3306	661
10329	1	661	33	7	33	7
10329	2	1322	66	13	66	13
10329	3	1983	99	20	99	20
10329	4	2644	132	26	132	26
10329	5	3306	165	33	165	33
10329	6	3967	198	40	198	40
10329	7	4628	231	46	231	46
10329	8	5289	264	53	264	53
10329	9	5950	298	60	298	60
10329	10	6611	331	66	331	66
10329	11	7272	364	73	364	73
10329	12	7933	397	79	397	79
10329	13	8594	430	86	430	86
10329	14	9256	463	93	463	93
10329	15	9917	496	99	496	99
10329	16	10578	529	106	529	106
10329	17	11239	562	112	562	112
10329	18	11900	595	119	595	119
10329	19	12561	628	126	628	126
10329	20	13222	661	132	661	132
10329	21	13883	694	139	694	139
10329	22	14544	727	145	727	145
10329	23	15206	760	152	760	152
10329	24	15867	793	159	793	159
10329	25	16528	826	165	826	165
10329	26	17189	859	172	859	172
10329	27	17850	893	179	893	179
10329	28	18511	926	185	926	185
10329	29	19172	959	192	959	192
10329	30	19833	992	198	992	198
10329	31	20494	1025	205	1025	205
10329	32	21156	1058	212	1058	212
10329	33	21817	1091	218	1091	218
10329	34	22478	1124	225	1124	225
10329	35	23139	1157	231	1157	231
10329	36	23800	1190	238	1190	238
10329	37	24461	1223	245	1223	245
10329	38	25122	1256	251	1256	251
10329	39	25783	1289	258	1289	258
10329	40	26444	1322	264	1322	264
10329	41	27106	1355	271	1355	271
10329	42	27767	1388	278	1388	278
10329	43	28428	1421	284	1421	284
10329	44	29089	1454	291	1454	291
10329	45	29750	1488	298	1488	298
10329	46	30411	1521	304	1521	304
10329	47	31072	1554	311	1554	311
10329	48	31733	1587	317	1587	317
10329	49	32394	1620	324	1620	324
10329	50	33056	1653	331	1653	331
10329	51	33717	1686	337	1686	337
10329	52	34378	1719	344	1719	344
10329	53	35039	1752	350	1752	350
10329	54	35700	1785	357	1785	357
10329	55	36361	1818	364	1818	364
10329	56	37022	1851	370	1851	370
10329	57	37683	1884	377	1884	377
10329	58	38344	1917	383	1917	383
10329	59	39006	1950	390	1950	390
10329	60	39667	1983	397	1983	397
10329	61	40328	2016	403	2016	403
10329	62	40989	2049	410	2049	410
10329	63	41650	2083	417	2083	417
10329	64	42311	2116	423	2116	423
10329	65	42972	2149	430	2149	430
10329	66	43633	2182	436	2182	436
10329	67	44294	2215	443	2215	443
10329	68	44956	2248	450	2248	450
10329	69	45617	2281	456	2281	456
10329	70	46278	2314	463	2314	463
10329	71	46939	2347	469	2347	469
10329	72	47600	2380	476	2380	476
10329	73	48261	2413	483	2413	483
10329	74	48922	2446	489	2446	489
10329	75	49583	2479	496	2479	496
10329	76	50244	2512	502	2512	502
10329	77	50906	2545	509	2545	509
10329	78	51567	2578	516	2578	516
10329	79	52228	2611	522	2611	522
10329	80	52889	2644	529	2644	529
10329	81	53550	2678	536	2678	536
10329	82	54211	2711	542	2711	542
10329	83	54872	2744	549	2744	549
10329	84	55533	2777	555	2777	555
10329	85	56194	2810	562	2810	562
10329	86	56856	2843	569	2843	569
10329	87	57517	2876	575	2876	575
10329	88	58178	2909	582	2909	582
10329	89	58839	2942	588	2942	588
10329	90	59500	2975	595	2975	595
10329	91	60161	3008	602	3008	602
10329	92	60822	3041	608	3041	608
10329	93	61483	3074	615	3074	615
10329	94	62144	3107	621	3107	621
10329	95	62806	3140	628	3140	628
10329	96	63467	3173	635	3173	635
10329	97	64128	3206	641	3206	641
10329	98	64789	3239	648	3239	648
10329	99	65450	3273	655	3273	655
10329	100	66111	3306	661	3306	661
10330	1	661	33	7	33	7
10330	2	1322	66	13	66	13
10330	3	1983	99	20	99	20
10330	4	2644	132	26	132	26
10330	5	3306	165	33	165	33
10330	6	3967	198	40	198	40
10330	7	4628	231	46	231	46
10330	8	5289	264	53	264	53
10330	9	5950	298	60	298	60
10330	10	6611	331	66	331	66
10330	11	7272	364	73	364	73
10330	12	7933	397	79	397	79
10330	13	8594	430	86	430	86
10330	14	9256	463	93	463	93
10330	15	9917	496	99	496	99
10330	16	10578	529	106	529	106
10330	17	11239	562	112	562	112
10330	18	11900	595	119	595	119
10330	19	12561	628	126	628	126
10330	20	13222	661	132	661	132
10330	21	13883	694	139	694	139
10330	22	14544	727	145	727	145
10330	23	15206	760	152	760	152
10330	24	15867	793	159	793	159
10330	25	16528	826	165	826	165
10330	26	17189	859	172	859	172
10330	27	17850	893	179	893	179
10330	28	18511	926	185	926	185
10330	29	19172	959	192	959	192
10330	30	19833	992	198	992	198
10330	31	20494	1025	205	1025	205
10330	32	21156	1058	212	1058	212
10330	33	21817	1091	218	1091	218
10330	34	22478	1124	225	1124	225
10330	35	23139	1157	231	1157	231
10330	36	23800	1190	238	1190	238
10330	37	24461	1223	245	1223	245
10330	38	25122	1256	251	1256	251
10330	39	25783	1289	258	1289	258
10330	40	26444	1322	264	1322	264
10330	41	27106	1355	271	1355	271
10330	42	27767	1388	278	1388	278
10330	43	28428	1421	284	1421	284
10330	44	29089	1454	291	1454	291
10330	45	29750	1488	298	1488	298
10330	46	30411	1521	304	1521	304
10330	47	31072	1554	311	1554	311
10330	48	31733	1587	317	1587	317
10330	49	32394	1620	324	1620	324
10330	50	33056	1653	331	1653	331
10330	51	33717	1686	337	1686	337
10330	52	34378	1719	344	1719	344
10330	53	35039	1752	350	1752	350
10330	54	35700	1785	357	1785	357
10330	55	36361	1818	364	1818	364
10330	56	37022	1851	370	1851	370
10330	57	37683	1884	377	1884	377
10330	58	38344	1917	383	1917	383
10330	59	39006	1950	390	1950	390
10330	60	39667	1983	397	1983	397
10330	61	40328	2016	403	2016	403
10330	62	40989	2049	410	2049	410
10330	63	41650	2083	417	2083	417
10330	64	42311	2116	423	2116	423
10330	65	42972	2149	430	2149	430
10330	66	43633	2182	436	2182	436
10330	67	44294	2215	443	2215	443
10330	68	44956	2248	450	2248	450
10330	69	45617	2281	456	2281	456
10330	70	46278	2314	463	2314	463
10330	71	46939	2347	469	2347	469
10330	72	47600	2380	476	2380	476
10330	73	48261	2413	483	2413	483
10330	74	48922	2446	489	2446	489
10330	75	49583	2479	496	2479	496
10330	76	50244	2512	502	2512	502
10330	77	50906	2545	509	2545	509
10330	78	51567	2578	516	2578	516
10330	79	52228	2611	522	2611	522
10330	80	52889	2644	529	2644	529
10330	81	53550	2678	536	2678	536
10330	82	54211	2711	542	2711	542
10330	83	54872	2744	549	2744	549
10330	84	55533	2777	555	2777	555
10330	85	56194	2810	562	2810	562
10330	86	56856	2843	569	2843	569
10330	87	57517	2876	575	2876	575
10330	88	58178	2909	582	2909	582
10330	89	58839	2942	588	2942	588
10330	90	59500	2975	595	2975	595
10330	91	60161	3008	602	3008	602
10330	92	60822	3041	608	3041	608
10330	93	61483	3074	615	3074	615
10330	94	62144	3107	621	3107	621
10330	95	62806	3140	628	3140	628
10330	96	63467	3173	635	3173	635
10330	97	64128	3206	641	3206	641
10330	98	64789	3239	648	3239	648
10330	99	65450	3273	655	3273	655
10330	100	66111	3306	661	3306	661
10331	1	661	33	7	33	7
10331	2	1322	66	13	66	13
10331	3	1983	99	20	99	20
10331	4	2644	132	26	132	26
10331	5	3306	165	33	165	33
10331	6	3967	198	40	198	40
10331	7	4628	231	46	231	46
10331	8	5289	264	53	264	53
10331	9	5950	298	60	298	60
10331	10	6611	331	66	331	66
10331	11	7272	364	73	364	73
10331	12	7933	397	79	397	79
10331	13	8594	430	86	430	86
10331	14	9256	463	93	463	93
10331	15	9917	496	99	496	99
10331	16	10578	529	106	529	106
10331	17	11239	562	112	562	112
10331	18	11900	595	119	595	119
10331	19	12561	628	126	628	126
10331	20	13222	661	132	661	132
10331	21	13883	694	139	694	139
10331	22	14544	727	145	727	145
10331	23	15206	760	152	760	152
10331	24	15867	793	159	793	159
10331	25	16528	826	165	826	165
10331	26	17189	859	172	859	172
10331	27	17850	893	179	893	179
10331	28	18511	926	185	926	185
10331	29	19172	959	192	959	192
10331	30	19833	992	198	992	198
10331	31	20494	1025	205	1025	205
10331	32	21156	1058	212	1058	212
10331	33	21817	1091	218	1091	218
10331	34	22478	1124	225	1124	225
10331	35	23139	1157	231	1157	231
10331	36	23800	1190	238	1190	238
10331	37	24461	1223	245	1223	245
10331	38	25122	1256	251	1256	251
10331	39	25783	1289	258	1289	258
10331	40	26444	1322	264	1322	264
10331	41	27106	1355	271	1355	271
10331	42	27767	1388	278	1388	278
10331	43	28428	1421	284	1421	284
10331	44	29089	1454	291	1454	291
10331	45	29750	1488	298	1488	298
10331	46	30411	1521	304	1521	304
10331	47	31072	1554	311	1554	311
10331	48	31733	1587	317	1587	317
10331	49	32394	1620	324	1620	324
10331	50	33056	1653	331	1653	331
10331	51	33717	1686	337	1686	337
10331	52	34378	1719	344	1719	344
10331	53	35039	1752	350	1752	350
10331	54	35700	1785	357	1785	357
10331	55	36361	1818	364	1818	364
10331	56	37022	1851	370	1851	370
10331	57	37683	1884	377	1884	377
10331	58	38344	1917	383	1917	383
10331	59	39006	1950	390	1950	390
10331	60	39667	1983	397	1983	397
10331	61	40328	2016	403	2016	403
10331	62	40989	2049	410	2049	410
10331	63	41650	2083	417	2083	417
10331	64	42311	2116	423	2116	423
10331	65	42972	2149	430	2149	430
10331	66	43633	2182	436	2182	436
10331	67	44294	2215	443	2215	443
10331	68	44956	2248	450	2248	450
10331	69	45617	2281	456	2281	456
10331	70	46278	2314	463	2314	463
10331	71	46939	2347	469	2347	469
10331	72	47600	2380	476	2380	476
10331	73	48261	2413	483	2413	483
10331	74	48922	2446	489	2446	489
10331	75	49583	2479	496	2479	496
10331	76	50244	2512	502	2512	502
10331	77	50906	2545	509	2545	509
10331	78	51567	2578	516	2578	516
10331	79	52228	2611	522	2611	522
10331	80	52889	2644	529	2644	529
10331	81	53550	2678	536	2678	536
10331	82	54211	2711	542	2711	542
10331	83	54872	2744	549	2744	549
10331	84	55533	2777	555	2777	555
10331	85	56194	2810	562	2810	562
10331	86	56856	2843	569	2843	569
10331	87	57517	2876	575	2876	575
10331	88	58178	2909	582	2909	582
10331	89	58839	2942	588	2942	588
10331	90	59500	2975	595	2975	595
10331	91	60161	3008	602	3008	602
10331	92	60822	3041	608	3041	608
10331	93	61483	3074	615	3074	615
10331	94	62144	3107	621	3107	621
10331	95	62806	3140	628	3140	628
10331	96	63467	3173	635	3173	635
10331	97	64128	3206	641	3206	641
10331	98	64789	3239	648	3239	648
10331	99	65450	3273	655	3273	655
10331	100	66111	3306	661	3306	661
10332	1	661	33	7	33	7
10332	2	1322	66	13	66	13
10332	3	1983	99	20	99	20
10332	4	2644	132	26	132	26
10332	5	3306	165	33	165	33
10332	6	3967	198	40	198	40
10332	7	4628	231	46	231	46
10332	8	5289	264	53	264	53
10332	9	5950	298	60	298	60
10332	10	6611	331	66	331	66
10332	11	7272	364	73	364	73
10332	12	7933	397	79	397	79
10332	13	8594	430	86	430	86
10332	14	9256	463	93	463	93
10332	15	9917	496	99	496	99
10332	16	10578	529	106	529	106
10332	17	11239	562	112	562	112
10332	18	11900	595	119	595	119
10332	19	12561	628	126	628	126
10332	20	13222	661	132	661	132
10332	21	13883	694	139	694	139
10332	22	14544	727	145	727	145
10332	23	15206	760	152	760	152
10332	24	15867	793	159	793	159
10332	25	16528	826	165	826	165
10332	26	17189	859	172	859	172
10332	27	17850	893	179	893	179
10332	28	18511	926	185	926	185
10332	29	19172	959	192	959	192
10332	30	19833	992	198	992	198
10332	31	20494	1025	205	1025	205
10332	32	21156	1058	212	1058	212
10332	33	21817	1091	218	1091	218
10332	34	22478	1124	225	1124	225
10332	35	23139	1157	231	1157	231
10332	36	23800	1190	238	1190	238
10332	37	24461	1223	245	1223	245
10332	38	25122	1256	251	1256	251
10332	39	25783	1289	258	1289	258
10332	40	26444	1322	264	1322	264
10332	41	27106	1355	271	1355	271
10332	42	27767	1388	278	1388	278
10332	43	28428	1421	284	1421	284
10332	44	29089	1454	291	1454	291
10332	45	29750	1488	298	1488	298
10332	46	30411	1521	304	1521	304
10332	47	31072	1554	311	1554	311
10332	48	31733	1587	317	1587	317
10332	49	32394	1620	324	1620	324
10332	50	33056	1653	331	1653	331
10332	51	33717	1686	337	1686	337
10332	52	34378	1719	344	1719	344
10332	53	35039	1752	350	1752	350
10332	54	35700	1785	357	1785	357
10332	55	36361	1818	364	1818	364
10332	56	37022	1851	370	1851	370
10332	57	37683	1884	377	1884	377
10332	58	38344	1917	383	1917	383
10332	59	39006	1950	390	1950	390
10332	60	39667	1983	397	1983	397
10332	61	40328	2016	403	2016	403
10332	62	40989	2049	410	2049	410
10332	63	41650	2083	417	2083	417
10332	64	42311	2116	423	2116	423
10332	65	42972	2149	430	2149	430
10332	66	43633	2182	436	2182	436
10332	67	44294	2215	443	2215	443
10332	68	44956	2248	450	2248	450
10332	69	45617	2281	456	2281	456
10332	70	46278	2314	463	2314	463
10332	71	46939	2347	469	2347	469
10332	72	47600	2380	476	2380	476
10332	73	48261	2413	483	2413	483
10332	74	48922	2446	489	2446	489
10332	75	49583	2479	496	2479	496
10332	76	50244	2512	502	2512	502
10332	77	50906	2545	509	2545	509
10332	78	51567	2578	516	2578	516
10332	79	52228	2611	522	2611	522
10332	80	52889	2644	529	2644	529
10332	81	53550	2678	536	2678	536
10332	82	54211	2711	542	2711	542
10332	83	54872	2744	549	2744	549
10332	84	55533	2777	555	2777	555
10332	85	56194	2810	562	2810	562
10332	86	56856	2843	569	2843	569
10332	87	57517	2876	575	2876	575
10332	88	58178	2909	582	2909	582
10332	89	58839	2942	588	2942	588
10332	90	59500	2975	595	2975	595
10333	1	661	8	11	8	9
10333	2	1322	17	20	17	16
10333	3	1983	25	30	25	25
10333	4	2644	33	39	33	33
10333	5	3306	41	50	41	41
10333	6	3967	50	60	50	50
10333	7	4628	58	69	58	58
10333	8	5289	66	80	66	66
10333	9	5950	75	90	75	75
10333	10	6611	83	99	83	83
10333	11	7272	91	110	91	91
10333	12	7933	99	119	99	99
10333	13	8594	108	129	108	108
10333	14	9256	116	140	116	116
10333	15	9917	124	149	124	124
10333	16	10578	132	159	132	133
10333	17	11239	141	168	141	140
10333	18	11900	149	179	149	149
10333	19	12561	157	189	157	158
10333	20	13222	165	198	165	165
10333	21	13883	174	209	174	174
10333	22	14544	182	218	182	181
10333	23	15206	190	228	190	190
10333	24	15867	198	239	198	199
10333	25	16528	207	248	207	206
10333	26	17189	215	258	215	215
10333	27	17850	223	269	223	224
10333	28	18511	232	278	232	231
10333	29	19172	240	288	240	240
10333	30	19833	248	297	248	248
10333	31	20494	256	308	256	256
10333	32	21156	265	318	265	265
10333	33	21817	273	327	273	273
10333	34	22478	281	338	281	281
10333	35	23139	289	347	289	289
10333	36	23800	298	357	298	298
10333	37	24461	306	368	306	306
10333	38	25122	314	377	314	314
10333	39	25783	322	387	322	323
10333	40	26444	331	396	331	330
10333	41	27106	339	407	339	339
10333	42	27767	347	417	347	348
10333	43	28428	355	426	355	355
10333	44	29089	364	437	364	364
10333	45	29750	372	447	372	373
10333	46	30411	380	456	380	380
10333	47	31072	389	467	389	389
10333	48	31733	397	476	397	396
10333	49	32394	405	486	405	405
10333	50	33056	413	497	413	414
10333	51	33717	422	506	422	421
10333	52	34378	430	516	430	430
10333	53	35039	438	525	438	438
10333	54	35700	446	536	446	446
10333	55	36361	455	546	455	455
10333	56	37022	463	555	463	463
10333	57	37683	471	566	471	471
10333	58	38344	479	575	479	479
10333	59	39006	488	585	488	488
10333	60	39667	496	596	496	496
10333	61	40328	504	605	504	504
10333	62	40989	512	615	512	513
10333	63	41650	521	626	521	521
10333	64	42311	529	635	529	529
10333	65	42972	537	645	537	538
10333	66	43633	546	654	546	545
10333	67	44294	554	665	554	554
10333	68	44956	562	675	562	563
10333	69	45617	570	684	570	570
10333	70	46278	579	695	579	579
10333	71	46939	587	704	587	586
10333	72	47600	595	714	595	595
10333	73	48261	603	725	603	604
10333	74	48922	612	734	612	611
10333	75	49583	620	744	620	620
10333	76	50244	628	753	628	628
10333	77	50906	636	764	636	636
10333	78	51567	645	774	645	645
10333	79	52228	653	783	653	653
10333	80	52889	661	794	661	661
10333	81	53550	670	804	670	670
10333	82	54211	678	813	678	678
10333	83	54872	686	824	686	686
10333	84	55533	694	833	694	694
10333	85	56194	703	843	703	703
10333	86	56856	711	854	711	711
10333	87	57517	719	863	719	719
10333	88	58178	727	873	727	728
10333	89	58839	736	882	736	735
10333	90	59500	744	893	744	744
10334	1	661	8	11	8	9
10334	2	1322	17	20	17	16
10334	3	1983	25	30	25	25
10334	4	2644	33	39	33	33
10334	5	3306	41	50	41	41
10334	6	3967	50	60	50	50
10334	7	4628	58	69	58	58
10334	8	5289	66	80	66	66
10334	9	5950	75	90	75	75
10334	10	6611	83	99	83	83
10334	11	7272	91	110	91	91
10334	12	7933	99	119	99	99
10334	13	8594	108	129	108	108
10334	14	9256	116	140	116	116
10334	15	9917	124	149	124	124
10334	16	10578	132	159	132	133
10334	17	11239	141	168	141	140
10334	18	11900	149	179	149	149
10334	19	12561	157	189	157	158
10334	20	13222	165	198	165	165
10334	21	13883	174	209	174	174
10334	22	14544	182	218	182	181
10334	23	15206	190	228	190	190
10334	24	15867	198	239	198	199
10334	25	16528	207	248	207	206
10334	26	17189	215	258	215	215
10334	27	17850	223	269	223	224
10334	28	18511	232	278	232	231
10334	29	19172	240	288	240	240
10334	30	19833	248	297	248	248
10334	31	20494	256	308	256	256
10334	32	21156	265	318	265	265
10334	33	21817	273	327	273	273
10334	34	22478	281	338	281	281
10334	35	23139	289	347	289	289
10334	36	23800	298	357	298	298
10334	37	24461	306	368	306	306
10334	38	25122	314	377	314	314
10334	39	25783	322	387	322	323
10334	40	26444	331	396	331	330
10334	41	27106	339	407	339	339
10334	42	27767	347	417	347	348
10334	43	28428	355	426	355	355
10334	44	29089	364	437	364	364
10334	45	29750	372	447	372	373
10334	46	30411	380	456	380	380
10334	47	31072	389	467	389	389
10334	48	31733	397	476	397	396
10334	49	32394	405	486	405	405
10334	50	33056	413	497	413	414
10334	51	33717	422	506	422	421
10334	52	34378	430	516	430	430
10334	53	35039	438	525	438	438
10334	54	35700	446	536	446	446
10334	55	36361	455	546	455	455
10334	56	37022	463	555	463	463
10334	57	37683	471	566	471	471
10334	58	38344	479	575	479	479
10334	59	39006	488	585	488	488
10334	60	39667	496	596	496	496
10334	61	40328	504	605	504	504
10334	62	40989	512	615	512	513
10334	63	41650	521	626	521	521
10334	64	42311	529	635	529	529
10334	65	42972	537	645	537	538
10334	66	43633	546	654	546	545
10334	67	44294	554	665	554	554
10334	68	44956	562	675	562	563
10334	69	45617	570	684	570	570
10334	70	46278	579	695	579	579
10334	71	46939	587	704	587	586
10334	72	47600	595	714	595	595
10334	73	48261	603	725	603	604
10334	74	48922	612	734	612	611
10334	75	49583	620	744	620	620
10334	76	50244	628	753	628	628
10334	77	50906	636	764	636	636
10334	78	51567	645	774	645	645
10334	79	52228	653	783	653	653
10334	80	52889	661	794	661	661
10334	81	53550	670	804	670	670
10334	82	54211	678	813	678	678
10334	83	54872	686	824	686	686
10334	84	55533	694	833	694	694
10334	85	56194	703	843	703	703
10334	86	56856	711	854	711	711
10334	87	57517	719	863	719	719
10334	88	58178	727	873	727	728
10334	89	58839	736	882	736	735
10334	90	59500	744	893	744	744
10335	1	661	8	11	8	9
10335	2	1322	17	20	17	16
10335	3	1983	25	30	25	25
10335	4	2644	33	39	33	33
10335	5	3306	41	50	41	41
10335	6	3967	50	60	50	50
10335	7	4628	58	69	58	58
10335	8	5289	66	80	66	66
10335	9	5950	75	90	75	75
10335	10	6611	83	99	83	83
10335	11	7272	91	110	91	91
10335	12	7933	99	119	99	99
10335	13	8594	108	129	108	108
10335	14	9256	116	140	116	116
10335	15	9917	124	149	124	124
10335	16	10578	132	159	132	133
10335	17	11239	141	168	141	140
10335	18	11900	149	179	149	149
10335	19	12561	157	189	157	158
10335	20	13222	165	198	165	165
10335	21	13883	174	209	174	174
10335	22	14544	182	218	182	181
10335	23	15206	190	228	190	190
10335	24	15867	198	239	198	199
10335	25	16528	207	248	207	206
10335	26	17189	215	258	215	215
10335	27	17850	223	269	223	224
10335	28	18511	232	278	232	231
10335	29	19172	240	288	240	240
10335	30	19833	248	297	248	248
10335	31	20494	256	308	256	256
10335	32	21156	265	318	265	265
10335	33	21817	273	327	273	273
10335	34	22478	281	338	281	281
10335	35	23139	289	347	289	289
10335	36	23800	298	357	298	298
10335	37	24461	306	368	306	306
10335	38	25122	314	377	314	314
10335	39	25783	322	387	322	323
10335	40	26444	331	396	331	330
10335	41	27106	339	407	339	339
10335	42	27767	347	417	347	348
10335	43	28428	355	426	355	355
10335	44	29089	364	437	364	364
10335	45	29750	372	447	372	373
10335	46	30411	380	456	380	380
10335	47	31072	389	467	389	389
10335	48	31733	397	476	397	396
10335	49	32394	405	486	405	405
10335	50	33056	413	497	413	414
10335	51	33717	422	506	422	421
10335	52	34378	430	516	430	430
10335	53	35039	438	525	438	438
10335	54	35700	446	536	446	446
10335	55	36361	455	546	455	455
10335	56	37022	463	555	463	463
10335	57	37683	471	566	471	471
10335	58	38344	479	575	479	479
10335	59	39006	488	585	488	488
10335	60	39667	496	596	496	496
10335	61	40328	504	605	504	504
10335	62	40989	512	615	512	513
10335	63	41650	521	626	521	521
10335	64	42311	529	635	529	529
10335	65	42972	537	645	537	538
10335	66	43633	546	654	546	545
10335	67	44294	554	665	554	554
10335	68	44956	562	675	562	563
10335	69	45617	570	684	570	570
10335	70	46278	579	695	579	579
10335	71	46939	587	704	587	586
10335	72	47600	595	714	595	595
10335	73	48261	603	725	603	604
10335	74	48922	612	734	612	611
10335	75	49583	620	744	620	620
10335	76	50244	628	753	628	628
10335	77	50906	636	764	636	636
10335	78	51567	645	774	645	645
10335	79	52228	653	783	653	653
10335	80	52889	661	794	661	661
10335	81	53550	670	804	670	670
10335	82	54211	678	813	678	678
10335	83	54872	686	824	686	686
10335	84	55533	694	833	694	694
10335	85	56194	703	843	703	703
10335	86	56856	711	854	711	711
10335	87	57517	719	863	719	719
10335	88	58178	727	873	727	728
10335	89	58839	736	882	736	735
10335	90	59500	744	893	744	744
10336	1	661	8	11	8	9
10336	2	1322	17	20	17	16
10336	3	1983	25	30	25	25
10336	4	2644	33	39	33	33
10336	5	3306	41	50	41	41
10336	6	3967	50	60	50	50
10336	7	4628	58	69	58	58
10336	8	5289	66	80	66	66
10336	9	5950	75	90	75	75
10336	10	6611	83	99	83	83
10336	11	7272	91	110	91	91
10336	12	7933	99	119	99	99
10336	13	8594	108	129	108	108
10336	14	9256	116	140	116	116
10336	15	9917	124	149	124	124
10336	16	10578	132	159	132	133
10336	17	11239	141	168	141	140
10336	18	11900	149	179	149	149
10336	19	12561	157	189	157	158
10336	20	13222	165	198	165	165
10336	21	13883	174	209	174	174
10336	22	14544	182	218	182	181
10336	23	15206	190	228	190	190
10336	24	15867	198	239	198	199
10336	25	16528	207	248	207	206
10336	26	17189	215	258	215	215
10336	27	17850	223	269	223	224
10336	28	18511	232	278	232	231
10336	29	19172	240	288	240	240
10336	30	19833	248	297	248	248
10336	31	20494	256	308	256	256
10336	32	21156	265	318	265	265
10336	33	21817	273	327	273	273
10336	34	22478	281	338	281	281
10336	35	23139	289	347	289	289
10336	36	23800	298	357	298	298
10336	37	24461	306	368	306	306
10336	38	25122	314	377	314	314
10336	39	25783	322	387	322	323
10336	40	26444	331	396	331	330
10336	41	27106	339	407	339	339
10336	42	27767	347	417	347	348
10336	43	28428	355	426	355	355
10336	44	29089	364	437	364	364
10336	45	29750	372	447	372	373
10336	46	30411	380	456	380	380
10336	47	31072	389	467	389	389
10336	48	31733	397	476	397	396
10336	49	32394	405	486	405	405
10336	50	33056	413	497	413	414
10336	51	33717	422	506	422	421
10336	52	34378	430	516	430	430
10336	53	35039	438	525	438	438
10336	54	35700	446	536	446	446
10336	55	36361	455	546	455	455
10336	56	37022	463	555	463	463
10336	57	37683	471	566	471	471
10336	58	38344	479	575	479	479
10336	59	39006	488	585	488	488
10336	60	39667	496	596	496	496
10336	61	40328	504	605	504	504
10336	62	40989	512	615	512	513
10336	63	41650	521	626	521	521
10336	64	42311	529	635	529	529
10336	65	42972	537	645	537	538
10336	66	43633	546	654	546	545
10336	67	44294	554	665	554	554
10336	68	44956	562	675	562	563
10336	69	45617	570	684	570	570
10336	70	46278	579	695	579	579
10336	71	46939	587	704	587	586
10336	72	47600	595	714	595	595
10336	73	48261	603	725	603	604
10336	74	48922	612	734	612	611
10336	75	49583	620	744	620	620
10336	76	50244	628	753	628	628
10336	77	50906	636	764	636	636
10336	78	51567	645	774	645	645
10336	79	52228	653	783	653	653
10336	80	52889	661	794	661	661
10336	81	53550	670	804	670	670
10336	82	54211	678	813	678	678
10336	83	54872	686	824	686	686
10336	84	55533	694	833	694	694
10336	85	56194	703	843	703	703
10336	86	56856	711	854	711	711
10336	87	57517	719	863	719	719
10336	88	58178	727	873	727	728
10336	89	58839	736	882	736	735
10336	90	59500	744	893	744	744
10337	1	661	8	11	8	9
10337	2	1322	17	20	17	16
10337	3	1983	25	30	25	25
10337	4	2644	33	39	33	33
10337	5	3306	41	50	41	41
10337	6	3967	50	60	50	50
10337	7	4628	58	69	58	58
10337	8	5289	66	80	66	66
10337	9	5950	75	90	75	75
10337	10	6611	83	99	83	83
10337	11	7272	91	110	91	91
10337	12	7933	99	119	99	99
10337	13	8594	108	129	108	108
10337	14	9256	116	140	116	116
10337	15	9917	124	149	124	124
10337	16	10578	132	159	132	133
10337	17	11239	141	168	141	140
10337	18	11900	149	179	149	149
10337	19	12561	157	189	157	158
10337	20	13222	165	198	165	165
10337	21	13883	174	209	174	174
10337	22	14544	182	218	182	181
10337	23	15206	190	228	190	190
10337	24	15867	198	239	198	199
10337	25	16528	207	248	207	206
10337	26	17189	215	258	215	215
10337	27	17850	223	269	223	224
10337	28	18511	232	278	232	231
10337	29	19172	240	288	240	240
10337	30	19833	248	297	248	248
10337	31	20494	256	308	256	256
10337	32	21156	265	318	265	265
10337	33	21817	273	327	273	273
10337	34	22478	281	338	281	281
10337	35	23139	289	347	289	289
10337	36	23800	298	357	298	298
10337	37	24461	306	368	306	306
10337	38	25122	314	377	314	314
10337	39	25783	322	387	322	323
10337	40	26444	331	396	331	330
10337	41	27106	339	407	339	339
10337	42	27767	347	417	347	348
10337	43	28428	355	426	355	355
10337	44	29089	364	437	364	364
10337	45	29750	372	447	372	373
10337	46	30411	380	456	380	380
10337	47	31072	389	467	389	389
10337	48	31733	397	476	397	396
10337	49	32394	405	486	405	405
10337	50	33056	413	497	413	414
10337	51	33717	422	506	422	421
10337	52	34378	430	516	430	430
10337	53	35039	438	525	438	438
10337	54	35700	446	536	446	446
10337	55	36361	455	546	455	455
10337	56	37022	463	555	463	463
10337	57	37683	471	566	471	471
10337	58	38344	479	575	479	479
10337	59	39006	488	585	488	488
10337	60	39667	496	596	496	496
10337	61	40328	504	605	504	504
10337	62	40989	512	615	512	513
10337	63	41650	521	626	521	521
10337	64	42311	529	635	529	529
10337	65	42972	537	645	537	538
10337	66	43633	546	654	546	545
10337	67	44294	554	665	554	554
10337	68	44956	562	675	562	563
10337	69	45617	570	684	570	570
10337	70	46278	579	695	579	579
10337	71	46939	587	704	587	586
10337	72	47600	595	714	595	595
10337	73	48261	603	725	603	604
10337	74	48922	612	734	612	611
10337	75	49583	620	744	620	620
10337	76	50244	628	753	628	628
10337	77	50906	636	764	636	636
10337	78	51567	645	774	645	645
10337	79	52228	653	783	653	653
10337	80	52889	661	794	661	661
10337	81	53550	670	804	670	670
10337	82	54211	678	813	678	678
10337	83	54872	686	824	686	686
10337	84	55533	694	833	694	694
10337	85	56194	703	843	703	703
10337	86	56856	711	854	711	711
10337	87	57517	719	863	719	719
10337	88	58178	727	873	727	728
10337	89	58839	736	882	736	735
10337	90	59500	744	893	744	744
10338	1	1322	8	11	8	2
10338	2	2644	17	20	17	3
10338	3	3966	25	30	25	5
10338	4	5288	33	39	33	7
10338	5	6612	41	50	41	8
10338	6	7934	50	60	50	10
10338	7	9256	58	69	58	12
10338	8	10578	66	80	66	13
10338	9	11900	75	90	75	15
10338	10	13222	83	99	83	17
10338	11	14544	91	110	91	18
10338	12	15866	99	119	99	20
10338	13	17188	108	129	108	22
10338	14	18512	116	140	116	23
10338	15	19834	124	149	124	25
10338	16	21156	132	159	132	27
10338	17	22478	141	168	141	28
10338	18	23800	149	179	149	30
10338	19	25122	157	189	157	32
10338	20	26444	165	198	165	33
10338	21	27766	174	209	174	35
10338	22	29088	182	218	182	36
10338	23	30412	190	228	190	38
10338	24	31734	198	239	198	40
10338	25	33056	207	248	207	41
10338	26	34378	215	258	215	43
10338	27	35700	223	269	223	45
10338	28	37022	232	278	232	46
10338	29	38344	240	288	240	48
10338	30	39666	248	297	248	50
10338	31	40988	256	308	256	51
10338	32	42312	265	318	265	53
10338	33	43634	273	327	273	55
10338	34	44956	281	338	281	56
10338	35	46278	289	347	289	58
10338	36	47600	298	357	298	60
10338	37	48922	306	368	306	61
10338	38	50244	314	377	314	63
10338	39	51566	322	387	322	65
10338	40	52888	331	396	331	66
10338	41	54212	339	407	339	68
10338	42	55534	347	417	347	70
10338	43	56856	355	426	355	71
10338	44	58178	364	437	364	73
10338	45	59500	372	447	372	75
10338	46	60822	380	456	380	76
10338	47	62144	389	467	389	78
10338	48	63466	397	476	397	79
10338	49	64788	405	486	405	81
10338	50	66112	413	497	413	83
10338	51	67434	422	506	422	84
10338	52	68756	430	516	430	86
10338	53	70078	438	525	438	88
10338	54	71400	446	536	446	89
10338	55	72722	455	546	455	91
10338	56	74044	463	555	463	93
10338	57	75366	471	566	471	94
10338	58	76688	479	575	479	96
10338	59	78012	488	585	488	98
10338	60	79334	496	596	496	99
10338	61	80656	504	605	504	101
10338	62	81978	512	615	512	103
10338	63	83300	521	626	521	104
10338	64	84622	529	635	529	106
10338	65	85944	537	645	537	108
10338	66	87266	546	654	546	109
10338	67	88588	554	665	554	111
10338	68	89912	562	675	562	113
10338	69	91234	570	684	570	114
10338	70	92556	579	695	579	116
10338	71	93878	587	704	587	117
10338	72	95200	595	714	595	119
10338	73	96522	603	725	603	121
10338	74	97844	612	734	612	122
10338	75	99166	620	744	620	124
10338	76	100488	628	753	628	126
10338	77	101812	636	764	636	127
10338	78	103134	645	774	645	129
10338	79	104456	653	783	653	131
10338	80	105778	661	794	661	132
10338	81	107100	670	804	670	134
10338	82	108422	678	813	678	136
10338	83	109744	686	824	686	137
10338	84	111066	694	833	694	139
10338	85	112388	703	843	703	141
10338	86	113712	711	854	711	142
10338	87	115034	719	863	719	144
10338	88	116356	727	873	727	146
10338	89	117678	736	882	736	147
10338	90	119000	744	893	744	149
10339	1	1322	8	11	8	2
10339	2	2644	17	20	17	3
10339	3	3966	25	30	25	5
10339	4	5288	33	39	33	7
10339	5	6612	41	50	41	8
10339	6	7934	50	60	50	10
10339	7	9256	58	69	58	12
10339	8	10578	66	80	66	13
10339	9	11900	75	90	75	15
10339	10	13222	83	99	83	17
10339	11	14544	91	110	91	18
10339	12	15866	99	119	99	20
10339	13	17188	108	129	108	22
10339	14	18512	116	140	116	23
10339	15	19834	124	149	124	25
10339	16	21156	132	159	132	27
10339	17	22478	141	168	141	28
10339	18	23800	149	179	149	30
10339	19	25122	157	189	157	32
10339	20	26444	165	198	165	33
10339	21	27766	174	209	174	35
10339	22	29088	182	218	182	36
10339	23	30412	190	228	190	38
10339	24	31734	198	239	198	40
10339	25	33056	207	248	207	41
10339	26	34378	215	258	215	43
10339	27	35700	223	269	223	45
10339	28	37022	232	278	232	46
10339	29	38344	240	288	240	48
10339	30	39666	248	297	248	50
10339	31	40988	256	308	256	51
10339	32	42312	265	318	265	53
10339	33	43634	273	327	273	55
10339	34	44956	281	338	281	56
10339	35	46278	289	347	289	58
10339	36	47600	298	357	298	60
10339	37	48922	306	368	306	61
10339	38	50244	314	377	314	63
10339	39	51566	322	387	322	65
10339	40	52888	331	396	331	66
10339	41	54212	339	407	339	68
10339	42	55534	347	417	347	70
10339	43	56856	355	426	355	71
10339	44	58178	364	437	364	73
10339	45	59500	372	447	372	75
10339	46	60822	380	456	380	76
10339	47	62144	389	467	389	78
10339	48	63466	397	476	397	79
10339	49	64788	405	486	405	81
10339	50	66112	413	497	413	83
10339	51	67434	422	506	422	84
10339	52	68756	430	516	430	86
10339	53	70078	438	525	438	88
10339	54	71400	446	536	446	89
10339	55	72722	455	546	455	91
10339	56	74044	463	555	463	93
10339	57	75366	471	566	471	94
10339	58	76688	479	575	479	96
10339	59	78012	488	585	488	98
10339	60	79334	496	596	496	99
10339	61	80656	504	605	504	101
10339	62	81978	512	615	512	103
10339	63	83300	521	626	521	104
10339	64	84622	529	635	529	106
10339	65	85944	537	645	537	108
10339	66	87266	546	654	546	109
10339	67	88588	554	665	554	111
10339	68	89912	562	675	562	113
10339	69	91234	570	684	570	114
10339	70	92556	579	695	579	116
10339	71	93878	587	704	587	117
10339	72	95200	595	714	595	119
10339	73	96522	603	725	603	121
10339	74	97844	612	734	612	122
10339	75	99166	620	744	620	124
10339	76	100488	628	753	628	126
10339	77	101812	636	764	636	127
10339	78	103134	645	774	645	129
10339	79	104456	653	783	653	131
10339	80	105778	661	794	661	132
10339	81	107100	670	804	670	134
10339	82	108422	678	813	678	136
10339	83	109744	686	824	686	137
10339	84	111066	694	833	694	139
10339	85	112388	703	843	703	141
10339	86	113712	711	854	711	142
10339	87	115034	719	863	719	144
10339	88	116356	727	873	727	146
10339	89	117678	736	882	736	147
10339	90	119000	744	893	744	149
10340	1	1322	8	11	8	2
10340	2	2644	17	20	17	3
10340	3	3966	25	30	25	5
10340	4	5288	33	39	33	7
10340	5	6612	41	50	41	8
10340	6	7934	50	60	50	10
10340	7	9256	58	69	58	12
10340	8	10578	66	80	66	13
10340	9	11900	75	90	75	15
10340	10	13222	83	99	83	17
10340	11	14544	91	110	91	18
10340	12	15866	99	119	99	20
10340	13	17188	108	129	108	22
10340	14	18512	116	140	116	23
10340	15	19834	124	149	124	25
10340	16	21156	132	159	132	27
10340	17	22478	141	168	141	28
10340	18	23800	149	179	149	30
10340	19	25122	157	189	157	32
10340	20	26444	165	198	165	33
10340	21	27766	174	209	174	35
10340	22	29088	182	218	182	36
10340	23	30412	190	228	190	38
10340	24	31734	198	239	198	40
10340	25	33056	207	248	207	41
10340	26	34378	215	258	215	43
10340	27	35700	223	269	223	45
10340	28	37022	232	278	232	46
10340	29	38344	240	288	240	48
10340	30	39666	248	297	248	50
10340	31	40988	256	308	256	51
10340	32	42312	265	318	265	53
10340	33	43634	273	327	273	55
10340	34	44956	281	338	281	56
10340	35	46278	289	347	289	58
10340	36	47600	298	357	298	60
10340	37	48922	306	368	306	61
10340	38	50244	314	377	314	63
10340	39	51566	322	387	322	65
10340	40	52888	331	396	331	66
10340	41	54212	339	407	339	68
10340	42	55534	347	417	347	70
10340	43	56856	355	426	355	71
10340	44	58178	364	437	364	73
10340	45	59500	372	447	372	75
10340	46	60822	380	456	380	76
10340	47	62144	389	467	389	78
10340	48	63466	397	476	397	79
10340	49	64788	405	486	405	81
10340	50	66112	413	497	413	83
10340	51	67434	422	506	422	84
10340	52	68756	430	516	430	86
10340	53	70078	438	525	438	88
10340	54	71400	446	536	446	89
10340	55	72722	455	546	455	91
10340	56	74044	463	555	463	93
10340	57	75366	471	566	471	94
10340	58	76688	479	575	479	96
10340	59	78012	488	585	488	98
10340	60	79334	496	596	496	99
10340	61	80656	504	605	504	101
10340	62	81978	512	615	512	103
10340	63	83300	521	626	521	104
10340	64	84622	529	635	529	106
10340	65	85944	537	645	537	108
10340	66	87266	546	654	546	109
10340	67	88588	554	665	554	111
10340	68	89912	562	675	562	113
10340	69	91234	570	684	570	114
10340	70	92556	579	695	579	116
10340	71	93878	587	704	587	117
10340	72	95200	595	714	595	119
10340	73	96522	603	725	603	121
10340	74	97844	612	734	612	122
10340	75	99166	620	744	620	124
10340	76	100488	628	753	628	126
10340	77	101812	636	764	636	127
10340	78	103134	645	774	645	129
10340	79	104456	653	783	653	131
10340	80	105778	661	794	661	132
10340	81	107100	670	804	670	134
10340	82	108422	678	813	678	136
10340	83	109744	686	824	686	137
10340	84	111066	694	833	694	139
10340	85	112388	703	843	703	141
10340	86	113712	711	854	711	142
10340	87	115034	719	863	719	144
10340	88	116356	727	873	727	146
10340	89	117678	736	882	736	147
10340	90	119000	744	893	744	149
10341	1	1322	8	11	8	2
10341	2	2644	17	20	17	3
10341	3	3966	25	30	25	5
10341	4	5288	33	39	33	7
10341	5	6612	41	50	41	8
10341	6	7934	50	60	50	10
10341	7	9256	58	69	58	12
10341	8	10578	66	80	66	13
10341	9	11900	75	90	75	15
10341	10	13222	83	99	83	17
10341	11	14544	91	110	91	18
10341	12	15866	99	119	99	20
10341	13	17188	108	129	108	22
10341	14	18512	116	140	116	23
10341	15	19834	124	149	124	25
10341	16	21156	132	159	132	27
10341	17	22478	141	168	141	28
10341	18	23800	149	179	149	30
10341	19	25122	157	189	157	32
10341	20	26444	165	198	165	33
10341	21	27766	174	209	174	35
10341	22	29088	182	218	182	36
10341	23	30412	190	228	190	38
10341	24	31734	198	239	198	40
10341	25	33056	207	248	207	41
10341	26	34378	215	258	215	43
10341	27	35700	223	269	223	45
10341	28	37022	232	278	232	46
10341	29	38344	240	288	240	48
10341	30	39666	248	297	248	50
10341	31	40988	256	308	256	51
10341	32	42312	265	318	265	53
10341	33	43634	273	327	273	55
10341	34	44956	281	338	281	56
10341	35	46278	289	347	289	58
10341	36	47600	298	357	298	60
10341	37	48922	306	368	306	61
10341	38	50244	314	377	314	63
10341	39	51566	322	387	322	65
10341	40	52888	331	396	331	66
10341	41	54212	339	407	339	68
10341	42	55534	347	417	347	70
10341	43	56856	355	426	355	71
10341	44	58178	364	437	364	73
10341	45	59500	372	447	372	75
10341	46	60822	380	456	380	76
10341	47	62144	389	467	389	78
10341	48	63466	397	476	397	79
10341	49	64788	405	486	405	81
10341	50	66112	413	497	413	83
10341	51	67434	422	506	422	84
10341	52	68756	430	516	430	86
10341	53	70078	438	525	438	88
10341	54	71400	446	536	446	89
10341	55	72722	455	546	455	91
10341	56	74044	463	555	463	93
10341	57	75366	471	566	471	94
10341	58	76688	479	575	479	96
10341	59	78012	488	585	488	98
10341	60	79334	496	596	496	99
10341	61	80656	504	605	504	101
10341	62	81978	512	615	512	103
10341	63	83300	521	626	521	104
10341	64	84622	529	635	529	106
10341	65	85944	537	645	537	108
10341	66	87266	546	654	546	109
10341	67	88588	554	665	554	111
10341	68	89912	562	675	562	113
10341	69	91234	570	684	570	114
10341	70	92556	579	695	579	116
10341	71	93878	587	704	587	117
10341	72	95200	595	714	595	119
10341	73	96522	603	725	603	121
10341	74	97844	612	734	612	122
10341	75	99166	620	744	620	124
10341	76	100488	628	753	628	126
10341	77	101812	636	764	636	127
10341	78	103134	645	774	645	129
10341	79	104456	653	783	653	131
10341	80	105778	661	794	661	132
10341	81	107100	670	804	670	134
10341	82	108422	678	813	678	136
10341	83	109744	686	824	686	137
10341	84	111066	694	833	694	139
10341	85	112388	703	843	703	141
10341	86	113712	711	854	711	142
10341	87	115034	719	863	719	144
10341	88	116356	727	873	727	146
10341	89	117678	736	882	736	147
10341	90	119000	744	893	744	149
10342	1	1322	8	11	8	2
10342	2	2644	17	20	17	3
10342	3	3966	25	30	25	5
10342	4	5288	33	39	33	7
10342	5	6612	41	50	41	8
10342	6	7934	50	60	50	10
10342	7	9256	58	69	58	12
10342	8	10578	66	80	66	13
10342	9	11900	75	90	75	15
10342	10	13222	83	99	83	17
10342	11	14544	91	110	91	18
10342	12	15866	99	119	99	20
10342	13	17188	108	129	108	22
10342	14	18512	116	140	116	23
10342	15	19834	124	149	124	25
10342	16	21156	132	159	132	27
10342	17	22478	141	168	141	28
10342	18	23800	149	179	149	30
10342	19	25122	157	189	157	32
10342	20	26444	165	198	165	33
10342	21	27766	174	209	174	35
10342	22	29088	182	218	182	36
10342	23	30412	190	228	190	38
10342	24	31734	198	239	198	40
10342	25	33056	207	248	207	41
10342	26	34378	215	258	215	43
10342	27	35700	223	269	223	45
10342	28	37022	232	278	232	46
10342	29	38344	240	288	240	48
10342	30	39666	248	297	248	50
10342	31	40988	256	308	256	51
10342	32	42312	265	318	265	53
10342	33	43634	273	327	273	55
10342	34	44956	281	338	281	56
10342	35	46278	289	347	289	58
10342	36	47600	298	357	298	60
10342	37	48922	306	368	306	61
10342	38	50244	314	377	314	63
10342	39	51566	322	387	322	65
10342	40	52888	331	396	331	66
10342	41	54212	339	407	339	68
10342	42	55534	347	417	347	70
10342	43	56856	355	426	355	71
10342	44	58178	364	437	364	73
10342	45	59500	372	447	372	75
10342	46	60822	380	456	380	76
10342	47	62144	389	467	389	78
10342	48	63466	397	476	397	79
10342	49	64788	405	486	405	81
10342	50	66112	413	497	413	83
10342	51	67434	422	506	422	84
10342	52	68756	430	516	430	86
10342	53	70078	438	525	438	88
10342	54	71400	446	536	446	89
10342	55	72722	455	546	455	91
10342	56	74044	463	555	463	93
10342	57	75366	471	566	471	94
10342	58	76688	479	575	479	96
10342	59	78012	488	585	488	98
10342	60	79334	496	596	496	99
10342	61	80656	504	605	504	101
10342	62	81978	512	615	512	103
10342	63	83300	521	626	521	104
10342	64	84622	529	635	529	106
10342	65	85944	537	645	537	108
10342	66	87266	546	654	546	109
10342	67	88588	554	665	554	111
10342	68	89912	562	675	562	113
10342	69	91234	570	684	570	114
10342	70	92556	579	695	579	116
10342	71	93878	587	704	587	117
10342	72	95200	595	714	595	119
10342	73	96522	603	725	603	121
10342	74	97844	612	734	612	122
10342	75	99166	620	744	620	124
10342	76	100488	628	753	628	126
10342	77	101812	636	764	636	127
10342	78	103134	645	774	645	129
10342	79	104456	653	783	653	131
10342	80	105778	661	794	661	132
10342	81	107100	670	804	670	134
10342	82	108422	678	813	678	136
10342	83	109744	686	824	686	137
10342	84	111066	694	833	694	139
10342	85	112388	703	843	703	141
10342	86	113712	711	854	711	142
10342	87	115034	719	863	719	144
10342	88	116356	727	873	727	146
10342	89	117678	736	882	736	147
10342	90	119000	744	893	744	149
10480	1	661	33	7	33	7
10480	2	1322	66	13	66	13
10480	3	1983	99	20	99	20
10480	4	2644	132	26	132	26
10480	5	3306	165	33	165	33
10480	6	3967	198	40	198	40
10480	7	4628	231	46	231	46
10480	8	5289	264	53	264	53
10480	9	5950	298	60	298	60
10480	10	6611	331	66	331	66
10480	11	7272	364	73	364	73
10480	12	7933	397	79	397	79
10480	13	8594	430	86	430	86
10480	14	9256	463	93	463	93
10480	15	9917	496	99	496	99
10480	16	10578	529	106	529	106
10480	17	11239	562	112	562	112
10480	18	11900	595	119	595	119
10480	19	12561	628	126	628	126
10480	20	13222	661	132	661	132
10480	21	13883	694	139	694	139
10480	22	14544	727	145	727	145
10480	23	15206	760	152	760	152
10480	24	15867	793	159	793	159
10480	25	16528	826	165	826	165
10480	26	17189	859	172	859	172
10480	27	17850	893	179	893	179
10480	28	18511	926	185	926	185
10480	29	19172	959	192	959	192
10480	30	19833	992	198	992	198
10480	31	20494	1025	205	1025	205
10480	32	21156	1058	212	1058	212
10480	33	21817	1091	218	1091	218
10480	34	22478	1124	225	1124	225
10480	35	23139	1157	231	1157	231
10480	36	23800	1190	238	1190	238
10480	37	24461	1223	245	1223	245
10480	38	25122	1256	251	1256	251
10480	39	25783	1289	258	1289	258
10480	40	26444	1322	264	1322	264
10480	41	27106	1355	271	1355	271
10480	42	27767	1388	278	1388	278
10480	43	28428	1421	284	1421	284
10480	44	29089	1454	291	1454	291
10480	45	29750	1488	298	1488	298
10480	46	30411	1521	304	1521	304
10480	47	31072	1554	311	1554	311
10480	48	31733	1587	317	1587	317
10480	49	32394	1620	324	1620	324
10480	50	33056	1653	331	1653	331
10480	51	33717	1686	337	1686	337
10480	52	34378	1719	344	1719	344
10480	53	35039	1752	350	1752	350
10480	54	35700	1785	357	1785	357
10480	55	36361	1818	364	1818	364
10480	56	37022	1851	370	1851	370
10480	57	37683	1884	377	1884	377
10480	58	38344	1917	383	1917	383
10480	59	39006	1950	390	1950	390
10480	60	39667	1983	397	1983	397
10480	61	40328	2016	403	2016	403
10480	62	40989	2049	410	2049	410
10480	63	41650	2083	417	2083	417
10480	64	42311	2116	423	2116	423
10480	65	42972	2149	430	2149	430
10480	66	43633	2182	436	2182	436
10480	67	44294	2215	443	2215	443
10480	68	44956	2248	450	2248	450
10480	69	45617	2281	456	2281	456
10480	70	46278	2314	463	2314	463
10480	71	46939	2347	469	2347	469
10480	72	47600	2380	476	2380	476
10480	73	48261	2413	483	2413	483
10480	74	48922	2446	489	2446	489
10480	75	49583	2479	496	2479	496
10480	76	50244	2512	502	2512	502
10480	77	50906	2545	509	2545	509
10480	78	51567	2578	516	2578	516
10480	79	52228	2611	522	2611	522
10480	80	52889	2644	529	2644	529
10480	81	53550	2678	536	2678	536
10480	82	54211	2711	542	2711	542
10480	83	54872	2744	549	2744	549
10480	84	55533	2777	555	2777	555
10480	85	56194	2810	562	2810	562
10480	86	56856	2843	569	2843	569
10480	87	57517	2876	575	2876	575
10480	88	58178	2909	582	2909	582
10480	89	58839	2942	588	2942	588
10480	90	59500	2975	595	2975	595
10480	91	60161	3008	602	3008	602
10480	92	60822	3041	608	3041	608
10480	93	61483	3074	615	3074	615
10480	94	62144	3107	621	3107	621
10480	95	62806	3140	628	3140	628
10480	96	63467	3173	635	3173	635
10480	97	64128	3206	641	3206	641
10480	98	64789	3239	648	3239	648
10480	99	65450	3273	655	3273	655
10480	100	66111	3306	661	3306	661
10481	1	661	33	7	33	7
10481	2	1322	66	13	66	13
10481	3	1983	99	20	99	20
10481	4	2644	132	26	132	26
10481	5	3306	165	33	165	33
10481	6	3967	198	40	198	40
10481	7	4628	231	46	231	46
10481	8	5289	264	53	264	53
10481	9	5950	298	60	298	60
10481	10	6611	331	66	331	66
10481	11	7272	364	73	364	73
10481	12	7933	397	79	397	79
10481	13	8594	430	86	430	86
10481	14	9256	463	93	463	93
10481	15	9917	496	99	496	99
10481	16	10578	529	106	529	106
10481	17	11239	562	112	562	112
10481	18	11900	595	119	595	119
10481	19	12561	628	126	628	126
10481	20	13222	661	132	661	132
10481	21	13883	694	139	694	139
10481	22	14544	727	145	727	145
10481	23	15206	760	152	760	152
10481	24	15867	793	159	793	159
10481	25	16528	826	165	826	165
10481	26	17189	859	172	859	172
10481	27	17850	893	179	893	179
10481	28	18511	926	185	926	185
10481	29	19172	959	192	959	192
10481	30	19833	992	198	992	198
10481	31	20494	1025	205	1025	205
10481	32	21156	1058	212	1058	212
10481	33	21817	1091	218	1091	218
10481	34	22478	1124	225	1124	225
10481	35	23139	1157	231	1157	231
10481	36	23800	1190	238	1190	238
10481	37	24461	1223	245	1223	245
10481	38	25122	1256	251	1256	251
10481	39	25783	1289	258	1289	258
10481	40	26444	1322	264	1322	264
10481	41	27106	1355	271	1355	271
10481	42	27767	1388	278	1388	278
10481	43	28428	1421	284	1421	284
10481	44	29089	1454	291	1454	291
10481	45	29750	1488	298	1488	298
10481	46	30411	1521	304	1521	304
10481	47	31072	1554	311	1554	311
10481	48	31733	1587	317	1587	317
10481	49	32394	1620	324	1620	324
10481	50	33056	1653	331	1653	331
10481	51	33717	1686	337	1686	337
10481	52	34378	1719	344	1719	344
10481	53	35039	1752	350	1752	350
10481	54	35700	1785	357	1785	357
10481	55	36361	1818	364	1818	364
10481	56	37022	1851	370	1851	370
10481	57	37683	1884	377	1884	377
10481	58	38344	1917	383	1917	383
10481	59	39006	1950	390	1950	390
10481	60	39667	1983	397	1983	397
10481	61	40328	2016	403	2016	403
10481	62	40989	2049	410	2049	410
10481	63	41650	2083	417	2083	417
10481	64	42311	2116	423	2116	423
10481	65	42972	2149	430	2149	430
10481	66	43633	2182	436	2182	436
10481	67	44294	2215	443	2215	443
10481	68	44956	2248	450	2248	450
10481	69	45617	2281	456	2281	456
10481	70	46278	2314	463	2314	463
10481	71	46939	2347	469	2347	469
10481	72	47600	2380	476	2380	476
10481	73	48261	2413	483	2413	483
10481	74	48922	2446	489	2446	489
10481	75	49583	2479	496	2479	496
10481	76	50244	2512	502	2512	502
10481	77	50906	2545	509	2545	509
10481	78	51567	2578	516	2578	516
10481	79	52228	2611	522	2611	522
10481	80	52889	2644	529	2644	529
10481	81	53550	2678	536	2678	536
10481	82	54211	2711	542	2711	542
10481	83	54872	2744	549	2744	549
10481	84	55533	2777	555	2777	555
10481	85	56194	2810	562	2810	562
10481	86	56856	2843	569	2843	569
10481	87	57517	2876	575	2876	575
10481	88	58178	2909	582	2909	582
10481	89	58839	2942	588	2942	588
10481	90	59500	2975	595	2975	595
10481	91	60161	3008	602	3008	602
10481	92	60822	3041	608	3041	608
10481	93	61483	3074	615	3074	615
10481	94	62144	3107	621	3107	621
10481	95	62806	3140	628	3140	628
10481	96	63467	3173	635	3173	635
10481	97	64128	3206	641	3206	641
10481	98	64789	3239	648	3239	648
10481	99	65450	3273	655	3273	655
10481	100	66111	3306	661	3306	661
10482	1	661	33	7	33	7
10482	2	1322	66	13	66	13
10482	3	1983	99	20	99	20
10482	4	2644	132	26	132	26
10482	5	3306	165	33	165	33
10482	6	3967	198	40	198	40
10482	7	4628	231	46	231	46
10482	8	5289	264	53	264	53
10482	9	5950	298	60	298	60
10482	10	6611	331	66	331	66
10482	11	7272	364	73	364	73
10482	12	7933	397	79	397	79
10482	13	8594	430	86	430	86
10482	14	9256	463	93	463	93
10482	15	9917	496	99	496	99
10482	16	10578	529	106	529	106
10482	17	11239	562	112	562	112
10482	18	11900	595	119	595	119
10482	19	12561	628	126	628	126
10482	20	13222	661	132	661	132
10482	21	13883	694	139	694	139
10482	22	14544	727	145	727	145
10482	23	15206	760	152	760	152
10482	24	15867	793	159	793	159
10482	25	16528	826	165	826	165
10482	26	17189	859	172	859	172
10482	27	17850	893	179	893	179
10482	28	18511	926	185	926	185
10482	29	19172	959	192	959	192
10482	30	19833	992	198	992	198
10482	31	20494	1025	205	1025	205
10482	32	21156	1058	212	1058	212
10482	33	21817	1091	218	1091	218
10482	34	22478	1124	225	1124	225
10482	35	23139	1157	231	1157	231
10482	36	23800	1190	238	1190	238
10482	37	24461	1223	245	1223	245
10482	38	25122	1256	251	1256	251
10482	39	25783	1289	258	1289	258
10482	40	26444	1322	264	1322	264
10482	41	27106	1355	271	1355	271
10482	42	27767	1388	278	1388	278
10482	43	28428	1421	284	1421	284
10482	44	29089	1454	291	1454	291
10482	45	29750	1488	298	1488	298
10482	46	30411	1521	304	1521	304
10482	47	31072	1554	311	1554	311
10482	48	31733	1587	317	1587	317
10482	49	32394	1620	324	1620	324
10482	50	33056	1653	331	1653	331
10482	51	33717	1686	337	1686	337
10482	52	34378	1719	344	1719	344
10482	53	35039	1752	350	1752	350
10482	54	35700	1785	357	1785	357
10482	55	36361	1818	364	1818	364
10482	56	37022	1851	370	1851	370
10482	57	37683	1884	377	1884	377
10482	58	38344	1917	383	1917	383
10482	59	39006	1950	390	1950	390
10482	60	39667	1983	397	1983	397
10482	61	40328	2016	403	2016	403
10482	62	40989	2049	410	2049	410
10482	63	41650	2083	417	2083	417
10482	64	42311	2116	423	2116	423
10482	65	42972	2149	430	2149	430
10482	66	43633	2182	436	2182	436
10482	67	44294	2215	443	2215	443
10482	68	44956	2248	450	2248	450
10482	69	45617	2281	456	2281	456
10482	70	46278	2314	463	2314	463
10482	71	46939	2347	469	2347	469
10482	72	47600	2380	476	2380	476
10482	73	48261	2413	483	2413	483
10482	74	48922	2446	489	2446	489
10482	75	49583	2479	496	2479	496
10482	76	50244	2512	502	2512	502
10482	77	50906	2545	509	2545	509
10482	78	51567	2578	516	2578	516
10482	79	52228	2611	522	2611	522
10482	80	52889	2644	529	2644	529
10482	81	53550	2678	536	2678	536
10482	82	54211	2711	542	2711	542
10482	83	54872	2744	549	2744	549
10482	84	55533	2777	555	2777	555
10482	85	56194	2810	562	2810	562
10482	86	56856	2843	569	2843	569
10482	87	57517	2876	575	2876	575
10482	88	58178	2909	582	2909	582
10482	89	58839	2942	588	2942	588
10482	90	59500	2975	595	2975	595
10482	91	60161	3008	602	3008	602
10482	92	60822	3041	608	3041	608
10482	93	61483	3074	615	3074	615
10482	94	62144	3107	621	3107	621
10482	95	62806	3140	628	3140	628
10482	96	63467	3173	635	3173	635
10482	97	64128	3206	641	3206	641
10482	98	64789	3239	648	3239	648
10482	99	65450	3273	655	3273	655
10482	100	66111	3306	661	3306	661
10483	1	661	33	7	33	7
10483	2	1322	66	13	66	13
10483	3	1983	99	20	99	20
10483	4	2644	132	26	132	26
10483	5	3306	165	33	165	33
10483	6	3967	198	40	198	40
10483	7	4628	231	46	231	46
10483	8	5289	264	53	264	53
10483	9	5950	298	60	298	60
10483	10	6611	331	66	331	66
10483	11	7272	364	73	364	73
10483	12	7933	397	79	397	79
10483	13	8594	430	86	430	86
10483	14	9256	463	93	463	93
10483	15	9917	496	99	496	99
10483	16	10578	529	106	529	106
10483	17	11239	562	112	562	112
10483	18	11900	595	119	595	119
10483	19	12561	628	126	628	126
10483	20	13222	661	132	661	132
10483	21	13883	694	139	694	139
10483	22	14544	727	145	727	145
10483	23	15206	760	152	760	152
10483	24	15867	793	159	793	159
10483	25	16528	826	165	826	165
10483	26	17189	859	172	859	172
10483	27	17850	893	179	893	179
10483	28	18511	926	185	926	185
10483	29	19172	959	192	959	192
10483	30	19833	992	198	992	198
10483	31	20494	1025	205	1025	205
10483	32	21156	1058	212	1058	212
10483	33	21817	1091	218	1091	218
10483	34	22478	1124	225	1124	225
10483	35	23139	1157	231	1157	231
10483	36	23800	1190	238	1190	238
10483	37	24461	1223	245	1223	245
10483	38	25122	1256	251	1256	251
10483	39	25783	1289	258	1289	258
10483	40	26444	1322	264	1322	264
10483	41	27106	1355	271	1355	271
10483	42	27767	1388	278	1388	278
10483	43	28428	1421	284	1421	284
10483	44	29089	1454	291	1454	291
10483	45	29750	1488	298	1488	298
10483	46	30411	1521	304	1521	304
10483	47	31072	1554	311	1554	311
10483	48	31733	1587	317	1587	317
10483	49	32394	1620	324	1620	324
10483	50	33056	1653	331	1653	331
10483	51	33717	1686	337	1686	337
10483	52	34378	1719	344	1719	344
10483	53	35039	1752	350	1752	350
10483	54	35700	1785	357	1785	357
10483	55	36361	1818	364	1818	364
10483	56	37022	1851	370	1851	370
10483	57	37683	1884	377	1884	377
10483	58	38344	1917	383	1917	383
10483	59	39006	1950	390	1950	390
10483	60	39667	1983	397	1983	397
10483	61	40328	2016	403	2016	403
10483	62	40989	2049	410	2049	410
10483	63	41650	2083	417	2083	417
10483	64	42311	2116	423	2116	423
10483	65	42972	2149	430	2149	430
10483	66	43633	2182	436	2182	436
10483	67	44294	2215	443	2215	443
10483	68	44956	2248	450	2248	450
10483	69	45617	2281	456	2281	456
10483	70	46278	2314	463	2314	463
10483	71	46939	2347	469	2347	469
10483	72	47600	2380	476	2380	476
10483	73	48261	2413	483	2413	483
10483	74	48922	2446	489	2446	489
10483	75	49583	2479	496	2479	496
10483	76	50244	2512	502	2512	502
10483	77	50906	2545	509	2545	509
10483	78	51567	2578	516	2578	516
10483	79	52228	2611	522	2611	522
10483	80	52889	2644	529	2644	529
10483	81	53550	2678	536	2678	536
10483	82	54211	2711	542	2711	542
10483	83	54872	2744	549	2744	549
10483	84	55533	2777	555	2777	555
10483	85	56194	2810	562	2810	562
10483	86	56856	2843	569	2843	569
10483	87	57517	2876	575	2876	575
10483	88	58178	2909	582	2909	582
10483	89	58839	2942	588	2942	588
10483	90	59500	2975	595	2975	595
10483	91	60161	3008	602	3008	602
10483	92	60822	3041	608	3041	608
10483	93	61483	3074	615	3074	615
10483	94	62144	3107	621	3107	621
10483	95	62806	3140	628	3140	628
10483	96	63467	3173	635	3173	635
10483	97	64128	3206	641	3206	641
10483	98	64789	3239	648	3239	648
10483	99	65450	3273	655	3273	655
10483	100	66111	3306	661	3306	661
10484	1	661	33	7	33	7
10484	2	1322	66	13	66	13
10484	3	1983	99	20	99	20
10484	4	2644	132	26	132	26
10484	5	3306	165	33	165	33
10484	6	3967	198	40	198	40
10484	7	4628	231	46	231	46
10484	8	5289	264	53	264	53
10484	9	5950	298	60	298	60
10484	10	6611	331	66	331	66
10484	11	7272	364	73	364	73
10484	12	7933	397	79	397	79
10484	13	8594	430	86	430	86
10484	14	9256	463	93	463	93
10484	15	9917	496	99	496	99
10484	16	10578	529	106	529	106
10484	17	11239	562	112	562	112
10484	18	11900	595	119	595	119
10484	19	12561	628	126	628	126
10484	20	13222	661	132	661	132
10484	21	13883	694	139	694	139
10484	22	14544	727	145	727	145
10484	23	15206	760	152	760	152
10484	24	15867	793	159	793	159
10484	25	16528	826	165	826	165
10484	26	17189	859	172	859	172
10484	27	17850	893	179	893	179
10484	28	18511	926	185	926	185
10484	29	19172	959	192	959	192
10484	30	19833	992	198	992	198
10484	31	20494	1025	205	1025	205
10484	32	21156	1058	212	1058	212
10484	33	21817	1091	218	1091	218
10484	34	22478	1124	225	1124	225
10484	35	23139	1157	231	1157	231
10484	36	23800	1190	238	1190	238
10484	37	24461	1223	245	1223	245
10484	38	25122	1256	251	1256	251
10484	39	25783	1289	258	1289	258
10484	40	26444	1322	264	1322	264
10484	41	27106	1355	271	1355	271
10484	42	27767	1388	278	1388	278
10484	43	28428	1421	284	1421	284
10484	44	29089	1454	291	1454	291
10484	45	29750	1488	298	1488	298
10484	46	30411	1521	304	1521	304
10484	47	31072	1554	311	1554	311
10484	48	31733	1587	317	1587	317
10484	49	32394	1620	324	1620	324
10484	50	33056	1653	331	1653	331
10484	51	33717	1686	337	1686	337
10484	52	34378	1719	344	1719	344
10484	53	35039	1752	350	1752	350
10484	54	35700	1785	357	1785	357
10484	55	36361	1818	364	1818	364
10484	56	37022	1851	370	1851	370
10484	57	37683	1884	377	1884	377
10484	58	38344	1917	383	1917	383
10484	59	39006	1950	390	1950	390
10484	60	39667	1983	397	1983	397
10484	61	40328	2016	403	2016	403
10484	62	40989	2049	410	2049	410
10484	63	41650	2083	417	2083	417
10484	64	42311	2116	423	2116	423
10484	65	42972	2149	430	2149	430
10484	66	43633	2182	436	2182	436
10484	67	44294	2215	443	2215	443
10484	68	44956	2248	450	2248	450
10484	69	45617	2281	456	2281	456
10484	70	46278	2314	463	2314	463
10484	71	46939	2347	469	2347	469
10484	72	47600	2380	476	2380	476
10484	73	48261	2413	483	2413	483
10484	74	48922	2446	489	2446	489
10484	75	49583	2479	496	2479	496
10484	76	50244	2512	502	2512	502
10484	77	50906	2545	509	2545	509
10484	78	51567	2578	516	2578	516
10484	79	52228	2611	522	2611	522
10484	80	52889	2644	529	2644	529
10484	81	53550	2678	536	2678	536
10484	82	54211	2711	542	2711	542
10484	83	54872	2744	549	2744	549
10484	84	55533	2777	555	2777	555
10484	85	56194	2810	562	2810	562
10484	86	56856	2843	569	2843	569
10484	87	57517	2876	575	2876	575
10484	88	58178	2909	582	2909	582
10484	89	58839	2942	588	2942	588
10484	90	59500	2975	595	2975	595
10484	91	60161	3008	602	3008	602
10484	92	60822	3041	608	3041	608
10484	93	61483	3074	615	3074	615
10484	94	62144	3107	621	3107	621
10484	95	62806	3140	628	3140	628
10484	96	63467	3173	635	3173	635
10484	97	64128	3206	641	3206	641
10484	98	64789	3239	648	3239	648
10484	99	65450	3273	655	3273	655
10484	100	66111	3306	661	3306	661
10485	1	661	33	7	33	7
10485	2	1322	66	13	66	13
10485	3	1983	99	20	99	20
10485	4	2644	132	26	132	26
10485	5	3306	165	33	165	33
10485	6	3967	198	40	198	40
10485	7	4628	231	46	231	46
10485	8	5289	264	53	264	53
10485	9	5950	298	60	298	60
10485	10	6611	331	66	331	66
10485	11	7272	364	73	364	73
10485	12	7933	397	79	397	79
10485	13	8594	430	86	430	86
10485	14	9256	463	93	463	93
10485	15	9917	496	99	496	99
10485	16	10578	529	106	529	106
10485	17	11239	562	112	562	112
10485	18	11900	595	119	595	119
10485	19	12561	628	126	628	126
10485	20	13222	661	132	661	132
10485	21	13883	694	139	694	139
10485	22	14544	727	145	727	145
10485	23	15206	760	152	760	152
10485	24	15867	793	159	793	159
10485	25	16528	826	165	826	165
10485	26	17189	859	172	859	172
10485	27	17850	893	179	893	179
10485	28	18511	926	185	926	185
10485	29	19172	959	192	959	192
10485	30	19833	992	198	992	198
10485	31	20494	1025	205	1025	205
10485	32	21156	1058	212	1058	212
10485	33	21817	1091	218	1091	218
10485	34	22478	1124	225	1124	225
10485	35	23139	1157	231	1157	231
10485	36	23800	1190	238	1190	238
10485	37	24461	1223	245	1223	245
10485	38	25122	1256	251	1256	251
10485	39	25783	1289	258	1289	258
10485	40	26444	1322	264	1322	264
10485	41	27106	1355	271	1355	271
10485	42	27767	1388	278	1388	278
10485	43	28428	1421	284	1421	284
10485	44	29089	1454	291	1454	291
10485	45	29750	1488	298	1488	298
10485	46	30411	1521	304	1521	304
10485	47	31072	1554	311	1554	311
10485	48	31733	1587	317	1587	317
10485	49	32394	1620	324	1620	324
10485	50	33056	1653	331	1653	331
10485	51	33717	1686	337	1686	337
10485	52	34378	1719	344	1719	344
10485	53	35039	1752	350	1752	350
10485	54	35700	1785	357	1785	357
10485	55	36361	1818	364	1818	364
10485	56	37022	1851	370	1851	370
10485	57	37683	1884	377	1884	377
10485	58	38344	1917	383	1917	383
10485	59	39006	1950	390	1950	390
10485	60	39667	1983	397	1983	397
10485	61	40328	2016	403	2016	403
10485	62	40989	2049	410	2049	410
10485	63	41650	2083	417	2083	417
10485	64	42311	2116	423	2116	423
10485	65	42972	2149	430	2149	430
10485	66	43633	2182	436	2182	436
10485	67	44294	2215	443	2215	443
10485	68	44956	2248	450	2248	450
10485	69	45617	2281	456	2281	456
10485	70	46278	2314	463	2314	463
10485	71	46939	2347	469	2347	469
10485	72	47600	2380	476	2380	476
10485	73	48261	2413	483	2413	483
10485	74	48922	2446	489	2446	489
10485	75	49583	2479	496	2479	496
10485	76	50244	2512	502	2512	502
10485	77	50906	2545	509	2545	509
10485	78	51567	2578	516	2578	516
10485	79	52228	2611	522	2611	522
10485	80	52889	2644	529	2644	529
10485	81	53550	2678	536	2678	536
10485	82	54211	2711	542	2711	542
10485	83	54872	2744	549	2744	549
10485	84	55533	2777	555	2777	555
10485	85	56194	2810	562	2810	562
10485	86	56856	2843	569	2843	569
10485	87	57517	2876	575	2876	575
10485	88	58178	2909	582	2909	582
10485	89	58839	2942	588	2942	588
10485	90	59500	2975	595	2975	595
10485	91	60161	3008	602	3008	602
10485	92	60822	3041	608	3041	608
10485	93	61483	3074	615	3074	615
10485	94	62144	3107	621	3107	621
10485	95	62806	3140	628	3140	628
10485	96	63467	3173	635	3173	635
10485	97	64128	3206	641	3206	641
10485	98	64789	3239	648	3239	648
10485	99	65450	3273	655	3273	655
10485	100	66111	3306	661	3306	661
10486	1	661	33	7	33	7
10486	2	1322	66	13	66	13
10486	3	1983	99	20	99	20
10486	4	2644	132	26	132	26
10486	5	3306	165	33	165	33
10486	6	3967	198	40	198	40
10486	7	4628	231	46	231	46
10486	8	5289	264	53	264	53
10486	9	5950	298	60	298	60
10486	10	6611	331	66	331	66
10486	11	7272	364	73	364	73
10486	12	7933	397	79	397	79
10486	13	8594	430	86	430	86
10486	14	9256	463	93	463	93
10486	15	9917	496	99	496	99
10486	16	10578	529	106	529	106
10486	17	11239	562	112	562	112
10486	18	11900	595	119	595	119
10486	19	12561	628	126	628	126
10486	20	13222	661	132	661	132
10486	21	13883	694	139	694	139
10486	22	14544	727	145	727	145
10486	23	15206	760	152	760	152
10486	24	15867	793	159	793	159
10486	25	16528	826	165	826	165
10486	26	17189	859	172	859	172
10486	27	17850	893	179	893	179
10486	28	18511	926	185	926	185
10486	29	19172	959	192	959	192
10486	30	19833	992	198	992	198
10486	31	20494	1025	205	1025	205
10486	32	21156	1058	212	1058	212
10486	33	21817	1091	218	1091	218
10486	34	22478	1124	225	1124	225
10486	35	23139	1157	231	1157	231
10486	36	23800	1190	238	1190	238
10486	37	24461	1223	245	1223	245
10486	38	25122	1256	251	1256	251
10486	39	25783	1289	258	1289	258
10486	40	26444	1322	264	1322	264
10486	41	27106	1355	271	1355	271
10486	42	27767	1388	278	1388	278
10486	43	28428	1421	284	1421	284
10486	44	29089	1454	291	1454	291
10486	45	29750	1488	298	1488	298
10486	46	30411	1521	304	1521	304
10486	47	31072	1554	311	1554	311
10486	48	31733	1587	317	1587	317
10486	49	32394	1620	324	1620	324
10486	50	33056	1653	331	1653	331
10486	51	33717	1686	337	1686	337
10486	52	34378	1719	344	1719	344
10486	53	35039	1752	350	1752	350
10486	54	35700	1785	357	1785	357
10486	55	36361	1818	364	1818	364
10486	56	37022	1851	370	1851	370
10486	57	37683	1884	377	1884	377
10486	58	38344	1917	383	1917	383
10486	59	39006	1950	390	1950	390
10486	60	39667	1983	397	1983	397
10486	61	40328	2016	403	2016	403
10486	62	40989	2049	410	2049	410
10486	63	41650	2083	417	2083	417
10486	64	42311	2116	423	2116	423
10486	65	42972	2149	430	2149	430
10486	66	43633	2182	436	2182	436
10486	67	44294	2215	443	2215	443
10486	68	44956	2248	450	2248	450
10486	69	45617	2281	456	2281	456
10486	70	46278	2314	463	2314	463
10486	71	46939	2347	469	2347	469
10486	72	47600	2380	476	2380	476
10486	73	48261	2413	483	2413	483
10486	74	48922	2446	489	2446	489
10486	75	49583	2479	496	2479	496
10486	76	50244	2512	502	2512	502
10486	77	50906	2545	509	2545	509
10486	78	51567	2578	516	2578	516
10486	79	52228	2611	522	2611	522
10486	80	52889	2644	529	2644	529
10486	81	53550	2678	536	2678	536
10486	82	54211	2711	542	2711	542
10486	83	54872	2744	549	2744	549
10486	84	55533	2777	555	2777	555
10486	85	56194	2810	562	2810	562
10486	86	56856	2843	569	2843	569
10486	87	57517	2876	575	2876	575
10486	88	58178	2909	582	2909	582
10486	89	58839	2942	588	2942	588
10486	90	59500	2975	595	2975	595
10486	91	60161	3008	602	3008	602
10486	92	60822	3041	608	3041	608
10486	93	61483	3074	615	3074	615
10486	94	62144	3107	621	3107	621
10486	95	62806	3140	628	3140	628
10486	96	63467	3173	635	3173	635
10486	97	64128	3206	641	3206	641
10486	98	64789	3239	648	3239	648
10486	99	65450	3273	655	3273	655
10486	100	66111	3306	661	3306	661
10487	1	661	33	7	33	7
10487	2	1322	66	13	66	13
10487	3	1983	99	20	99	20
10487	4	2644	132	26	132	26
10487	5	3306	165	33	165	33
10487	6	3967	198	40	198	40
10487	7	4628	231	46	231	46
10487	8	5289	264	53	264	53
10487	9	5950	298	60	298	60
10487	10	6611	331	66	331	66
10487	11	7272	364	73	364	73
10487	12	7933	397	79	397	79
10487	13	8594	430	86	430	86
10487	14	9256	463	93	463	93
10487	15	9917	496	99	496	99
10487	16	10578	529	106	529	106
10487	17	11239	562	112	562	112
10487	18	11900	595	119	595	119
10487	19	12561	628	126	628	126
10487	20	13222	661	132	661	132
10487	21	13883	694	139	694	139
10487	22	14544	727	145	727	145
10487	23	15206	760	152	760	152
10487	24	15867	793	159	793	159
10487	25	16528	826	165	826	165
10487	26	17189	859	172	859	172
10487	27	17850	893	179	893	179
10487	28	18511	926	185	926	185
10487	29	19172	959	192	959	192
10487	30	19833	992	198	992	198
10487	31	20494	1025	205	1025	205
10487	32	21156	1058	212	1058	212
10487	33	21817	1091	218	1091	218
10487	34	22478	1124	225	1124	225
10487	35	23139	1157	231	1157	231
10487	36	23800	1190	238	1190	238
10487	37	24461	1223	245	1223	245
10487	38	25122	1256	251	1256	251
10487	39	25783	1289	258	1289	258
10487	40	26444	1322	264	1322	264
10487	41	27106	1355	271	1355	271
10487	42	27767	1388	278	1388	278
10487	43	28428	1421	284	1421	284
10487	44	29089	1454	291	1454	291
10487	45	29750	1488	298	1488	298
10487	46	30411	1521	304	1521	304
10487	47	31072	1554	311	1554	311
10487	48	31733	1587	317	1587	317
10487	49	32394	1620	324	1620	324
10487	50	33056	1653	331	1653	331
10487	51	33717	1686	337	1686	337
10487	52	34378	1719	344	1719	344
10487	53	35039	1752	350	1752	350
10487	54	35700	1785	357	1785	357
10487	55	36361	1818	364	1818	364
10487	56	37022	1851	370	1851	370
10487	57	37683	1884	377	1884	377
10487	58	38344	1917	383	1917	383
10487	59	39006	1950	390	1950	390
10487	60	39667	1983	397	1983	397
10487	61	40328	2016	403	2016	403
10487	62	40989	2049	410	2049	410
10487	63	41650	2083	417	2083	417
10487	64	42311	2116	423	2116	423
10487	65	42972	2149	430	2149	430
10487	66	43633	2182	436	2182	436
10487	67	44294	2215	443	2215	443
10487	68	44956	2248	450	2248	450
10487	69	45617	2281	456	2281	456
10487	70	46278	2314	463	2314	463
10487	71	46939	2347	469	2347	469
10487	72	47600	2380	476	2380	476
10487	73	48261	2413	483	2413	483
10487	74	48922	2446	489	2446	489
10487	75	49583	2479	496	2479	496
10487	76	50244	2512	502	2512	502
10487	77	50906	2545	509	2545	509
10487	78	51567	2578	516	2578	516
10487	79	52228	2611	522	2611	522
10487	80	52889	2644	529	2644	529
10487	81	53550	2678	536	2678	536
10487	82	54211	2711	542	2711	542
10487	83	54872	2744	549	2744	549
10487	84	55533	2777	555	2777	555
10487	85	56194	2810	562	2810	562
10487	86	56856	2843	569	2843	569
10487	87	57517	2876	575	2876	575
10487	88	58178	2909	582	2909	582
10487	89	58839	2942	588	2942	588
10487	90	59500	2975	595	2975	595
10487	91	60161	3008	602	3008	602
10487	92	60822	3041	608	3041	608
10487	93	61483	3074	615	3074	615
10487	94	62144	3107	621	3107	621
10487	95	62806	3140	628	3140	628
10487	96	63467	3173	635	3173	635
10487	97	64128	3206	641	3206	641
10487	98	64789	3239	648	3239	648
10487	99	65450	3273	655	3273	655
10487	100	66111	3306	661	3306	661
10488	1	661	33	7	33	7
10488	2	1322	66	13	66	13
10488	3	1983	99	20	99	20
10488	4	2644	132	26	132	26
10488	5	3306	165	33	165	33
10488	6	3967	198	40	198	40
10488	7	4628	231	46	231	46
10488	8	5289	264	53	264	53
10488	9	5950	298	60	298	60
10488	10	6611	331	66	331	66
10488	11	7272	364	73	364	73
10488	12	7933	397	79	397	79
10488	13	8594	430	86	430	86
10488	14	9256	463	93	463	93
10488	15	9917	496	99	496	99
10488	16	10578	529	106	529	106
10488	17	11239	562	112	562	112
10488	18	11900	595	119	595	119
10488	19	12561	628	126	628	126
10488	20	13222	661	132	661	132
10488	21	13883	694	139	694	139
10488	22	14544	727	145	727	145
10488	23	15206	760	152	760	152
10488	24	15867	793	159	793	159
10488	25	16528	826	165	826	165
10488	26	17189	859	172	859	172
10488	27	17850	893	179	893	179
10488	28	18511	926	185	926	185
10488	29	19172	959	192	959	192
10488	30	19833	992	198	992	198
10488	31	20494	1025	205	1025	205
10488	32	21156	1058	212	1058	212
10488	33	21817	1091	218	1091	218
10488	34	22478	1124	225	1124	225
10488	35	23139	1157	231	1157	231
10488	36	23800	1190	238	1190	238
10488	37	24461	1223	245	1223	245
10488	38	25122	1256	251	1256	251
10488	39	25783	1289	258	1289	258
10488	40	26444	1322	264	1322	264
10488	41	27106	1355	271	1355	271
10488	42	27767	1388	278	1388	278
10488	43	28428	1421	284	1421	284
10488	44	29089	1454	291	1454	291
10488	45	29750	1488	298	1488	298
10488	46	30411	1521	304	1521	304
10488	47	31072	1554	311	1554	311
10488	48	31733	1587	317	1587	317
10488	49	32394	1620	324	1620	324
10488	50	33056	1653	331	1653	331
10488	51	33717	1686	337	1686	337
10488	52	34378	1719	344	1719	344
10488	53	35039	1752	350	1752	350
10488	54	35700	1785	357	1785	357
10488	55	36361	1818	364	1818	364
10488	56	37022	1851	370	1851	370
10488	57	37683	1884	377	1884	377
10488	58	38344	1917	383	1917	383
10488	59	39006	1950	390	1950	390
10488	60	39667	1983	397	1983	397
10488	61	40328	2016	403	2016	403
10488	62	40989	2049	410	2049	410
10488	63	41650	2083	417	2083	417
10488	64	42311	2116	423	2116	423
10488	65	42972	2149	430	2149	430
10488	66	43633	2182	436	2182	436
10488	67	44294	2215	443	2215	443
10488	68	44956	2248	450	2248	450
10488	69	45617	2281	456	2281	456
10488	70	46278	2314	463	2314	463
10488	71	46939	2347	469	2347	469
10488	72	47600	2380	476	2380	476
10488	73	48261	2413	483	2413	483
10488	74	48922	2446	489	2446	489
10488	75	49583	2479	496	2479	496
10488	76	50244	2512	502	2512	502
10488	77	50906	2545	509	2545	509
10488	78	51567	2578	516	2578	516
10488	79	52228	2611	522	2611	522
10488	80	52889	2644	529	2644	529
10488	81	53550	2678	536	2678	536
10488	82	54211	2711	542	2711	542
10488	83	54872	2744	549	2744	549
10488	84	55533	2777	555	2777	555
10488	85	56194	2810	562	2810	562
10488	86	56856	2843	569	2843	569
10488	87	57517	2876	575	2876	575
10488	88	58178	2909	582	2909	582
10488	89	58839	2942	588	2942	588
10488	90	59500	2975	595	2975	595
10488	91	60161	3008	602	3008	602
10488	92	60822	3041	608	3041	608
10488	93	61483	3074	615	3074	615
10488	94	62144	3107	621	3107	621
10488	95	62806	3140	628	3140	628
10488	96	63467	3173	635	3173	635
10488	97	64128	3206	641	3206	641
10488	98	64789	3239	648	3239	648
10488	99	65450	3273	655	3273	655
10488	100	66111	3306	661	3306	661
10489	1	661	33	7	33	7
10489	2	1322	66	13	66	13
10489	3	1983	99	20	99	20
10489	4	2644	132	26	132	26
10489	5	3306	165	33	165	33
10489	6	3967	198	40	198	40
10489	7	4628	231	46	231	46
10489	8	5289	264	53	264	53
10489	9	5950	298	60	298	60
10489	10	6611	331	66	331	66
10489	11	7272	364	73	364	73
10489	12	7933	397	79	397	79
10489	13	8594	430	86	430	86
10489	14	9256	463	93	463	93
10489	15	9917	496	99	496	99
10489	16	10578	529	106	529	106
10489	17	11239	562	112	562	112
10489	18	11900	595	119	595	119
10489	19	12561	628	126	628	126
10489	20	13222	661	132	661	132
10489	21	13883	694	139	694	139
10489	22	14544	727	145	727	145
10489	23	15206	760	152	760	152
10489	24	15867	793	159	793	159
10489	25	16528	826	165	826	165
10489	26	17189	859	172	859	172
10489	27	17850	893	179	893	179
10489	28	18511	926	185	926	185
10489	29	19172	959	192	959	192
10489	30	19833	992	198	992	198
10489	31	20494	1025	205	1025	205
10489	32	21156	1058	212	1058	212
10489	33	21817	1091	218	1091	218
10489	34	22478	1124	225	1124	225
10489	35	23139	1157	231	1157	231
10489	36	23800	1190	238	1190	238
10489	37	24461	1223	245	1223	245
10489	38	25122	1256	251	1256	251
10489	39	25783	1289	258	1289	258
10489	40	26444	1322	264	1322	264
10489	41	27106	1355	271	1355	271
10489	42	27767	1388	278	1388	278
10489	43	28428	1421	284	1421	284
10489	44	29089	1454	291	1454	291
10489	45	29750	1488	298	1488	298
10489	46	30411	1521	304	1521	304
10489	47	31072	1554	311	1554	311
10489	48	31733	1587	317	1587	317
10489	49	32394	1620	324	1620	324
10489	50	33056	1653	331	1653	331
10489	51	33717	1686	337	1686	337
10489	52	34378	1719	344	1719	344
10489	53	35039	1752	350	1752	350
10489	54	35700	1785	357	1785	357
10489	55	36361	1818	364	1818	364
10489	56	37022	1851	370	1851	370
10489	57	37683	1884	377	1884	377
10489	58	38344	1917	383	1917	383
10489	59	39006	1950	390	1950	390
10489	60	39667	1983	397	1983	397
10489	61	40328	2016	403	2016	403
10489	62	40989	2049	410	2049	410
10489	63	41650	2083	417	2083	417
10489	64	42311	2116	423	2116	423
10489	65	42972	2149	430	2149	430
10489	66	43633	2182	436	2182	436
10489	67	44294	2215	443	2215	443
10489	68	44956	2248	450	2248	450
10489	69	45617	2281	456	2281	456
10489	70	46278	2314	463	2314	463
10489	71	46939	2347	469	2347	469
10489	72	47600	2380	476	2380	476
10489	73	48261	2413	483	2413	483
10489	74	48922	2446	489	2446	489
10489	75	49583	2479	496	2479	496
10489	76	50244	2512	502	2512	502
10489	77	50906	2545	509	2545	509
10489	78	51567	2578	516	2578	516
10489	79	52228	2611	522	2611	522
10489	80	52889	2644	529	2644	529
10489	81	53550	2678	536	2678	536
10489	82	54211	2711	542	2711	542
10489	83	54872	2744	549	2744	549
10489	84	55533	2777	555	2777	555
10489	85	56194	2810	562	2810	562
10489	86	56856	2843	569	2843	569
10489	87	57517	2876	575	2876	575
10489	88	58178	2909	582	2909	582
10489	89	58839	2942	588	2942	588
10489	90	59500	2975	595	2975	595
10489	91	60161	3008	602	3008	602
10489	92	60822	3041	608	3041	608
10489	93	61483	3074	615	3074	615
10489	94	62144	3107	621	3107	621
10489	95	62806	3140	628	3140	628
10489	96	63467	3173	635	3173	635
10489	97	64128	3206	641	3206	641
10489	98	64789	3239	648	3239	648
10489	99	65450	3273	655	3273	655
10489	100	66111	3306	661	3306	661
10490	1	661	33	7	33	7
10490	2	1322	66	13	66	13
10490	3	1983	99	20	99	20
10490	4	2644	132	26	132	26
10490	5	3306	165	33	165	33
10490	6	3967	198	40	198	40
10490	7	4628	231	46	231	46
10490	8	5289	264	53	264	53
10490	9	5950	298	60	298	60
10490	10	6611	331	66	331	66
10490	11	7272	364	73	364	73
10490	12	7933	397	79	397	79
10490	13	8594	430	86	430	86
10490	14	9256	463	93	463	93
10490	15	9917	496	99	496	99
10490	16	10578	529	106	529	106
10490	17	11239	562	112	562	112
10490	18	11900	595	119	595	119
10490	19	12561	628	126	628	126
10490	20	13222	661	132	661	132
10490	21	13883	694	139	694	139
10490	22	14544	727	145	727	145
10490	23	15206	760	152	760	152
10490	24	15867	793	159	793	159
10490	25	16528	826	165	826	165
10490	26	17189	859	172	859	172
10490	27	17850	893	179	893	179
10490	28	18511	926	185	926	185
10490	29	19172	959	192	959	192
10490	30	19833	992	198	992	198
10490	31	20494	1025	205	1025	205
10490	32	21156	1058	212	1058	212
10490	33	21817	1091	218	1091	218
10490	34	22478	1124	225	1124	225
10490	35	23139	1157	231	1157	231
10490	36	23800	1190	238	1190	238
10490	37	24461	1223	245	1223	245
10490	38	25122	1256	251	1256	251
10490	39	25783	1289	258	1289	258
10490	40	26444	1322	264	1322	264
10490	41	27106	1355	271	1355	271
10490	42	27767	1388	278	1388	278
10490	43	28428	1421	284	1421	284
10490	44	29089	1454	291	1454	291
10490	45	29750	1488	298	1488	298
10490	46	30411	1521	304	1521	304
10490	47	31072	1554	311	1554	311
10490	48	31733	1587	317	1587	317
10490	49	32394	1620	324	1620	324
10490	50	33056	1653	331	1653	331
10490	51	33717	1686	337	1686	337
10490	52	34378	1719	344	1719	344
10490	53	35039	1752	350	1752	350
10490	54	35700	1785	357	1785	357
10490	55	36361	1818	364	1818	364
10490	56	37022	1851	370	1851	370
10490	57	37683	1884	377	1884	377
10490	58	38344	1917	383	1917	383
10490	59	39006	1950	390	1950	390
10490	60	39667	1983	397	1983	397
10490	61	40328	2016	403	2016	403
10490	62	40989	2049	410	2049	410
10490	63	41650	2083	417	2083	417
10490	64	42311	2116	423	2116	423
10490	65	42972	2149	430	2149	430
10490	66	43633	2182	436	2182	436
10490	67	44294	2215	443	2215	443
10490	68	44956	2248	450	2248	450
10490	69	45617	2281	456	2281	456
10490	70	46278	2314	463	2314	463
10490	71	46939	2347	469	2347	469
10490	72	47600	2380	476	2380	476
10490	73	48261	2413	483	2413	483
10490	74	48922	2446	489	2446	489
10490	75	49583	2479	496	2479	496
10490	76	50244	2512	502	2512	502
10490	77	50906	2545	509	2545	509
10490	78	51567	2578	516	2578	516
10490	79	52228	2611	522	2611	522
10490	80	52889	2644	529	2644	529
10490	81	53550	2678	536	2678	536
10490	82	54211	2711	542	2711	542
10490	83	54872	2744	549	2744	549
10490	84	55533	2777	555	2777	555
10490	85	56194	2810	562	2810	562
10490	86	56856	2843	569	2843	569
10490	87	57517	2876	575	2876	575
10490	88	58178	2909	582	2909	582
10490	89	58839	2942	588	2942	588
10490	90	59500	2975	595	2975	595
10490	91	60161	3008	602	3008	602
10490	92	60822	3041	608	3041	608
10490	93	61483	3074	615	3074	615
10490	94	62144	3107	621	3107	621
10490	95	62806	3140	628	3140	628
10490	96	63467	3173	635	3173	635
10490	97	64128	3206	641	3206	641
10490	98	64789	3239	648	3239	648
10490	99	65450	3273	655	3273	655
10490	100	66111	3306	661	3306	661
10491	1	661	33	7	33	7
10491	2	1322	66	13	66	13
10491	3	1983	99	20	99	20
10491	4	2644	132	26	132	26
10491	5	3306	165	33	165	33
10491	6	3967	198	40	198	40
10491	7	4628	231	46	231	46
10491	8	5289	264	53	264	53
10491	9	5950	298	60	298	60
10491	10	6611	331	66	331	66
10491	11	7272	364	73	364	73
10491	12	7933	397	79	397	79
10491	13	8594	430	86	430	86
10491	14	9256	463	93	463	93
10491	15	9917	496	99	496	99
10491	16	10578	529	106	529	106
10491	17	11239	562	112	562	112
10491	18	11900	595	119	595	119
10491	19	12561	628	126	628	126
10491	20	13222	661	132	661	132
10491	21	13883	694	139	694	139
10491	22	14544	727	145	727	145
10491	23	15206	760	152	760	152
10491	24	15867	793	159	793	159
10491	25	16528	826	165	826	165
10491	26	17189	859	172	859	172
10491	27	17850	893	179	893	179
10491	28	18511	926	185	926	185
10491	29	19172	959	192	959	192
10491	30	19833	992	198	992	198
10491	31	20494	1025	205	1025	205
10491	32	21156	1058	212	1058	212
10491	33	21817	1091	218	1091	218
10491	34	22478	1124	225	1124	225
10491	35	23139	1157	231	1157	231
10491	36	23800	1190	238	1190	238
10491	37	24461	1223	245	1223	245
10491	38	25122	1256	251	1256	251
10491	39	25783	1289	258	1289	258
10491	40	26444	1322	264	1322	264
10491	41	27106	1355	271	1355	271
10491	42	27767	1388	278	1388	278
10491	43	28428	1421	284	1421	284
10491	44	29089	1454	291	1454	291
10491	45	29750	1488	298	1488	298
10491	46	30411	1521	304	1521	304
10491	47	31072	1554	311	1554	311
10491	48	31733	1587	317	1587	317
10491	49	32394	1620	324	1620	324
10491	50	33056	1653	331	1653	331
10491	51	33717	1686	337	1686	337
10491	52	34378	1719	344	1719	344
10491	53	35039	1752	350	1752	350
10491	54	35700	1785	357	1785	357
10491	55	36361	1818	364	1818	364
10491	56	37022	1851	370	1851	370
10491	57	37683	1884	377	1884	377
10491	58	38344	1917	383	1917	383
10491	59	39006	1950	390	1950	390
10491	60	39667	1983	397	1983	397
10491	61	40328	2016	403	2016	403
10491	62	40989	2049	410	2049	410
10491	63	41650	2083	417	2083	417
10491	64	42311	2116	423	2116	423
10491	65	42972	2149	430	2149	430
10491	66	43633	2182	436	2182	436
10491	67	44294	2215	443	2215	443
10491	68	44956	2248	450	2248	450
10491	69	45617	2281	456	2281	456
10491	70	46278	2314	463	2314	463
10491	71	46939	2347	469	2347	469
10491	72	47600	2380	476	2380	476
10491	73	48261	2413	483	2413	483
10491	74	48922	2446	489	2446	489
10491	75	49583	2479	496	2479	496
10491	76	50244	2512	502	2512	502
10491	77	50906	2545	509	2545	509
10491	78	51567	2578	516	2578	516
10491	79	52228	2611	522	2611	522
10491	80	52889	2644	529	2644	529
10491	81	53550	2678	536	2678	536
10491	82	54211	2711	542	2711	542
10491	83	54872	2744	549	2744	549
10491	84	55533	2777	555	2777	555
10491	85	56194	2810	562	2810	562
10491	86	56856	2843	569	2843	569
10491	87	57517	2876	575	2876	575
10491	88	58178	2909	582	2909	582
10491	89	58839	2942	588	2942	588
10491	90	59500	2975	595	2975	595
10491	91	60161	3008	602	3008	602
10491	92	60822	3041	608	3041	608
10491	93	61483	3074	615	3074	615
10491	94	62144	3107	621	3107	621
10491	95	62806	3140	628	3140	628
10491	96	63467	3173	635	3173	635
10491	97	64128	3206	641	3206	641
10491	98	64789	3239	648	3239	648
10491	99	65450	3273	655	3273	655
10491	100	66111	3306	661	3306	661
10492	1	661	33	7	33	7
10492	2	1322	66	13	66	13
10492	3	1983	99	20	99	20
10492	4	2644	132	26	132	26
10492	5	3306	165	33	165	33
10492	6	3967	198	40	198	40
10492	7	4628	231	46	231	46
10492	8	5289	264	53	264	53
10492	9	5950	298	60	298	60
10492	10	6611	331	66	331	66
10492	11	7272	364	73	364	73
10492	12	7933	397	79	397	79
10492	13	8594	430	86	430	86
10492	14	9256	463	93	463	93
10492	15	9917	496	99	496	99
10492	16	10578	529	106	529	106
10492	17	11239	562	112	562	112
10492	18	11900	595	119	595	119
10492	19	12561	628	126	628	126
10492	20	13222	661	132	661	132
10492	21	13883	694	139	694	139
10492	22	14544	727	145	727	145
10492	23	15206	760	152	760	152
10492	24	15867	793	159	793	159
10492	25	16528	826	165	826	165
10492	26	17189	859	172	859	172
10492	27	17850	893	179	893	179
10492	28	18511	926	185	926	185
10492	29	19172	959	192	959	192
10492	30	19833	992	198	992	198
10492	31	20494	1025	205	1025	205
10492	32	21156	1058	212	1058	212
10492	33	21817	1091	218	1091	218
10492	34	22478	1124	225	1124	225
10492	35	23139	1157	231	1157	231
10492	36	23800	1190	238	1190	238
10492	37	24461	1223	245	1223	245
10492	38	25122	1256	251	1256	251
10492	39	25783	1289	258	1289	258
10492	40	26444	1322	264	1322	264
10492	41	27106	1355	271	1355	271
10492	42	27767	1388	278	1388	278
10492	43	28428	1421	284	1421	284
10492	44	29089	1454	291	1454	291
10492	45	29750	1488	298	1488	298
10492	46	30411	1521	304	1521	304
10492	47	31072	1554	311	1554	311
10492	48	31733	1587	317	1587	317
10492	49	32394	1620	324	1620	324
10492	50	33056	1653	331	1653	331
10492	51	33717	1686	337	1686	337
10492	52	34378	1719	344	1719	344
10492	53	35039	1752	350	1752	350
10492	54	35700	1785	357	1785	357
10492	55	36361	1818	364	1818	364
10492	56	37022	1851	370	1851	370
10492	57	37683	1884	377	1884	377
10492	58	38344	1917	383	1917	383
10492	59	39006	1950	390	1950	390
10492	60	39667	1983	397	1983	397
10492	61	40328	2016	403	2016	403
10492	62	40989	2049	410	2049	410
10492	63	41650	2083	417	2083	417
10492	64	42311	2116	423	2116	423
10492	65	42972	2149	430	2149	430
10492	66	43633	2182	436	2182	436
10492	67	44294	2215	443	2215	443
10492	68	44956	2248	450	2248	450
10492	69	45617	2281	456	2281	456
10492	70	46278	2314	463	2314	463
10492	71	46939	2347	469	2347	469
10492	72	47600	2380	476	2380	476
10492	73	48261	2413	483	2413	483
10492	74	48922	2446	489	2446	489
10492	75	49583	2479	496	2479	496
10492	76	50244	2512	502	2512	502
10492	77	50906	2545	509	2545	509
10492	78	51567	2578	516	2578	516
10492	79	52228	2611	522	2611	522
10492	80	52889	2644	529	2644	529
10492	81	53550	2678	536	2678	536
10492	82	54211	2711	542	2711	542
10492	83	54872	2744	549	2744	549
10492	84	55533	2777	555	2777	555
10492	85	56194	2810	562	2810	562
10492	86	56856	2843	569	2843	569
10492	87	57517	2876	575	2876	575
10492	88	58178	2909	582	2909	582
10492	89	58839	2942	588	2942	588
10492	90	59500	2975	595	2975	595
10492	91	60161	3008	602	3008	602
10492	92	60822	3041	608	3041	608
10492	93	61483	3074	615	3074	615
10492	94	62144	3107	621	3107	621
10492	95	62806	3140	628	3140	628
10492	96	63467	3173	635	3173	635
10492	97	64128	3206	641	3206	641
10492	98	64789	3239	648	3239	648
10492	99	65450	3273	655	3273	655
10492	100	66111	3306	661	3306	661
10493	1	661	33	7	33	7
10493	2	1322	66	13	66	13
10493	3	1983	99	20	99	20
10493	4	2644	132	26	132	26
10493	5	3306	165	33	165	33
10493	6	3967	198	40	198	40
10493	7	4628	231	46	231	46
10493	8	5289	264	53	264	53
10493	9	5950	298	60	298	60
10493	10	6611	331	66	331	66
10493	11	7272	364	73	364	73
10493	12	7933	397	79	397	79
10493	13	8594	430	86	430	86
10493	14	9256	463	93	463	93
10493	15	9917	496	99	496	99
10493	16	10578	529	106	529	106
10493	17	11239	562	112	562	112
10493	18	11900	595	119	595	119
10493	19	12561	628	126	628	126
10493	20	13222	661	132	661	132
10493	21	13883	694	139	694	139
10493	22	14544	727	145	727	145
10493	23	15206	760	152	760	152
10493	24	15867	793	159	793	159
10493	25	16528	826	165	826	165
10493	26	17189	859	172	859	172
10493	27	17850	893	179	893	179
10493	28	18511	926	185	926	185
10493	29	19172	959	192	959	192
10493	30	19833	992	198	992	198
10493	31	20494	1025	205	1025	205
10493	32	21156	1058	212	1058	212
10493	33	21817	1091	218	1091	218
10493	34	22478	1124	225	1124	225
10493	35	23139	1157	231	1157	231
10493	36	23800	1190	238	1190	238
10493	37	24461	1223	245	1223	245
10493	38	25122	1256	251	1256	251
10493	39	25783	1289	258	1289	258
10493	40	26444	1322	264	1322	264
10493	41	27106	1355	271	1355	271
10493	42	27767	1388	278	1388	278
10493	43	28428	1421	284	1421	284
10493	44	29089	1454	291	1454	291
10493	45	29750	1488	298	1488	298
10493	46	30411	1521	304	1521	304
10493	47	31072	1554	311	1554	311
10493	48	31733	1587	317	1587	317
10493	49	32394	1620	324	1620	324
10493	50	33056	1653	331	1653	331
10493	51	33717	1686	337	1686	337
10493	52	34378	1719	344	1719	344
10493	53	35039	1752	350	1752	350
10493	54	35700	1785	357	1785	357
10493	55	36361	1818	364	1818	364
10493	56	37022	1851	370	1851	370
10493	57	37683	1884	377	1884	377
10493	58	38344	1917	383	1917	383
10493	59	39006	1950	390	1950	390
10493	60	39667	1983	397	1983	397
10493	61	40328	2016	403	2016	403
10493	62	40989	2049	410	2049	410
10493	63	41650	2083	417	2083	417
10493	64	42311	2116	423	2116	423
10493	65	42972	2149	430	2149	430
10493	66	43633	2182	436	2182	436
10493	67	44294	2215	443	2215	443
10493	68	44956	2248	450	2248	450
10493	69	45617	2281	456	2281	456
10493	70	46278	2314	463	2314	463
10493	71	46939	2347	469	2347	469
10493	72	47600	2380	476	2380	476
10493	73	48261	2413	483	2413	483
10493	74	48922	2446	489	2446	489
10493	75	49583	2479	496	2479	496
10493	76	50244	2512	502	2512	502
10493	77	50906	2545	509	2545	509
10493	78	51567	2578	516	2578	516
10493	79	52228	2611	522	2611	522
10493	80	52889	2644	529	2644	529
10493	81	53550	2678	536	2678	536
10493	82	54211	2711	542	2711	542
10493	83	54872	2744	549	2744	549
10493	84	55533	2777	555	2777	555
10493	85	56194	2810	562	2810	562
10493	86	56856	2843	569	2843	569
10493	87	57517	2876	575	2876	575
10493	88	58178	2909	582	2909	582
10493	89	58839	2942	588	2942	588
10493	90	59500	2975	595	2975	595
10493	91	60161	3008	602	3008	602
10493	92	60822	3041	608	3041	608
10493	93	61483	3074	615	3074	615
10493	94	62144	3107	621	3107	621
10493	95	62806	3140	628	3140	628
10493	96	63467	3173	635	3173	635
10493	97	64128	3206	641	3206	641
10493	98	64789	3239	648	3239	648
10493	99	65450	3273	655	3273	655
10493	100	66111	3306	661	3306	661
10494	1	661	33	7	33	7
10494	2	1322	66	13	66	13
10494	3	1983	99	20	99	20
10494	4	2644	132	26	132	26
10494	5	3306	165	33	165	33
10494	6	3967	198	40	198	40
10494	7	4628	231	46	231	46
10494	8	5289	264	53	264	53
10494	9	5950	298	60	298	60
10494	10	6611	331	66	331	66
10494	11	7272	364	73	364	73
10494	12	7933	397	79	397	79
10494	13	8594	430	86	430	86
10494	14	9256	463	93	463	93
10494	15	9917	496	99	496	99
10494	16	10578	529	106	529	106
10494	17	11239	562	112	562	112
10494	18	11900	595	119	595	119
10494	19	12561	628	126	628	126
10494	20	13222	661	132	661	132
10494	21	13883	694	139	694	139
10494	22	14544	727	145	727	145
10494	23	15206	760	152	760	152
10494	24	15867	793	159	793	159
10494	25	16528	826	165	826	165
10494	26	17189	859	172	859	172
10494	27	17850	893	179	893	179
10494	28	18511	926	185	926	185
10494	29	19172	959	192	959	192
10494	30	19833	992	198	992	198
10494	31	20494	1025	205	1025	205
10494	32	21156	1058	212	1058	212
10494	33	21817	1091	218	1091	218
10494	34	22478	1124	225	1124	225
10494	35	23139	1157	231	1157	231
10494	36	23800	1190	238	1190	238
10494	37	24461	1223	245	1223	245
10494	38	25122	1256	251	1256	251
10494	39	25783	1289	258	1289	258
10494	40	26444	1322	264	1322	264
10494	41	27106	1355	271	1355	271
10494	42	27767	1388	278	1388	278
10494	43	28428	1421	284	1421	284
10494	44	29089	1454	291	1454	291
10494	45	29750	1488	298	1488	298
10494	46	30411	1521	304	1521	304
10494	47	31072	1554	311	1554	311
10494	48	31733	1587	317	1587	317
10494	49	32394	1620	324	1620	324
10494	50	33056	1653	331	1653	331
10494	51	33717	1686	337	1686	337
10494	52	34378	1719	344	1719	344
10494	53	35039	1752	350	1752	350
10494	54	35700	1785	357	1785	357
10494	55	36361	1818	364	1818	364
10494	56	37022	1851	370	1851	370
10494	57	37683	1884	377	1884	377
10494	58	38344	1917	383	1917	383
10494	59	39006	1950	390	1950	390
10494	60	39667	1983	397	1983	397
10494	61	40328	2016	403	2016	403
10494	62	40989	2049	410	2049	410
10494	63	41650	2083	417	2083	417
10494	64	42311	2116	423	2116	423
10494	65	42972	2149	430	2149	430
10494	66	43633	2182	436	2182	436
10494	67	44294	2215	443	2215	443
10494	68	44956	2248	450	2248	450
10494	69	45617	2281	456	2281	456
10494	70	46278	2314	463	2314	463
10494	71	46939	2347	469	2347	469
10494	72	47600	2380	476	2380	476
10494	73	48261	2413	483	2413	483
10494	74	48922	2446	489	2446	489
10494	75	49583	2479	496	2479	496
10494	76	50244	2512	502	2512	502
10494	77	50906	2545	509	2545	509
10494	78	51567	2578	516	2578	516
10494	79	52228	2611	522	2611	522
10494	80	52889	2644	529	2644	529
10494	81	53550	2678	536	2678	536
10494	82	54211	2711	542	2711	542
10494	83	54872	2744	549	2744	549
10494	84	55533	2777	555	2777	555
10494	85	56194	2810	562	2810	562
10494	86	56856	2843	569	2843	569
10494	87	57517	2876	575	2876	575
10494	88	58178	2909	582	2909	582
10494	89	58839	2942	588	2942	588
10494	90	59500	2975	595	2975	595
10494	91	60161	3008	602	3008	602
10494	92	60822	3041	608	3041	608
10494	93	61483	3074	615	3074	615
10494	94	62144	3107	621	3107	621
10494	95	62806	3140	628	3140	628
10494	96	63467	3173	635	3173	635
10494	97	64128	3206	641	3206	641
10494	98	64789	3239	648	3239	648
10494	99	65450	3273	655	3273	655
10494	100	66111	3306	661	3306	661
7998	1	661	33	7	33	7
7998	2	1322	66	13	66	13
7998	3	1983	99	20	99	20
7998	4	2644	132	26	132	26
7998	5	3306	165	33	165	33
7998	6	3967	198	40	198	40
7998	7	4628	231	46	231	46
7998	8	5289	264	53	264	53
7998	9	5950	298	60	298	60
7998	10	6611	331	66	331	66
7998	11	7272	364	73	364	73
7998	12	7933	397	79	397	79
7998	13	8594	430	86	430	86
7998	14	9256	463	93	463	93
7998	15	9917	496	99	496	99
7998	16	10578	529	106	529	106
7998	17	11239	562	112	562	112
7998	18	11900	595	119	595	119
7998	19	12561	628	126	628	126
7998	20	13222	661	132	661	132
7998	21	13883	694	139	694	139
7998	22	14544	727	145	727	145
7998	23	15206	760	152	760	152
7998	24	15867	793	159	793	159
7998	25	16528	826	165	826	165
7998	26	17189	859	172	859	172
7998	27	17850	893	179	893	179
7998	28	18511	926	185	926	185
7998	29	19172	959	192	959	192
7998	30	19833	992	198	992	198
7998	31	20494	1025	205	1025	205
7998	32	21156	1058	212	1058	212
7998	33	21817	1091	218	1091	218
7998	34	22478	1124	225	1124	225
7998	35	23139	1157	231	1157	231
7998	36	23800	1190	238	1190	238
7998	37	24461	1223	245	1223	245
7998	38	25122	1256	251	1256	251
7998	39	25783	1289	258	1289	258
7998	40	26444	1322	264	1322	264
7998	41	27106	1355	271	1355	271
7998	42	27767	1388	278	1388	278
7998	43	28428	1421	284	1421	284
7998	44	29089	1454	291	1454	291
7998	45	29750	1488	298	1488	298
7998	46	30411	1521	304	1521	304
7998	47	31072	1554	311	1554	311
7998	48	31733	1587	317	1587	317
7998	49	32394	1620	324	1620	324
7998	50	33056	1653	331	1653	331
7998	51	33717	1686	337	1686	337
7998	52	34378	1719	344	1719	344
7998	53	35039	1752	350	1752	350
7998	54	35700	1785	357	1785	357
7998	55	36361	1818	364	1818	364
7998	56	37022	1851	370	1851	370
7998	57	37683	1884	377	1884	377
7998	58	38344	1917	383	1917	383
7998	59	39006	1950	390	1950	390
7998	60	39667	1983	397	1983	397
7998	61	40328	2016	403	2016	403
7998	62	40989	2049	410	2049	410
7998	63	41650	2083	417	2083	417
7998	64	42311	2116	423	2116	423
7998	65	42972	2149	430	2149	430
7998	66	43633	2182	436	2182	436
7998	67	44294	2215	443	2215	443
7998	68	44956	2248	450	2248	450
7998	69	45617	2281	456	2281	456
7998	70	46278	2314	463	2314	463
7998	71	46939	2347	469	2347	469
7998	72	47600	2380	476	2380	476
7998	73	48261	2413	483	2413	483
7998	74	48922	2446	489	2446	489
7998	75	49583	2479	496	2479	496
7998	76	50244	2512	502	2512	502
7998	77	50906	2545	509	2545	509
7998	78	51567	2578	516	2578	516
7998	79	52228	2611	522	2611	522
7998	80	52889	2644	529	2644	529
7998	81	53550	2678	536	2678	536
7998	82	54211	2711	542	2711	542
7998	83	54872	2744	549	2744	549
7998	84	55533	2777	555	2777	555
7998	85	56194	2810	562	2810	562
7998	86	56856	2843	569	2843	569
7998	87	57517	2876	575	2876	575
7998	88	58178	2909	582	2909	582
7998	89	58839	2942	588	2942	588
7998	90	59500	2975	595	2975	595
7998	91	60161	3008	602	3008	602
7998	92	60822	3041	608	3041	608
7998	93	61483	3074	615	3074	615
7998	94	62144	3107	621	3107	621
7998	95	62806	3140	628	3140	628
7998	96	63467	3173	635	3173	635
7998	97	64128	3206	641	3206	641
7998	98	64789	3239	648	3239	648
7998	99	65450	3273	655	3273	655
7998	100	66111	3306	661	3306	661
8013	1	661	33	7	33	7
8013	2	1322	66	13	66	13
8013	3	1983	99	20	99	20
8013	4	2644	132	26	132	26
8013	5	3306	165	33	165	33
8013	6	3967	198	40	198	40
8013	7	4628	231	46	231	46
8013	8	5289	264	53	264	53
8013	9	5950	298	60	298	60
8013	10	6611	331	66	331	66
8013	11	7272	364	73	364	73
8013	12	7933	397	79	397	79
8013	13	8594	430	86	430	86
8013	14	9256	463	93	463	93
8013	15	9917	496	99	496	99
8013	16	10578	529	106	529	106
8013	17	11239	562	112	562	112
8013	18	11900	595	119	595	119
8013	19	12561	628	126	628	126
8013	20	13222	661	132	661	132
8013	21	13883	694	139	694	139
8013	22	14544	727	145	727	145
8013	23	15206	760	152	760	152
8013	24	15867	793	159	793	159
8013	25	16528	826	165	826	165
8013	26	17189	859	172	859	172
8013	27	17850	893	179	893	179
8013	28	18511	926	185	926	185
8013	29	19172	959	192	959	192
8013	30	19833	992	198	992	198
8013	31	20494	1025	205	1025	205
8013	32	21156	1058	212	1058	212
8013	33	21817	1091	218	1091	218
8013	34	22478	1124	225	1124	225
8013	35	23139	1157	231	1157	231
8013	36	23800	1190	238	1190	238
8013	37	24461	1223	245	1223	245
8013	38	25122	1256	251	1256	251
8013	39	25783	1289	258	1289	258
8013	40	26444	1322	264	1322	264
8013	41	27106	1355	271	1355	271
8013	42	27767	1388	278	1388	278
8013	43	28428	1421	284	1421	284
8013	44	29089	1454	291	1454	291
8013	45	29750	1488	298	1488	298
8013	46	30411	1521	304	1521	304
8013	47	31072	1554	311	1554	311
8013	48	31733	1587	317	1587	317
8013	49	32394	1620	324	1620	324
8013	50	33056	1653	331	1653	331
8013	51	33717	1686	337	1686	337
8013	52	34378	1719	344	1719	344
8013	53	35039	1752	350	1752	350
8013	54	35700	1785	357	1785	357
8013	55	36361	1818	364	1818	364
8013	56	37022	1851	370	1851	370
8013	57	37683	1884	377	1884	377
8013	58	38344	1917	383	1917	383
8013	59	39006	1950	390	1950	390
8013	60	39667	1983	397	1983	397
8013	61	40328	2016	403	2016	403
8013	62	40989	2049	410	2049	410
8013	63	41650	2083	417	2083	417
8013	64	42311	2116	423	2116	423
8013	65	42972	2149	430	2149	430
8013	66	43633	2182	436	2182	436
8013	67	44294	2215	443	2215	443
8013	68	44956	2248	450	2248	450
8013	69	45617	2281	456	2281	456
8013	70	46278	2314	463	2314	463
8013	71	46939	2347	469	2347	469
8013	72	47600	2380	476	2380	476
8013	73	48261	2413	483	2413	483
8013	74	48922	2446	489	2446	489
8013	75	49583	2479	496	2479	496
8013	76	50244	2512	502	2512	502
8013	77	50906	2545	509	2545	509
8013	78	51567	2578	516	2578	516
8013	79	52228	2611	522	2611	522
8013	80	52889	2644	529	2644	529
8013	81	53550	2678	536	2678	536
8013	82	54211	2711	542	2711	542
8013	83	54872	2744	549	2744	549
8013	84	55533	2777	555	2777	555
8013	85	56194	2810	562	2810	562
8013	86	56856	2843	569	2843	569
8013	87	57517	2876	575	2876	575
8013	88	58178	2909	582	2909	582
8013	89	58839	2942	588	2942	588
8013	90	59500	2975	595	2975	595
8013	91	60161	3008	602	3008	602
8013	92	60822	3041	608	3041	608
8013	93	61483	3074	615	3074	615
8013	94	62144	3107	621	3107	621
8013	95	62806	3140	628	3140	628
8013	96	63467	3173	635	3173	635
8013	97	64128	3206	641	3206	641
8013	98	64789	3239	648	3239	648
8013	99	65450	3273	655	3273	655
8013	100	66111	3306	661	3306	661
8014	1	661	33	7	33	7
8014	2	1322	66	13	66	13
8014	3	1983	99	20	99	20
8014	4	2644	132	26	132	26
8014	5	3306	165	33	165	33
8014	6	3967	198	40	198	40
8014	7	4628	231	46	231	46
8014	8	5289	264	53	264	53
8014	9	5950	298	60	298	60
8014	10	6611	331	66	331	66
8014	11	7272	364	73	364	73
8014	12	7933	397	79	397	79
8014	13	8594	430	86	430	86
8014	14	9256	463	93	463	93
8014	15	9917	496	99	496	99
8014	16	10578	529	106	529	106
8014	17	11239	562	112	562	112
8014	18	11900	595	119	595	119
8014	19	12561	628	126	628	126
8014	20	13222	661	132	661	132
8014	21	13883	694	139	694	139
8014	22	14544	727	145	727	145
8014	23	15206	760	152	760	152
8014	24	15867	793	159	793	159
8014	25	16528	826	165	826	165
8014	26	17189	859	172	859	172
8014	27	17850	893	179	893	179
8014	28	18511	926	185	926	185
8014	29	19172	959	192	959	192
8014	30	19833	992	198	992	198
8014	31	20494	1025	205	1025	205
8014	32	21156	1058	212	1058	212
8014	33	21817	1091	218	1091	218
8014	34	22478	1124	225	1124	225
8014	35	23139	1157	231	1157	231
8014	36	23800	1190	238	1190	238
8014	37	24461	1223	245	1223	245
8014	38	25122	1256	251	1256	251
8014	39	25783	1289	258	1289	258
8014	40	26444	1322	264	1322	264
8014	41	27106	1355	271	1355	271
8014	42	27767	1388	278	1388	278
8014	43	28428	1421	284	1421	284
8014	44	29089	1454	291	1454	291
8014	45	29750	1488	298	1488	298
8014	46	30411	1521	304	1521	304
8014	47	31072	1554	311	1554	311
8014	48	31733	1587	317	1587	317
8014	49	32394	1620	324	1620	324
8014	50	33056	1653	331	1653	331
8014	51	33717	1686	337	1686	337
8014	52	34378	1719	344	1719	344
8014	53	35039	1752	350	1752	350
8014	54	35700	1785	357	1785	357
8014	55	36361	1818	364	1818	364
8014	56	37022	1851	370	1851	370
8014	57	37683	1884	377	1884	377
8014	58	38344	1917	383	1917	383
8014	59	39006	1950	390	1950	390
8014	60	39667	1983	397	1983	397
8014	61	40328	2016	403	2016	403
8014	62	40989	2049	410	2049	410
8014	63	41650	2083	417	2083	417
8014	64	42311	2116	423	2116	423
8014	65	42972	2149	430	2149	430
8014	66	43633	2182	436	2182	436
8014	67	44294	2215	443	2215	443
8014	68	44956	2248	450	2248	450
8014	69	45617	2281	456	2281	456
8014	70	46278	2314	463	2314	463
8014	71	46939	2347	469	2347	469
8014	72	47600	2380	476	2380	476
8014	73	48261	2413	483	2413	483
8014	74	48922	2446	489	2446	489
8014	75	49583	2479	496	2479	496
8014	76	50244	2512	502	2512	502
8014	77	50906	2545	509	2545	509
8014	78	51567	2578	516	2578	516
8014	79	52228	2611	522	2611	522
8014	80	52889	2644	529	2644	529
8014	81	53550	2678	536	2678	536
8014	82	54211	2711	542	2711	542
8014	83	54872	2744	549	2744	549
8014	84	55533	2777	555	2777	555
8014	85	56194	2810	562	2810	562
8014	86	56856	2843	569	2843	569
8014	87	57517	2876	575	2876	575
8014	88	58178	2909	582	2909	582
8014	89	58839	2942	588	2942	588
8014	90	59500	2975	595	2975	595
8014	91	60161	3008	602	3008	602
8014	92	60822	3041	608	3041	608
8014	93	61483	3074	615	3074	615
8014	94	62144	3107	621	3107	621
8014	95	62806	3140	628	3140	628
8014	96	63467	3173	635	3173	635
8014	97	64128	3206	641	3206	641
8014	98	64789	3239	648	3239	648
8014	99	65450	3273	655	3273	655
8014	100	66111	3306	661	3306	661
8015	1	661	33	7	33	7
8015	2	1322	66	13	66	13
8015	3	1983	99	20	99	20
8015	4	2644	132	26	132	26
8015	5	3306	165	33	165	33
8015	6	3967	198	40	198	40
8015	7	4628	231	46	231	46
8015	8	5289	264	53	264	53
8015	9	5950	298	60	298	60
8015	10	6611	331	66	331	66
8015	11	7272	364	73	364	73
8015	12	7933	397	79	397	79
8015	13	8594	430	86	430	86
8015	14	9256	463	93	463	93
8015	15	9917	496	99	496	99
8015	16	10578	529	106	529	106
8015	17	11239	562	112	562	112
8015	18	11900	595	119	595	119
8015	19	12561	628	126	628	126
8015	20	13222	661	132	661	132
8015	21	13883	694	139	694	139
8015	22	14544	727	145	727	145
8015	23	15206	760	152	760	152
8015	24	15867	793	159	793	159
8015	25	16528	826	165	826	165
8015	26	17189	859	172	859	172
8015	27	17850	893	179	893	179
8015	28	18511	926	185	926	185
8015	29	19172	959	192	959	192
8015	30	19833	992	198	992	198
8015	31	20494	1025	205	1025	205
8015	32	21156	1058	212	1058	212
8015	33	21817	1091	218	1091	218
8015	34	22478	1124	225	1124	225
8015	35	23139	1157	231	1157	231
8015	36	23800	1190	238	1190	238
8015	37	24461	1223	245	1223	245
8015	38	25122	1256	251	1256	251
8015	39	25783	1289	258	1289	258
8015	40	26444	1322	264	1322	264
8015	41	27106	1355	271	1355	271
8015	42	27767	1388	278	1388	278
8015	43	28428	1421	284	1421	284
8015	44	29089	1454	291	1454	291
8015	45	29750	1488	298	1488	298
8015	46	30411	1521	304	1521	304
8015	47	31072	1554	311	1554	311
8015	48	31733	1587	317	1587	317
8015	49	32394	1620	324	1620	324
8015	50	33056	1653	331	1653	331
8015	51	33717	1686	337	1686	337
8015	52	34378	1719	344	1719	344
8015	53	35039	1752	350	1752	350
8015	54	35700	1785	357	1785	357
8015	55	36361	1818	364	1818	364
8015	56	37022	1851	370	1851	370
8015	57	37683	1884	377	1884	377
8015	58	38344	1917	383	1917	383
8015	59	39006	1950	390	1950	390
8015	60	39667	1983	397	1983	397
8015	61	40328	2016	403	2016	403
8015	62	40989	2049	410	2049	410
8015	63	41650	2083	417	2083	417
8015	64	42311	2116	423	2116	423
8015	65	42972	2149	430	2149	430
8015	66	43633	2182	436	2182	436
8015	67	44294	2215	443	2215	443
8015	68	44956	2248	450	2248	450
8015	69	45617	2281	456	2281	456
8015	70	46278	2314	463	2314	463
8015	71	46939	2347	469	2347	469
8015	72	47600	2380	476	2380	476
8015	73	48261	2413	483	2413	483
8015	74	48922	2446	489	2446	489
8015	75	49583	2479	496	2479	496
8015	76	50244	2512	502	2512	502
8015	77	50906	2545	509	2545	509
8015	78	51567	2578	516	2578	516
8015	79	52228	2611	522	2611	522
8015	80	52889	2644	529	2644	529
8015	81	53550	2678	536	2678	536
8015	82	54211	2711	542	2711	542
8015	83	54872	2744	549	2744	549
8015	84	55533	2777	555	2777	555
8015	85	56194	2810	562	2810	562
8015	86	56856	2843	569	2843	569
8015	87	57517	2876	575	2876	575
8015	88	58178	2909	582	2909	582
8015	89	58839	2942	588	2942	588
8015	90	59500	2975	595	2975	595
8015	91	60161	3008	602	3008	602
8015	92	60822	3041	608	3041	608
8015	93	61483	3074	615	3074	615
8015	94	62144	3107	621	3107	621
8015	95	62806	3140	628	3140	628
8015	96	63467	3173	635	3173	635
8015	97	64128	3206	641	3206	641
8015	98	64789	3239	648	3239	648
8015	99	65450	3273	655	3273	655
8015	100	66111	3306	661	3306	661
8016	1	661	33	7	33	7
8016	2	1322	66	13	66	13
8016	3	1983	99	20	99	20
8016	4	2644	132	26	132	26
8016	5	3306	165	33	165	33
8016	6	3967	198	40	198	40
8016	7	4628	231	46	231	46
8016	8	5289	264	53	264	53
8016	9	5950	298	60	298	60
8016	10	6611	331	66	331	66
8016	11	7272	364	73	364	73
8016	12	7933	397	79	397	79
8016	13	8594	430	86	430	86
8016	14	9256	463	93	463	93
8016	15	9917	496	99	496	99
8016	16	10578	529	106	529	106
8016	17	11239	562	112	562	112
8016	18	11900	595	119	595	119
8016	19	12561	628	126	628	126
8016	20	13222	661	132	661	132
8016	21	13883	694	139	694	139
8016	22	14544	727	145	727	145
8016	23	15206	760	152	760	152
8016	24	15867	793	159	793	159
8016	25	16528	826	165	826	165
8016	26	17189	859	172	859	172
8016	27	17850	893	179	893	179
8016	28	18511	926	185	926	185
8016	29	19172	959	192	959	192
8016	30	19833	992	198	992	198
8016	31	20494	1025	205	1025	205
8016	32	21156	1058	212	1058	212
8016	33	21817	1091	218	1091	218
8016	34	22478	1124	225	1124	225
8016	35	23139	1157	231	1157	231
8016	36	23800	1190	238	1190	238
8016	37	24461	1223	245	1223	245
8016	38	25122	1256	251	1256	251
8016	39	25783	1289	258	1289	258
8016	40	26444	1322	264	1322	264
8016	41	27106	1355	271	1355	271
8016	42	27767	1388	278	1388	278
8016	43	28428	1421	284	1421	284
8016	44	29089	1454	291	1454	291
8016	45	29750	1488	298	1488	298
8016	46	30411	1521	304	1521	304
8016	47	31072	1554	311	1554	311
8016	48	31733	1587	317	1587	317
8016	49	32394	1620	324	1620	324
8016	50	33056	1653	331	1653	331
8016	51	33717	1686	337	1686	337
8016	52	34378	1719	344	1719	344
8016	53	35039	1752	350	1752	350
8016	54	35700	1785	357	1785	357
8016	55	36361	1818	364	1818	364
8016	56	37022	1851	370	1851	370
8016	57	37683	1884	377	1884	377
8016	58	38344	1917	383	1917	383
8016	59	39006	1950	390	1950	390
8016	60	39667	1983	397	1983	397
8016	61	40328	2016	403	2016	403
8016	62	40989	2049	410	2049	410
8016	63	41650	2083	417	2083	417
8016	64	42311	2116	423	2116	423
8016	65	42972	2149	430	2149	430
8016	66	43633	2182	436	2182	436
8016	67	44294	2215	443	2215	443
8016	68	44956	2248	450	2248	450
8016	69	45617	2281	456	2281	456
8016	70	46278	2314	463	2314	463
8016	71	46939	2347	469	2347	469
8016	72	47600	2380	476	2380	476
8016	73	48261	2413	483	2413	483
8016	74	48922	2446	489	2446	489
8016	75	49583	2479	496	2479	496
8016	76	50244	2512	502	2512	502
8016	77	50906	2545	509	2545	509
8016	78	51567	2578	516	2578	516
8016	79	52228	2611	522	2611	522
8016	80	52889	2644	529	2644	529
8016	81	53550	2678	536	2678	536
8016	82	54211	2711	542	2711	542
8016	83	54872	2744	549	2744	549
8016	84	55533	2777	555	2777	555
8016	85	56194	2810	562	2810	562
8016	86	56856	2843	569	2843	569
8016	87	57517	2876	575	2876	575
8016	88	58178	2909	582	2909	582
8016	89	58839	2942	588	2942	588
8016	90	59500	2975	595	2975	595
8016	91	60161	3008	602	3008	602
8016	92	60822	3041	608	3041	608
8016	93	61483	3074	615	3074	615
8016	94	62144	3107	621	3107	621
8016	95	62806	3140	628	3140	628
8016	96	63467	3173	635	3173	635
8016	97	64128	3206	641	3206	641
8016	98	64789	3239	648	3239	648
8016	99	65450	3273	655	3273	655
8016	100	66111	3306	661	3306	661
8021	1	661	33	7	33	7
8021	2	1322	66	13	66	13
8021	3	1983	99	20	99	20
8021	4	2644	132	26	132	26
8021	5	3306	165	33	165	33
8021	6	3967	198	40	198	40
8021	7	4628	231	46	231	46
8021	8	5289	264	53	264	53
8021	9	5950	298	60	298	60
8021	10	6611	331	66	331	66
8021	11	7272	364	73	364	73
8021	12	7933	397	79	397	79
8021	13	8594	430	86	430	86
8021	14	9256	463	93	463	93
8021	15	9917	496	99	496	99
8021	16	10578	529	106	529	106
8021	17	11239	562	112	562	112
8021	18	11900	595	119	595	119
8021	19	12561	628	126	628	126
8021	20	13222	661	132	661	132
8021	21	13883	694	139	694	139
8021	22	14544	727	145	727	145
8021	23	15206	760	152	760	152
8021	24	15867	793	159	793	159
8021	25	16528	826	165	826	165
8021	26	17189	859	172	859	172
8021	27	17850	893	179	893	179
8021	28	18511	926	185	926	185
8021	29	19172	959	192	959	192
8021	30	19833	992	198	992	198
8021	31	20494	1025	205	1025	205
8021	32	21156	1058	212	1058	212
8021	33	21817	1091	218	1091	218
8021	34	22478	1124	225	1124	225
8021	35	23139	1157	231	1157	231
8021	36	23800	1190	238	1190	238
8021	37	24461	1223	245	1223	245
8021	38	25122	1256	251	1256	251
8021	39	25783	1289	258	1289	258
8021	40	26444	1322	264	1322	264
8021	41	27106	1355	271	1355	271
8021	42	27767	1388	278	1388	278
8021	43	28428	1421	284	1421	284
8021	44	29089	1454	291	1454	291
8021	45	29750	1488	298	1488	298
8021	46	30411	1521	304	1521	304
8021	47	31072	1554	311	1554	311
8021	48	31733	1587	317	1587	317
8021	49	32394	1620	324	1620	324
8021	50	33056	1653	331	1653	331
8021	51	33717	1686	337	1686	337
8021	52	34378	1719	344	1719	344
8021	53	35039	1752	350	1752	350
8021	54	35700	1785	357	1785	357
8021	55	36361	1818	364	1818	364
8021	56	37022	1851	370	1851	370
8021	57	37683	1884	377	1884	377
8021	58	38344	1917	383	1917	383
8021	59	39006	1950	390	1950	390
8021	60	39667	1983	397	1983	397
8021	61	40328	2016	403	2016	403
8021	62	40989	2049	410	2049	410
8021	63	41650	2083	417	2083	417
8021	64	42311	2116	423	2116	423
8021	65	42972	2149	430	2149	430
8021	66	43633	2182	436	2182	436
8021	67	44294	2215	443	2215	443
8021	68	44956	2248	450	2248	450
8021	69	45617	2281	456	2281	456
8021	70	46278	2314	463	2314	463
8021	71	46939	2347	469	2347	469
8021	72	47600	2380	476	2380	476
8021	73	48261	2413	483	2413	483
8021	74	48922	2446	489	2446	489
8021	75	49583	2479	496	2479	496
8021	76	50244	2512	502	2512	502
8021	77	50906	2545	509	2545	509
8021	78	51567	2578	516	2578	516
8021	79	52228	2611	522	2611	522
8021	80	52889	2644	529	2644	529
8021	81	53550	2678	536	2678	536
8021	82	54211	2711	542	2711	542
8021	83	54872	2744	549	2744	549
8021	84	55533	2777	555	2777	555
8021	85	56194	2810	562	2810	562
8021	86	56856	2843	569	2843	569
8021	87	57517	2876	575	2876	575
8021	88	58178	2909	582	2909	582
8021	89	58839	2942	588	2942	588
8021	90	59500	2975	595	2975	595
8021	91	60161	3008	602	3008	602
8021	92	60822	3041	608	3041	608
8021	93	61483	3074	615	3074	615
8021	94	62144	3107	621	3107	621
8021	95	62806	3140	628	3140	628
8021	96	63467	3173	635	3173	635
8021	97	64128	3206	641	3206	641
8021	98	64789	3239	648	3239	648
8021	99	65450	3273	655	3273	655
8021	100	66111	3306	661	3306	661
10576	1	992	50	4	50	4
10576	2	1983	99	7	99	7
10576	3	2975	149	10	149	10
10576	4	3966	198	13	198	13
10576	5	4959	248	17	248	17
10576	6	5951	297	20	297	20
10576	7	6942	347	23	347	23
10576	8	7934	396	27	396	27
10576	9	8925	447	30	447	30
10576	10	9917	497	33	497	33
10576	11	10908	546	37	546	37
10576	12	11900	596	40	596	40
10576	13	12891	645	43	645	43
10576	14	13884	695	47	695	47
10576	15	14876	744	50	744	50
10576	16	15867	794	53	794	53
10576	17	16859	843	56	843	56
10576	18	17850	893	60	893	60
10576	19	18842	942	63	942	63
10576	20	19833	992	66	992	66
10576	21	20825	1041	70	1041	70
10576	22	21816	1091	73	1091	73
10576	23	22809	1140	76	1140	76
10576	24	23801	1190	80	1190	80
10576	25	24792	1239	83	1239	83
10576	26	25784	1289	86	1289	86
10576	27	26775	1340	90	1340	90
10576	28	27767	1389	93	1389	93
10576	29	28758	1439	96	1439	96
10576	30	29750	1488	99	1488	99
10576	31	30741	1538	103	1538	103
10576	32	31734	1587	106	1587	106
10576	33	32726	1637	109	1637	109
10576	34	33717	1686	113	1686	113
10576	35	34709	1736	116	1736	116
10576	36	35700	1785	119	1785	119
10576	37	36692	1835	123	1835	123
10576	38	37683	1884	126	1884	126
10576	39	38675	1934	129	1934	129
10576	40	39666	1983	132	1983	132
10576	41	40659	2033	136	2033	136
10576	42	41651	2082	139	2082	139
10576	43	42642	2132	142	2132	142
10576	44	43634	2181	146	2181	146
10576	45	44625	2232	149	2232	149
10576	46	45617	2282	152	2282	152
10576	47	46608	2331	156	2331	156
10576	48	47600	2381	159	2381	159
10576	49	48591	2430	162	2430	162
10576	50	49584	2480	166	2480	166
10576	51	50576	2529	169	2529	169
10576	52	51567	2579	172	2579	172
10576	53	52559	2628	175	2628	175
10576	54	53550	2678	179	2678	179
10576	55	54542	2727	182	2727	182
10576	56	55533	2777	185	2777	185
10576	57	56525	2826	189	2826	189
10576	58	57516	2876	192	2876	192
10576	59	58509	2925	195	2925	195
10576	60	59501	2975	199	2975	199
10576	61	60492	3024	202	3024	202
10576	62	61484	3074	205	3074	205
10576	63	62475	3125	209	3125	209
10576	64	63467	3174	212	3174	212
10576	65	64458	3224	215	3224	215
10576	66	65450	3273	218	3273	218
10576	67	66441	3323	222	3323	222
10576	68	67434	3372	225	3372	225
10576	69	68426	3422	228	3422	228
10576	70	69417	3471	232	3471	232
10576	71	70409	3521	235	3521	235
10576	72	71400	3570	238	3570	238
10576	73	72392	3620	242	3620	242
10576	74	73383	3669	245	3669	245
10576	75	74375	3719	248	3719	248
10576	76	75366	3768	251	3768	251
10576	77	76359	3818	255	3818	255
10576	78	77351	3867	258	3867	258
10576	79	78342	3917	261	3917	261
10576	80	79334	3966	265	3966	265
10576	81	80325	4017	268	4017	268
10576	82	81317	4067	271	4067	271
10576	83	82308	4116	275	4116	275
10576	84	83300	4166	278	4166	278
10576	85	84291	4215	281	4215	281
10576	86	85284	4265	285	4265	285
10576	87	86276	4314	288	4314	288
10576	88	87267	4364	291	4364	291
10576	89	88259	4413	294	4413	294
10576	90	89250	4463	298	4463	298
10576	91	90242	4512	301	4512	301
10576	92	91233	4562	304	4562	304
10576	93	92225	4611	308	4611	308
10576	94	93216	4661	311	4661	311
10576	95	94209	4710	314	4710	314
10576	96	95201	4760	318	4760	318
10576	97	96192	4809	321	4809	321
10576	98	97184	4859	324	4859	324
10576	99	98175	4910	328	4910	328
10576	100	99167	4959	331	4959	331
10577	1	992	50	4	50	4
10577	2	1983	99	7	99	7
10577	3	2975	149	10	149	10
10577	4	3966	198	13	198	13
10577	5	4959	248	17	248	17
10577	6	5951	297	20	297	20
10577	7	6942	347	23	347	23
10577	8	7934	396	27	396	27
10577	9	8925	447	30	447	30
10577	10	9917	497	33	497	33
10577	11	10908	546	37	546	37
10577	12	11900	596	40	596	40
10577	13	12891	645	43	645	43
10577	14	13884	695	47	695	47
10577	15	14876	744	50	744	50
10577	16	15867	794	53	794	53
10577	17	16859	843	56	843	56
10577	18	17850	893	60	893	60
10577	19	18842	942	63	942	63
10577	20	19833	992	66	992	66
10577	21	20825	1041	70	1041	70
10577	22	21816	1091	73	1091	73
10577	23	22809	1140	76	1140	76
10577	24	23801	1190	80	1190	80
10577	25	24792	1239	83	1239	83
10577	26	25784	1289	86	1289	86
10577	27	26775	1340	90	1340	90
10577	28	27767	1389	93	1389	93
10577	29	28758	1439	96	1439	96
10577	30	29750	1488	99	1488	99
10577	31	30741	1538	103	1538	103
10577	32	31734	1587	106	1587	106
10577	33	32726	1637	109	1637	109
10577	34	33717	1686	113	1686	113
10577	35	34709	1736	116	1736	116
10577	36	35700	1785	119	1785	119
10577	37	36692	1835	123	1835	123
10577	38	37683	1884	126	1884	126
10577	39	38675	1934	129	1934	129
10577	40	39666	1983	132	1983	132
10577	41	40659	2033	136	2033	136
10577	42	41651	2082	139	2082	139
10577	43	42642	2132	142	2132	142
10577	44	43634	2181	146	2181	146
10577	45	44625	2232	149	2232	149
10577	46	45617	2282	152	2282	152
10577	47	46608	2331	156	2331	156
10577	48	47600	2381	159	2381	159
10577	49	48591	2430	162	2430	162
10577	50	49584	2480	166	2480	166
10577	51	50576	2529	169	2529	169
10577	52	51567	2579	172	2579	172
10577	53	52559	2628	175	2628	175
10577	54	53550	2678	179	2678	179
10577	55	54542	2727	182	2727	182
10577	56	55533	2777	185	2777	185
10577	57	56525	2826	189	2826	189
10577	58	57516	2876	192	2876	192
10577	59	58509	2925	195	2925	195
10577	60	59501	2975	199	2975	199
10577	61	60492	3024	202	3024	202
10577	62	61484	3074	205	3074	205
10577	63	62475	3125	209	3125	209
10577	64	63467	3174	212	3174	212
10577	65	64458	3224	215	3224	215
10577	66	65450	3273	218	3273	218
10577	67	66441	3323	222	3323	222
10577	68	67434	3372	225	3372	225
10577	69	68426	3422	228	3422	228
10577	70	69417	3471	232	3471	232
10577	71	70409	3521	235	3521	235
10577	72	71400	3570	238	3570	238
10577	73	72392	3620	242	3620	242
10577	74	73383	3669	245	3669	245
10577	75	74375	3719	248	3719	248
10577	76	75366	3768	251	3768	251
10577	77	76359	3818	255	3818	255
10577	78	77351	3867	258	3867	258
10577	79	78342	3917	261	3917	261
10577	80	79334	3966	265	3966	265
10577	81	80325	4017	268	4017	268
10577	82	81317	4067	271	4067	271
10577	83	82308	4116	275	4116	275
10577	84	83300	4166	278	4166	278
10577	85	84291	4215	281	4215	281
10577	86	85284	4265	285	4265	285
10577	87	86276	4314	288	4314	288
10577	88	87267	4364	291	4364	291
10577	89	88259	4413	294	4413	294
10577	90	89250	4463	298	4463	298
10577	91	90242	4512	301	4512	301
10577	92	91233	4562	304	4562	304
10577	93	92225	4611	308	4611	308
10577	94	93216	4661	311	4661	311
10577	95	94209	4710	314	4710	314
10577	96	95201	4760	318	4760	318
10577	97	96192	4809	321	4809	321
10577	98	97184	4859	324	4859	324
10577	99	98175	4910	328	4910	328
10577	100	99167	4959	331	4959	331
10578	1	992	50	4	50	4
10578	2	1983	99	7	99	7
10578	3	2975	149	10	149	10
10578	4	3966	198	13	198	13
10578	5	4959	248	17	248	17
10578	6	5951	297	20	297	20
10578	7	6942	347	23	347	23
10578	8	7934	396	27	396	27
10578	9	8925	447	30	447	30
10578	10	9917	497	33	497	33
10578	11	10908	546	37	546	37
10578	12	11900	596	40	596	40
10578	13	12891	645	43	645	43
10578	14	13884	695	47	695	47
10578	15	14876	744	50	744	50
10578	16	15867	794	53	794	53
10578	17	16859	843	56	843	56
10578	18	17850	893	60	893	60
10578	19	18842	942	63	942	63
10578	20	19833	992	66	992	66
10578	21	20825	1041	70	1041	70
10578	22	21816	1091	73	1091	73
10578	23	22809	1140	76	1140	76
10578	24	23801	1190	80	1190	80
10578	25	24792	1239	83	1239	83
10578	26	25784	1289	86	1289	86
10578	27	26775	1340	90	1340	90
10578	28	27767	1389	93	1389	93
10578	29	28758	1439	96	1439	96
10578	30	29750	1488	99	1488	99
10578	31	30741	1538	103	1538	103
10578	32	31734	1587	106	1587	106
10578	33	32726	1637	109	1637	109
10578	34	33717	1686	113	1686	113
10578	35	34709	1736	116	1736	116
10578	36	35700	1785	119	1785	119
10578	37	36692	1835	123	1835	123
10578	38	37683	1884	126	1884	126
10578	39	38675	1934	129	1934	129
10578	40	39666	1983	132	1983	132
10578	41	40659	2033	136	2033	136
10578	42	41651	2082	139	2082	139
10578	43	42642	2132	142	2132	142
10578	44	43634	2181	146	2181	146
10578	45	44625	2232	149	2232	149
10578	46	45617	2282	152	2282	152
10578	47	46608	2331	156	2331	156
10578	48	47600	2381	159	2381	159
10578	49	48591	2430	162	2430	162
10578	50	49584	2480	166	2480	166
10578	51	50576	2529	169	2529	169
10578	52	51567	2579	172	2579	172
10578	53	52559	2628	175	2628	175
10578	54	53550	2678	179	2678	179
10578	55	54542	2727	182	2727	182
10578	56	55533	2777	185	2777	185
10578	57	56525	2826	189	2826	189
10578	58	57516	2876	192	2876	192
10578	59	58509	2925	195	2925	195
10578	60	59501	2975	199	2975	199
10578	61	60492	3024	202	3024	202
10578	62	61484	3074	205	3074	205
10578	63	62475	3125	209	3125	209
10578	64	63467	3174	212	3174	212
10578	65	64458	3224	215	3224	215
10578	66	65450	3273	218	3273	218
10578	67	66441	3323	222	3323	222
10578	68	67434	3372	225	3372	225
10578	69	68426	3422	228	3422	228
10578	70	69417	3471	232	3471	232
10578	71	70409	3521	235	3521	235
10578	72	71400	3570	238	3570	238
10578	73	72392	3620	242	3620	242
10578	74	73383	3669	245	3669	245
10578	75	74375	3719	248	3719	248
10578	76	75366	3768	251	3768	251
10578	77	76359	3818	255	3818	255
10578	78	77351	3867	258	3867	258
10578	79	78342	3917	261	3917	261
10578	80	79334	3966	265	3966	265
10578	81	80325	4017	268	4017	268
10578	82	81317	4067	271	4067	271
10578	83	82308	4116	275	4116	275
10578	84	83300	4166	278	4166	278
10578	85	84291	4215	281	4215	281
10578	86	85284	4265	285	4265	285
10578	87	86276	4314	288	4314	288
10578	88	87267	4364	291	4364	291
10578	89	88259	4413	294	4413	294
10578	90	89250	4463	298	4463	298
10578	91	90242	4512	301	4512	301
10578	92	91233	4562	304	4562	304
10578	93	92225	4611	308	4611	308
10578	94	93216	4661	311	4661	311
10578	95	94209	4710	314	4710	314
10578	96	95201	4760	318	4760	318
10578	97	96192	4809	321	4809	321
10578	98	97184	4859	324	4859	324
10578	99	98175	4910	328	4910	328
10578	100	99167	4959	331	4959	331
10579	1	992	50	4	50	4
10579	2	1983	99	7	99	7
10579	3	2975	149	10	149	10
10579	4	3966	198	13	198	13
10579	5	4959	248	17	248	17
10579	6	5951	297	20	297	20
10579	7	6942	347	23	347	23
10579	8	7934	396	27	396	27
10579	9	8925	447	30	447	30
10579	10	9917	497	33	497	33
10579	11	10908	546	37	546	37
10579	12	11900	596	40	596	40
10579	13	12891	645	43	645	43
10579	14	13884	695	47	695	47
10579	15	14876	744	50	744	50
10579	16	15867	794	53	794	53
10579	17	16859	843	56	843	56
10579	18	17850	893	60	893	60
10579	19	18842	942	63	942	63
10579	20	19833	992	66	992	66
10579	21	20825	1041	70	1041	70
10579	22	21816	1091	73	1091	73
10579	23	22809	1140	76	1140	76
10579	24	23801	1190	80	1190	80
10579	25	24792	1239	83	1239	83
10579	26	25784	1289	86	1289	86
10579	27	26775	1340	90	1340	90
10579	28	27767	1389	93	1389	93
10579	29	28758	1439	96	1439	96
10579	30	29750	1488	99	1488	99
10579	31	30741	1538	103	1538	103
10579	32	31734	1587	106	1587	106
10579	33	32726	1637	109	1637	109
10579	34	33717	1686	113	1686	113
10579	35	34709	1736	116	1736	116
10579	36	35700	1785	119	1785	119
10579	37	36692	1835	123	1835	123
10579	38	37683	1884	126	1884	126
10579	39	38675	1934	129	1934	129
10579	40	39666	1983	132	1983	132
10579	41	40659	2033	136	2033	136
10579	42	41651	2082	139	2082	139
10579	43	42642	2132	142	2132	142
10579	44	43634	2181	146	2181	146
10579	45	44625	2232	149	2232	149
10579	46	45617	2282	152	2282	152
10579	47	46608	2331	156	2331	156
10579	48	47600	2381	159	2381	159
10579	49	48591	2430	162	2430	162
10579	50	49584	2480	166	2480	166
10579	51	50576	2529	169	2529	169
10579	52	51567	2579	172	2579	172
10579	53	52559	2628	175	2628	175
10579	54	53550	2678	179	2678	179
10579	55	54542	2727	182	2727	182
10579	56	55533	2777	185	2777	185
10579	57	56525	2826	189	2826	189
10579	58	57516	2876	192	2876	192
10579	59	58509	2925	195	2925	195
10579	60	59501	2975	199	2975	199
10579	61	60492	3024	202	3024	202
10579	62	61484	3074	205	3074	205
10579	63	62475	3125	209	3125	209
10579	64	63467	3174	212	3174	212
10579	65	64458	3224	215	3224	215
10579	66	65450	3273	218	3273	218
10579	67	66441	3323	222	3323	222
10579	68	67434	3372	225	3372	225
10579	69	68426	3422	228	3422	228
10579	70	69417	3471	232	3471	232
10579	71	70409	3521	235	3521	235
10579	72	71400	3570	238	3570	238
10579	73	72392	3620	242	3620	242
10579	74	73383	3669	245	3669	245
10579	75	74375	3719	248	3719	248
10579	76	75366	3768	251	3768	251
10579	77	76359	3818	255	3818	255
10579	78	77351	3867	258	3867	258
10579	79	78342	3917	261	3917	261
10579	80	79334	3966	265	3966	265
10579	81	80325	4017	268	4017	268
10579	82	81317	4067	271	4067	271
10579	83	82308	4116	275	4116	275
10579	84	83300	4166	278	4166	278
10579	85	84291	4215	281	4215	281
10579	86	85284	4265	285	4265	285
10579	87	86276	4314	288	4314	288
10579	88	87267	4364	291	4364	291
10579	89	88259	4413	294	4413	294
10579	90	89250	4463	298	4463	298
10579	91	90242	4512	301	4512	301
10579	92	91233	4562	304	4562	304
10579	93	92225	4611	308	4611	308
10579	94	93216	4661	311	4661	311
10579	95	94209	4710	314	4710	314
10579	96	95201	4760	318	4760	318
10579	97	96192	4809	321	4809	321
10579	98	97184	4859	324	4859	324
10579	99	98175	4910	328	4910	328
10579	100	99167	4959	331	4959	331
10580	1	992	50	4	50	4
10580	2	1983	99	7	99	7
10580	3	2975	149	10	149	10
10580	4	3966	198	13	198	13
10580	5	4959	248	17	248	17
10580	6	5951	297	20	297	20
10580	7	6942	347	23	347	23
10580	8	7934	396	27	396	27
10580	9	8925	447	30	447	30
10580	10	9917	497	33	497	33
10580	11	10908	546	37	546	37
10580	12	11900	596	40	596	40
10580	13	12891	645	43	645	43
10580	14	13884	695	47	695	47
10580	15	14876	744	50	744	50
10580	16	15867	794	53	794	53
10580	17	16859	843	56	843	56
10580	18	17850	893	60	893	60
10580	19	18842	942	63	942	63
10580	20	19833	992	66	992	66
10580	21	20825	1041	70	1041	70
10580	22	21816	1091	73	1091	73
10580	23	22809	1140	76	1140	76
10580	24	23801	1190	80	1190	80
10580	25	24792	1239	83	1239	83
10580	26	25784	1289	86	1289	86
10580	27	26775	1340	90	1340	90
10580	28	27767	1389	93	1389	93
10580	29	28758	1439	96	1439	96
10580	30	29750	1488	99	1488	99
10580	31	30741	1538	103	1538	103
10580	32	31734	1587	106	1587	106
10580	33	32726	1637	109	1637	109
10580	34	33717	1686	113	1686	113
10580	35	34709	1736	116	1736	116
10580	36	35700	1785	119	1785	119
10580	37	36692	1835	123	1835	123
10580	38	37683	1884	126	1884	126
10580	39	38675	1934	129	1934	129
10580	40	39666	1983	132	1983	132
10580	41	40659	2033	136	2033	136
10580	42	41651	2082	139	2082	139
10580	43	42642	2132	142	2132	142
10580	44	43634	2181	146	2181	146
10580	45	44625	2232	149	2232	149
10580	46	45617	2282	152	2282	152
10580	47	46608	2331	156	2331	156
10580	48	47600	2381	159	2381	159
10580	49	48591	2430	162	2430	162
10580	50	49584	2480	166	2480	166
10580	51	50576	2529	169	2529	169
10580	52	51567	2579	172	2579	172
10580	53	52559	2628	175	2628	175
10580	54	53550	2678	179	2678	179
10580	55	54542	2727	182	2727	182
10580	56	55533	2777	185	2777	185
10580	57	56525	2826	189	2826	189
10580	58	57516	2876	192	2876	192
10580	59	58509	2925	195	2925	195
10580	60	59501	2975	199	2975	199
10580	61	60492	3024	202	3024	202
10580	62	61484	3074	205	3074	205
10580	63	62475	3125	209	3125	209
10580	64	63467	3174	212	3174	212
10580	65	64458	3224	215	3224	215
10580	66	65450	3273	218	3273	218
10580	67	66441	3323	222	3323	222
10580	68	67434	3372	225	3372	225
10580	69	68426	3422	228	3422	228
10580	70	69417	3471	232	3471	232
10580	71	70409	3521	235	3521	235
10580	72	71400	3570	238	3570	238
10580	73	72392	3620	242	3620	242
10580	74	73383	3669	245	3669	245
10580	75	74375	3719	248	3719	248
10580	76	75366	3768	251	3768	251
10580	77	76359	3818	255	3818	255
10580	78	77351	3867	258	3867	258
10580	79	78342	3917	261	3917	261
10580	80	79334	3966	265	3966	265
10580	81	80325	4017	268	4017	268
10580	82	81317	4067	271	4067	271
10580	83	82308	4116	275	4116	275
10580	84	83300	4166	278	4166	278
10580	85	84291	4215	281	4215	281
10580	86	85284	4265	285	4265	285
10580	87	86276	4314	288	4314	288
10580	88	87267	4364	291	4364	291
10580	89	88259	4413	294	4413	294
10580	90	89250	4463	298	4463	298
10580	91	90242	4512	301	4512	301
10580	92	91233	4562	304	4562	304
10580	93	92225	4611	308	4611	308
10580	94	93216	4661	311	4661	311
10580	95	94209	4710	314	4710	314
10580	96	95201	4760	318	4760	318
10580	97	96192	4809	321	4809	321
10580	98	97184	4859	324	4859	324
10580	99	98175	4910	328	4910	328
10580	100	99167	4959	331	4959	331
10675	1	661	66	4	66	4
10675	2	1322	132	7	132	7
10675	3	1983	198	10	198	10
10675	4	2644	264	13	264	13
10675	5	3306	330	17	330	17
10675	6	3967	396	20	396	20
10675	7	4628	462	23	462	23
10675	8	5289	528	27	528	27
10675	9	5950	596	30	596	30
10675	10	6611	662	33	662	33
10675	11	7272	728	37	728	37
10675	12	7933	794	40	794	40
10675	13	8594	860	43	860	43
10675	14	9256	926	47	926	47
10675	15	9917	992	50	992	50
10675	16	10578	1058	53	1058	53
10675	17	11239	1124	56	1124	56
10675	18	11900	1190	60	1190	60
10675	19	12561	1256	63	1256	63
10675	20	13222	1322	66	1322	66
10675	21	13883	1388	70	1388	70
10675	22	14544	1454	73	1454	73
10675	23	15206	1520	76	1520	76
10675	24	15867	1586	80	1586	80
10675	25	16528	1652	83	1652	83
10675	26	17189	1718	86	1718	86
10675	27	17850	1786	90	1786	90
10675	28	18511	1852	93	1852	93
10675	29	19172	1918	96	1918	96
10675	30	19833	1984	99	1984	99
10675	31	20494	2050	103	2050	103
10675	32	21156	2116	106	2116	106
10675	33	21817	2182	109	2182	109
10675	34	22478	2248	113	2248	113
10675	35	23139	2314	116	2314	116
10675	36	23800	2380	119	2380	119
10675	37	24461	2446	123	2446	123
10675	38	25122	2512	126	2512	126
10675	39	25783	2578	129	2578	129
10675	40	26444	2644	132	2644	132
10675	41	27106	2710	136	2710	136
10675	42	27767	2776	139	2776	139
10675	43	28428	2842	142	2842	142
10675	44	29089	2908	146	2908	146
10675	45	29750	2976	149	2976	149
10675	46	30411	3042	152	3042	152
10675	47	31072	3108	156	3108	156
10675	48	31733	3174	159	3174	159
10675	49	32394	3240	162	3240	162
10675	50	33056	3306	166	3306	166
10675	51	33717	3372	169	3372	169
10675	52	34378	3438	172	3438	172
10675	53	35039	3504	175	3504	175
10675	54	35700	3570	179	3570	179
10675	55	36361	3636	182	3636	182
10675	56	37022	3702	185	3702	185
10675	57	37683	3768	189	3768	189
10675	58	38344	3834	192	3834	192
10675	59	39006	3900	195	3900	195
10675	60	39667	3966	199	3966	199
10675	61	40328	4032	202	4032	202
10675	62	40989	4098	205	4098	205
10675	63	41650	4166	209	4166	209
10675	64	42311	4232	212	4232	212
10675	65	42972	4298	215	4298	215
10675	66	43633	4364	218	4364	218
10675	67	44294	4430	222	4430	222
10675	68	44956	4496	225	4496	225
10675	69	45617	4562	228	4562	228
10675	70	46278	4628	232	4628	232
10675	71	46939	4694	235	4694	235
10675	72	47600	4760	238	4760	238
10675	73	48261	4826	242	4826	242
10675	74	48922	4892	245	4892	245
10675	75	49583	4958	248	4958	248
10675	76	50244	5024	251	5024	251
10675	77	50906	5090	255	5090	255
10675	78	51567	5156	258	5156	258
10675	79	52228	5222	261	5222	261
10675	80	52889	5288	265	5288	265
10675	81	53550	5356	268	5356	268
10675	82	54211	5422	271	5422	271
10675	83	54872	5488	275	5488	275
10675	84	55533	5554	278	5554	278
10675	85	56194	5620	281	5620	281
10675	86	56856	5686	285	5686	285
10675	87	57517	5752	288	5752	288
10675	88	58178	5818	291	5818	291
10675	89	58839	5884	294	5884	294
10675	90	59500	5950	298	5950	298
10675	91	60161	6016	301	6016	301
10675	92	60822	6082	304	6082	304
10675	93	61483	6148	308	6148	308
10675	94	62144	6214	311	6214	311
10675	95	62806	6280	314	6280	314
10675	96	63467	6346	318	6346	318
10675	97	64128	6412	321	6412	321
10675	98	64789	6478	324	6478	324
10675	99	65450	6546	328	6546	328
10675	100	66111	6612	331	6612	331
10676	1	661	66	4	66	4
10676	2	1322	132	7	132	7
10676	3	1983	198	10	198	10
10676	4	2644	264	13	264	13
10676	5	3306	330	17	330	17
10676	6	3967	396	20	396	20
10676	7	4628	462	23	462	23
10676	8	5289	528	27	528	27
10676	9	5950	596	30	596	30
10676	10	6611	662	33	662	33
10676	11	7272	728	37	728	37
10676	12	7933	794	40	794	40
10676	13	8594	860	43	860	43
10676	14	9256	926	47	926	47
10676	15	9917	992	50	992	50
10676	16	10578	1058	53	1058	53
10676	17	11239	1124	56	1124	56
10676	18	11900	1190	60	1190	60
10676	19	12561	1256	63	1256	63
10676	20	13222	1322	66	1322	66
10676	21	13883	1388	70	1388	70
10676	22	14544	1454	73	1454	73
10676	23	15206	1520	76	1520	76
10676	24	15867	1586	80	1586	80
10676	25	16528	1652	83	1652	83
10676	26	17189	1718	86	1718	86
10676	27	17850	1786	90	1786	90
10676	28	18511	1852	93	1852	93
10676	29	19172	1918	96	1918	96
10676	30	19833	1984	99	1984	99
10676	31	20494	2050	103	2050	103
10676	32	21156	2116	106	2116	106
10676	33	21817	2182	109	2182	109
10676	34	22478	2248	113	2248	113
10676	35	23139	2314	116	2314	116
10676	36	23800	2380	119	2380	119
10676	37	24461	2446	123	2446	123
10676	38	25122	2512	126	2512	126
10676	39	25783	2578	129	2578	129
10676	40	26444	2644	132	2644	132
10676	41	27106	2710	136	2710	136
10676	42	27767	2776	139	2776	139
10676	43	28428	2842	142	2842	142
10676	44	29089	2908	146	2908	146
10676	45	29750	2976	149	2976	149
10676	46	30411	3042	152	3042	152
10676	47	31072	3108	156	3108	156
10676	48	31733	3174	159	3174	159
10676	49	32394	3240	162	3240	162
10676	50	33056	3306	166	3306	166
10676	51	33717	3372	169	3372	169
10676	52	34378	3438	172	3438	172
10676	53	35039	3504	175	3504	175
10676	54	35700	3570	179	3570	179
10676	55	36361	3636	182	3636	182
10676	56	37022	3702	185	3702	185
10676	57	37683	3768	189	3768	189
10676	58	38344	3834	192	3834	192
10676	59	39006	3900	195	3900	195
10676	60	39667	3966	199	3966	199
10676	61	40328	4032	202	4032	202
10676	62	40989	4098	205	4098	205
10676	63	41650	4166	209	4166	209
10676	64	42311	4232	212	4232	212
10676	65	42972	4298	215	4298	215
10676	66	43633	4364	218	4364	218
10676	67	44294	4430	222	4430	222
10676	68	44956	4496	225	4496	225
10676	69	45617	4562	228	4562	228
10676	70	46278	4628	232	4628	232
10676	71	46939	4694	235	4694	235
10676	72	47600	4760	238	4760	238
10676	73	48261	4826	242	4826	242
10676	74	48922	4892	245	4892	245
10676	75	49583	4958	248	4958	248
10676	76	50244	5024	251	5024	251
10676	77	50906	5090	255	5090	255
10676	78	51567	5156	258	5156	258
10676	79	52228	5222	261	5222	261
10676	80	52889	5288	265	5288	265
10676	81	53550	5356	268	5356	268
10676	82	54211	5422	271	5422	271
10676	83	54872	5488	275	5488	275
10676	84	55533	5554	278	5554	278
10676	85	56194	5620	281	5620	281
10676	86	56856	5686	285	5686	285
10676	87	57517	5752	288	5752	288
10676	88	58178	5818	291	5818	291
10676	89	58839	5884	294	5884	294
10676	90	59500	5950	298	5950	298
10676	91	60161	6016	301	6016	301
10676	92	60822	6082	304	6082	304
10676	93	61483	6148	308	6148	308
10676	94	62144	6214	311	6214	311
10676	95	62806	6280	314	6280	314
10676	96	63467	6346	318	6346	318
10676	97	64128	6412	321	6412	321
10676	98	64789	6478	324	6478	324
10676	99	65450	6546	328	6546	328
10676	100	66111	6612	331	6612	331
10677	1	661	66	4	66	4
10677	2	1322	132	7	132	7
10677	3	1983	198	10	198	10
10677	4	2644	264	13	264	13
10677	5	3306	330	17	330	17
10677	6	3967	396	20	396	20
10677	7	4628	462	23	462	23
10677	8	5289	528	27	528	27
10677	9	5950	596	30	596	30
10677	10	6611	662	33	662	33
10677	11	7272	728	37	728	37
10677	12	7933	794	40	794	40
10677	13	8594	860	43	860	43
10677	14	9256	926	47	926	47
10677	15	9917	992	50	992	50
10677	16	10578	1058	53	1058	53
10677	17	11239	1124	56	1124	56
10677	18	11900	1190	60	1190	60
10677	19	12561	1256	63	1256	63
10677	20	13222	1322	66	1322	66
10677	21	13883	1388	70	1388	70
10677	22	14544	1454	73	1454	73
10677	23	15206	1520	76	1520	76
10677	24	15867	1586	80	1586	80
10677	25	16528	1652	83	1652	83
10677	26	17189	1718	86	1718	86
10677	27	17850	1786	90	1786	90
10677	28	18511	1852	93	1852	93
10677	29	19172	1918	96	1918	96
10677	30	19833	1984	99	1984	99
10677	31	20494	2050	103	2050	103
10677	32	21156	2116	106	2116	106
10677	33	21817	2182	109	2182	109
10677	34	22478	2248	113	2248	113
10677	35	23139	2314	116	2314	116
10677	36	23800	2380	119	2380	119
10677	37	24461	2446	123	2446	123
10677	38	25122	2512	126	2512	126
10677	39	25783	2578	129	2578	129
10677	40	26444	2644	132	2644	132
10677	41	27106	2710	136	2710	136
10677	42	27767	2776	139	2776	139
10677	43	28428	2842	142	2842	142
10677	44	29089	2908	146	2908	146
10677	45	29750	2976	149	2976	149
10677	46	30411	3042	152	3042	152
10677	47	31072	3108	156	3108	156
10677	48	31733	3174	159	3174	159
10677	49	32394	3240	162	3240	162
10677	50	33056	3306	166	3306	166
10677	51	33717	3372	169	3372	169
10677	52	34378	3438	172	3438	172
10677	53	35039	3504	175	3504	175
10677	54	35700	3570	179	3570	179
10677	55	36361	3636	182	3636	182
10677	56	37022	3702	185	3702	185
10677	57	37683	3768	189	3768	189
10677	58	38344	3834	192	3834	192
10677	59	39006	3900	195	3900	195
10677	60	39667	3966	199	3966	199
10677	61	40328	4032	202	4032	202
10677	62	40989	4098	205	4098	205
10677	63	41650	4166	209	4166	209
10677	64	42311	4232	212	4232	212
10677	65	42972	4298	215	4298	215
10677	66	43633	4364	218	4364	218
10677	67	44294	4430	222	4430	222
10677	68	44956	4496	225	4496	225
10677	69	45617	4562	228	4562	228
10677	70	46278	4628	232	4628	232
10677	71	46939	4694	235	4694	235
10677	72	47600	4760	238	4760	238
10677	73	48261	4826	242	4826	242
10677	74	48922	4892	245	4892	245
10677	75	49583	4958	248	4958	248
10677	76	50244	5024	251	5024	251
10677	77	50906	5090	255	5090	255
10677	78	51567	5156	258	5156	258
10677	79	52228	5222	261	5222	261
10677	80	52889	5288	265	5288	265
10677	81	53550	5356	268	5356	268
10677	82	54211	5422	271	5422	271
10677	83	54872	5488	275	5488	275
10677	84	55533	5554	278	5554	278
10677	85	56194	5620	281	5620	281
10677	86	56856	5686	285	5686	285
10677	87	57517	5752	288	5752	288
10677	88	58178	5818	291	5818	291
10677	89	58839	5884	294	5884	294
10677	90	59500	5950	298	5950	298
10677	91	60161	6016	301	6016	301
10677	92	60822	6082	304	6082	304
10677	93	61483	6148	308	6148	308
10677	94	62144	6214	311	6214	311
10677	95	62806	6280	314	6280	314
10677	96	63467	6346	318	6346	318
10677	97	64128	6412	321	6412	321
10677	98	64789	6478	324	6478	324
10677	99	65450	6546	328	6546	328
10677	100	66111	6612	331	6612	331
10678	1	661	66	4	66	4
10678	2	1322	132	7	132	7
10678	3	1983	198	10	198	10
10678	4	2644	264	13	264	13
10678	5	3306	330	17	330	17
10678	6	3967	396	20	396	20
10678	7	4628	462	23	462	23
10678	8	5289	528	27	528	27
10678	9	5950	596	30	596	30
10678	10	6611	662	33	662	33
10678	11	7272	728	37	728	37
10678	12	7933	794	40	794	40
10678	13	8594	860	43	860	43
10678	14	9256	926	47	926	47
10678	15	9917	992	50	992	50
10678	16	10578	1058	53	1058	53
10678	17	11239	1124	56	1124	56
10678	18	11900	1190	60	1190	60
10678	19	12561	1256	63	1256	63
10678	20	13222	1322	66	1322	66
10678	21	13883	1388	70	1388	70
10678	22	14544	1454	73	1454	73
10678	23	15206	1520	76	1520	76
10678	24	15867	1586	80	1586	80
10678	25	16528	1652	83	1652	83
10678	26	17189	1718	86	1718	86
10678	27	17850	1786	90	1786	90
10678	28	18511	1852	93	1852	93
10678	29	19172	1918	96	1918	96
10678	30	19833	1984	99	1984	99
10678	31	20494	2050	103	2050	103
10678	32	21156	2116	106	2116	106
10678	33	21817	2182	109	2182	109
10678	34	22478	2248	113	2248	113
10678	35	23139	2314	116	2314	116
10678	36	23800	2380	119	2380	119
10678	37	24461	2446	123	2446	123
10678	38	25122	2512	126	2512	126
10678	39	25783	2578	129	2578	129
10678	40	26444	2644	132	2644	132
10678	41	27106	2710	136	2710	136
10678	42	27767	2776	139	2776	139
10678	43	28428	2842	142	2842	142
10678	44	29089	2908	146	2908	146
10678	45	29750	2976	149	2976	149
10678	46	30411	3042	152	3042	152
10678	47	31072	3108	156	3108	156
10678	48	31733	3174	159	3174	159
10678	49	32394	3240	162	3240	162
10678	50	33056	3306	166	3306	166
10678	51	33717	3372	169	3372	169
10678	52	34378	3438	172	3438	172
10678	53	35039	3504	175	3504	175
10678	54	35700	3570	179	3570	179
10678	55	36361	3636	182	3636	182
10678	56	37022	3702	185	3702	185
10678	57	37683	3768	189	3768	189
10678	58	38344	3834	192	3834	192
10678	59	39006	3900	195	3900	195
10678	60	39667	3966	199	3966	199
10678	61	40328	4032	202	4032	202
10678	62	40989	4098	205	4098	205
10678	63	41650	4166	209	4166	209
10678	64	42311	4232	212	4232	212
10678	65	42972	4298	215	4298	215
10678	66	43633	4364	218	4364	218
10678	67	44294	4430	222	4430	222
10678	68	44956	4496	225	4496	225
10678	69	45617	4562	228	4562	228
10678	70	46278	4628	232	4628	232
10678	71	46939	4694	235	4694	235
10678	72	47600	4760	238	4760	238
10678	73	48261	4826	242	4826	242
10678	74	48922	4892	245	4892	245
10678	75	49583	4958	248	4958	248
10678	76	50244	5024	251	5024	251
10678	77	50906	5090	255	5090	255
10678	78	51567	5156	258	5156	258
10678	79	52228	5222	261	5222	261
10678	80	52889	5288	265	5288	265
10678	81	53550	5356	268	5356	268
10678	82	54211	5422	271	5422	271
10678	83	54872	5488	275	5488	275
10678	84	55533	5554	278	5554	278
10678	85	56194	5620	281	5620	281
10678	86	56856	5686	285	5686	285
10678	87	57517	5752	288	5752	288
10678	88	58178	5818	291	5818	291
10678	89	58839	5884	294	5884	294
10678	90	59500	5950	298	5950	298
10678	91	60161	6016	301	6016	301
10678	92	60822	6082	304	6082	304
10678	93	61483	6148	308	6148	308
10678	94	62144	6214	311	6214	311
10678	95	62806	6280	314	6280	314
10678	96	63467	6346	318	6346	318
10678	97	64128	6412	321	6412	321
10678	98	64789	6478	324	6478	324
10678	99	65450	6546	328	6546	328
10678	100	66111	6612	331	6612	331
10679	1	661	66	4	66	4
10679	2	1322	132	7	132	7
10679	3	1983	198	10	198	10
10679	4	2644	264	13	264	13
10679	5	3306	330	17	330	17
10679	6	3967	396	20	396	20
10679	7	4628	462	23	462	23
10679	8	5289	528	27	528	27
10679	9	5950	596	30	596	30
10679	10	6611	662	33	662	33
10679	11	7272	728	37	728	37
10679	12	7933	794	40	794	40
10679	13	8594	860	43	860	43
10679	14	9256	926	47	926	47
10679	15	9917	992	50	992	50
10679	16	10578	1058	53	1058	53
10679	17	11239	1124	56	1124	56
10679	18	11900	1190	60	1190	60
10679	19	12561	1256	63	1256	63
10679	20	13222	1322	66	1322	66
10679	21	13883	1388	70	1388	70
10679	22	14544	1454	73	1454	73
10679	23	15206	1520	76	1520	76
10679	24	15867	1586	80	1586	80
10679	25	16528	1652	83	1652	83
10679	26	17189	1718	86	1718	86
10679	27	17850	1786	90	1786	90
10679	28	18511	1852	93	1852	93
10679	29	19172	1918	96	1918	96
10679	30	19833	1984	99	1984	99
10679	31	20494	2050	103	2050	103
10679	32	21156	2116	106	2116	106
10679	33	21817	2182	109	2182	109
10679	34	22478	2248	113	2248	113
10679	35	23139	2314	116	2314	116
10679	36	23800	2380	119	2380	119
10679	37	24461	2446	123	2446	123
10679	38	25122	2512	126	2512	126
10679	39	25783	2578	129	2578	129
10679	40	26444	2644	132	2644	132
10679	41	27106	2710	136	2710	136
10679	42	27767	2776	139	2776	139
10679	43	28428	2842	142	2842	142
10679	44	29089	2908	146	2908	146
10679	45	29750	2976	149	2976	149
10679	46	30411	3042	152	3042	152
10679	47	31072	3108	156	3108	156
10679	48	31733	3174	159	3174	159
10679	49	32394	3240	162	3240	162
10679	50	33056	3306	166	3306	166
10679	51	33717	3372	169	3372	169
10679	52	34378	3438	172	3438	172
10679	53	35039	3504	175	3504	175
10679	54	35700	3570	179	3570	179
10679	55	36361	3636	182	3636	182
10679	56	37022	3702	185	3702	185
10679	57	37683	3768	189	3768	189
10679	58	38344	3834	192	3834	192
10679	59	39006	3900	195	3900	195
10679	60	39667	3966	199	3966	199
10679	61	40328	4032	202	4032	202
10679	62	40989	4098	205	4098	205
10679	63	41650	4166	209	4166	209
10679	64	42311	4232	212	4232	212
10679	65	42972	4298	215	4298	215
10679	66	43633	4364	218	4364	218
10679	67	44294	4430	222	4430	222
10679	68	44956	4496	225	4496	225
10679	69	45617	4562	228	4562	228
10679	70	46278	4628	232	4628	232
10679	71	46939	4694	235	4694	235
10679	72	47600	4760	238	4760	238
10679	73	48261	4826	242	4826	242
10679	74	48922	4892	245	4892	245
10679	75	49583	4958	248	4958	248
10679	76	50244	5024	251	5024	251
10679	77	50906	5090	255	5090	255
10679	78	51567	5156	258	5156	258
10679	79	52228	5222	261	5222	261
10679	80	52889	5288	265	5288	265
10679	81	53550	5356	268	5356	268
10679	82	54211	5422	271	5422	271
10679	83	54872	5488	275	5488	275
10679	84	55533	5554	278	5554	278
10679	85	56194	5620	281	5620	281
10679	86	56856	5686	285	5686	285
10679	87	57517	5752	288	5752	288
10679	88	58178	5818	291	5818	291
10679	89	58839	5884	294	5884	294
10679	90	59500	5950	298	5950	298
10679	91	60161	6016	301	6016	301
10679	92	60822	6082	304	6082	304
10679	93	61483	6148	308	6148	308
10679	94	62144	6214	311	6214	311
10679	95	62806	6280	314	6280	314
10679	96	63467	6346	318	6346	318
10679	97	64128	6412	321	6412	321
10679	98	64789	6478	324	6478	324
10679	99	65450	6546	328	6546	328
10679	100	66111	6612	331	6612	331
10680	1	661	17	7	17	11
10680	2	1322	33	13	33	20
10680	3	1983	50	20	50	30
10680	4	2644	66	26	66	39
10680	5	3306	83	33	83	50
10680	6	3967	99	40	99	60
10680	7	4628	116	46	116	69
10680	8	5289	132	53	132	80
10680	9	5950	149	60	149	90
10680	10	6611	166	66	166	99
10680	11	7272	182	73	182	110
10680	12	7933	199	79	199	119
10680	13	8594	215	86	215	129
10680	14	9256	232	93	232	140
10680	15	9917	248	99	248	149
10680	16	10578	265	106	265	159
10680	17	11239	281	112	281	168
10680	18	11900	298	119	298	179
10680	19	12561	314	126	314	189
10680	20	13222	331	132	331	198
10680	21	13883	347	139	347	209
10680	22	14544	364	145	364	218
10680	23	15206	380	152	380	228
10680	24	15867	397	159	397	239
10680	25	16528	413	165	413	248
10680	26	17189	430	172	430	258
10680	27	17850	447	179	447	269
10680	28	18511	463	185	463	278
10680	29	19172	480	192	480	288
10680	30	19833	496	198	496	297
10680	31	20494	513	205	513	308
10680	32	21156	529	212	529	318
10680	33	21817	546	218	546	327
10680	34	22478	562	225	562	338
10680	35	23139	579	231	579	347
10680	36	23800	595	238	595	357
10680	37	24461	612	245	612	368
10680	38	25122	628	251	628	377
10680	39	25783	645	258	645	387
10680	40	26444	661	264	661	396
10680	41	27106	678	271	678	407
10680	42	27767	694	278	694	417
10680	43	28428	711	284	711	426
10680	44	29089	727	291	727	437
10680	45	29750	744	298	744	447
10680	46	30411	761	304	761	456
10680	47	31072	777	311	777	467
10680	48	31733	794	317	794	476
10680	49	32394	810	324	810	486
10680	50	33056	827	331	827	497
10680	51	33717	843	337	843	506
10680	52	34378	860	344	860	516
10680	53	35039	876	350	876	525
10680	54	35700	893	357	893	536
10680	55	36361	909	364	909	546
10680	56	37022	926	370	926	555
10680	57	37683	942	377	942	566
10680	58	38344	959	383	959	575
10680	59	39006	975	390	975	585
10680	60	39667	992	397	992	596
10680	61	40328	1008	403	1008	605
10680	62	40989	1025	410	1025	615
10680	63	41650	1042	417	1042	626
10680	64	42311	1058	423	1058	635
10680	65	42972	1075	430	1075	645
10680	66	43633	1091	436	1091	654
10680	67	44294	1108	443	1108	665
10680	68	44956	1124	450	1124	675
10680	69	45617	1141	456	1141	684
10680	70	46278	1157	463	1157	695
10680	71	46939	1174	469	1174	704
10680	72	47600	1190	476	1190	714
10680	73	48261	1207	483	1207	725
10680	74	48922	1223	489	1223	734
10680	75	49583	1240	496	1240	744
10680	76	50244	1256	502	1256	753
10680	77	50906	1273	509	1273	764
10680	78	51567	1289	516	1289	774
10680	79	52228	1306	522	1306	783
10680	80	52889	1322	529	1322	794
10680	81	53550	1339	536	1339	804
10680	82	54211	1356	542	1356	813
10680	83	54872	1372	549	1372	824
10680	84	55533	1389	555	1389	833
10680	85	56194	1405	562	1405	843
10680	86	56856	1422	569	1422	854
10680	87	57517	1438	575	1438	863
10680	88	58178	1455	582	1455	873
10680	89	58839	1471	588	1471	882
10680	90	59500	1488	595	1488	893
10680	91	60161	1504	602	1504	903
10680	92	60822	1521	608	1521	912
10680	93	61483	1537	615	1537	923
10680	94	62144	1554	621	1554	932
10680	95	62806	1570	628	1570	942
10680	96	63467	1587	635	1587	953
10680	97	64128	1603	641	1603	962
10680	98	64789	1620	648	1620	972
10680	99	65450	1637	655	1637	983
10680	100	66111	1653	661	1653	992
10681	1	661	17	7	17	11
10681	2	1322	33	13	33	20
10681	3	1983	50	20	50	30
10681	4	2644	66	26	66	39
10681	5	3306	83	33	83	50
10681	6	3967	99	40	99	60
10681	7	4628	116	46	116	69
10681	8	5289	132	53	132	80
10681	9	5950	149	60	149	90
10681	10	6611	166	66	166	99
10681	11	7272	182	73	182	110
10681	12	7933	199	79	199	119
10681	13	8594	215	86	215	129
10681	14	9256	232	93	232	140
10681	15	9917	248	99	248	149
10681	16	10578	265	106	265	159
10681	17	11239	281	112	281	168
10681	18	11900	298	119	298	179
10681	19	12561	314	126	314	189
10681	20	13222	331	132	331	198
10681	21	13883	347	139	347	209
10681	22	14544	364	145	364	218
10681	23	15206	380	152	380	228
10681	24	15867	397	159	397	239
10681	25	16528	413	165	413	248
10681	26	17189	430	172	430	258
10681	27	17850	447	179	447	269
10681	28	18511	463	185	463	278
10681	29	19172	480	192	480	288
10681	30	19833	496	198	496	297
10681	31	20494	513	205	513	308
10681	32	21156	529	212	529	318
10681	33	21817	546	218	546	327
10681	34	22478	562	225	562	338
10681	35	23139	579	231	579	347
10681	36	23800	595	238	595	357
10681	37	24461	612	245	612	368
10681	38	25122	628	251	628	377
10681	39	25783	645	258	645	387
10681	40	26444	661	264	661	396
10681	41	27106	678	271	678	407
10681	42	27767	694	278	694	417
10681	43	28428	711	284	711	426
10681	44	29089	727	291	727	437
10681	45	29750	744	298	744	447
10681	46	30411	761	304	761	456
10681	47	31072	777	311	777	467
10681	48	31733	794	317	794	476
10681	49	32394	810	324	810	486
10681	50	33056	827	331	827	497
10681	51	33717	843	337	843	506
10681	52	34378	860	344	860	516
10681	53	35039	876	350	876	525
10681	54	35700	893	357	893	536
10681	55	36361	909	364	909	546
10681	56	37022	926	370	926	555
10681	57	37683	942	377	942	566
10681	58	38344	959	383	959	575
10681	59	39006	975	390	975	585
10681	60	39667	992	397	992	596
10681	61	40328	1008	403	1008	605
10681	62	40989	1025	410	1025	615
10681	63	41650	1042	417	1042	626
10681	64	42311	1058	423	1058	635
10681	65	42972	1075	430	1075	645
10681	66	43633	1091	436	1091	654
10681	67	44294	1108	443	1108	665
10681	68	44956	1124	450	1124	675
10681	69	45617	1141	456	1141	684
10681	70	46278	1157	463	1157	695
10681	71	46939	1174	469	1174	704
10681	72	47600	1190	476	1190	714
10681	73	48261	1207	483	1207	725
10681	74	48922	1223	489	1223	734
10681	75	49583	1240	496	1240	744
10681	76	50244	1256	502	1256	753
10681	77	50906	1273	509	1273	764
10681	78	51567	1289	516	1289	774
10681	79	52228	1306	522	1306	783
10681	80	52889	1322	529	1322	794
10681	81	53550	1339	536	1339	804
10681	82	54211	1356	542	1356	813
10681	83	54872	1372	549	1372	824
10681	84	55533	1389	555	1389	833
10681	85	56194	1405	562	1405	843
10681	86	56856	1422	569	1422	854
10681	87	57517	1438	575	1438	863
10681	88	58178	1455	582	1455	873
10681	89	58839	1471	588	1471	882
10681	90	59500	1488	595	1488	893
10681	91	60161	1504	602	1504	903
10681	92	60822	1521	608	1521	912
10681	93	61483	1537	615	1537	923
10681	94	62144	1554	621	1554	932
10681	95	62806	1570	628	1570	942
10681	96	63467	1587	635	1587	953
10681	97	64128	1603	641	1603	962
10681	98	64789	1620	648	1620	972
10681	99	65450	1637	655	1637	983
10681	100	66111	1653	661	1653	992
10682	1	661	17	7	17	11
10682	2	1322	33	13	33	20
10682	3	1983	50	20	50	30
10682	4	2644	66	26	66	39
10682	5	3306	83	33	83	50
10682	6	3967	99	40	99	60
10682	7	4628	116	46	116	69
10682	8	5289	132	53	132	80
10682	9	5950	149	60	149	90
10682	10	6611	166	66	166	99
10682	11	7272	182	73	182	110
10682	12	7933	199	79	199	119
10682	13	8594	215	86	215	129
10682	14	9256	232	93	232	140
10682	15	9917	248	99	248	149
10682	16	10578	265	106	265	159
10682	17	11239	281	112	281	168
10682	18	11900	298	119	298	179
10682	19	12561	314	126	314	189
10682	20	13222	331	132	331	198
10682	21	13883	347	139	347	209
10682	22	14544	364	145	364	218
10682	23	15206	380	152	380	228
10682	24	15867	397	159	397	239
10682	25	16528	413	165	413	248
10682	26	17189	430	172	430	258
10682	27	17850	447	179	447	269
10682	28	18511	463	185	463	278
10682	29	19172	480	192	480	288
10682	30	19833	496	198	496	297
10682	31	20494	513	205	513	308
10682	32	21156	529	212	529	318
10682	33	21817	546	218	546	327
10682	34	22478	562	225	562	338
10682	35	23139	579	231	579	347
10682	36	23800	595	238	595	357
10682	37	24461	612	245	612	368
10682	38	25122	628	251	628	377
10682	39	25783	645	258	645	387
10682	40	26444	661	264	661	396
10682	41	27106	678	271	678	407
10682	42	27767	694	278	694	417
10682	43	28428	711	284	711	426
10682	44	29089	727	291	727	437
10682	45	29750	744	298	744	447
10682	46	30411	761	304	761	456
10682	47	31072	777	311	777	467
10682	48	31733	794	317	794	476
10682	49	32394	810	324	810	486
10682	50	33056	827	331	827	497
10682	51	33717	843	337	843	506
10682	52	34378	860	344	860	516
10682	53	35039	876	350	876	525
10682	54	35700	893	357	893	536
10682	55	36361	909	364	909	546
10682	56	37022	926	370	926	555
10682	57	37683	942	377	942	566
10682	58	38344	959	383	959	575
10682	59	39006	975	390	975	585
10682	60	39667	992	397	992	596
10682	61	40328	1008	403	1008	605
10682	62	40989	1025	410	1025	615
10682	63	41650	1042	417	1042	626
10682	64	42311	1058	423	1058	635
10682	65	42972	1075	430	1075	645
10682	66	43633	1091	436	1091	654
10682	67	44294	1108	443	1108	665
10682	68	44956	1124	450	1124	675
10682	69	45617	1141	456	1141	684
10682	70	46278	1157	463	1157	695
10682	71	46939	1174	469	1174	704
10682	72	47600	1190	476	1190	714
10682	73	48261	1207	483	1207	725
10682	74	48922	1223	489	1223	734
10682	75	49583	1240	496	1240	744
10682	76	50244	1256	502	1256	753
10682	77	50906	1273	509	1273	764
10682	78	51567	1289	516	1289	774
10682	79	52228	1306	522	1306	783
10682	80	52889	1322	529	1322	794
10682	81	53550	1339	536	1339	804
10682	82	54211	1356	542	1356	813
10682	83	54872	1372	549	1372	824
10682	84	55533	1389	555	1389	833
10682	85	56194	1405	562	1405	843
10682	86	56856	1422	569	1422	854
10682	87	57517	1438	575	1438	863
10682	88	58178	1455	582	1455	873
10682	89	58839	1471	588	1471	882
10682	90	59500	1488	595	1488	893
10682	91	60161	1504	602	1504	903
10682	92	60822	1521	608	1521	912
10682	93	61483	1537	615	1537	923
10682	94	62144	1554	621	1554	932
10682	95	62806	1570	628	1570	942
10682	96	63467	1587	635	1587	953
10682	97	64128	1603	641	1603	962
10682	98	64789	1620	648	1620	972
10682	99	65450	1637	655	1637	983
10682	100	66111	1653	661	1653	992
10683	1	661	17	7	17	11
10683	2	1322	33	13	33	20
10683	3	1983	50	20	50	30
10683	4	2644	66	26	66	39
10683	5	3306	83	33	83	50
10683	6	3967	99	40	99	60
10683	7	4628	116	46	116	69
10683	8	5289	132	53	132	80
10683	9	5950	149	60	149	90
10683	10	6611	166	66	166	99
10683	11	7272	182	73	182	110
10683	12	7933	199	79	199	119
10683	13	8594	215	86	215	129
10683	14	9256	232	93	232	140
10683	15	9917	248	99	248	149
10683	16	10578	265	106	265	159
10683	17	11239	281	112	281	168
10683	18	11900	298	119	298	179
10683	19	12561	314	126	314	189
10683	20	13222	331	132	331	198
10683	21	13883	347	139	347	209
10683	22	14544	364	145	364	218
10683	23	15206	380	152	380	228
10683	24	15867	397	159	397	239
10683	25	16528	413	165	413	248
10683	26	17189	430	172	430	258
10683	27	17850	447	179	447	269
10683	28	18511	463	185	463	278
10683	29	19172	480	192	480	288
10683	30	19833	496	198	496	297
10683	31	20494	513	205	513	308
10683	32	21156	529	212	529	318
10683	33	21817	546	218	546	327
10683	34	22478	562	225	562	338
10683	35	23139	579	231	579	347
10683	36	23800	595	238	595	357
10683	37	24461	612	245	612	368
10683	38	25122	628	251	628	377
10683	39	25783	645	258	645	387
10683	40	26444	661	264	661	396
10683	41	27106	678	271	678	407
10683	42	27767	694	278	694	417
10683	43	28428	711	284	711	426
10683	44	29089	727	291	727	437
10683	45	29750	744	298	744	447
10683	46	30411	761	304	761	456
10683	47	31072	777	311	777	467
10683	48	31733	794	317	794	476
10683	49	32394	810	324	810	486
10683	50	33056	827	331	827	497
10683	51	33717	843	337	843	506
10683	52	34378	860	344	860	516
10683	53	35039	876	350	876	525
10683	54	35700	893	357	893	536
10683	55	36361	909	364	909	546
10683	56	37022	926	370	926	555
10683	57	37683	942	377	942	566
10683	58	38344	959	383	959	575
10683	59	39006	975	390	975	585
10683	60	39667	992	397	992	596
10683	61	40328	1008	403	1008	605
10683	62	40989	1025	410	1025	615
10683	63	41650	1042	417	1042	626
10683	64	42311	1058	423	1058	635
10683	65	42972	1075	430	1075	645
10683	66	43633	1091	436	1091	654
10683	67	44294	1108	443	1108	665
10683	68	44956	1124	450	1124	675
10683	69	45617	1141	456	1141	684
10683	70	46278	1157	463	1157	695
10683	71	46939	1174	469	1174	704
10683	72	47600	1190	476	1190	714
10683	73	48261	1207	483	1207	725
10683	74	48922	1223	489	1223	734
10683	75	49583	1240	496	1240	744
10683	76	50244	1256	502	1256	753
10683	77	50906	1273	509	1273	764
10683	78	51567	1289	516	1289	774
10683	79	52228	1306	522	1306	783
10683	80	52889	1322	529	1322	794
10683	81	53550	1339	536	1339	804
10683	82	54211	1356	542	1356	813
10683	83	54872	1372	549	1372	824
10683	84	55533	1389	555	1389	833
10683	85	56194	1405	562	1405	843
10683	86	56856	1422	569	1422	854
10683	87	57517	1438	575	1438	863
10683	88	58178	1455	582	1455	873
10683	89	58839	1471	588	1471	882
10683	90	59500	1488	595	1488	893
10683	91	60161	1504	602	1504	903
10683	92	60822	1521	608	1521	912
10683	93	61483	1537	615	1537	923
10683	94	62144	1554	621	1554	932
10683	95	62806	1570	628	1570	942
10683	96	63467	1587	635	1587	953
10683	97	64128	1603	641	1603	962
10683	98	64789	1620	648	1620	972
10683	99	65450	1637	655	1637	983
10683	100	66111	1653	661	1653	992
10684	1	661	17	7	17	11
10684	2	1322	33	13	33	20
10684	3	1983	50	20	50	30
10684	4	2644	66	26	66	39
10684	5	3306	83	33	83	50
10684	6	3967	99	40	99	60
10684	7	4628	116	46	116	69
10684	8	5289	132	53	132	80
10684	9	5950	149	60	149	90
10684	10	6611	166	66	166	99
10684	11	7272	182	73	182	110
10684	12	7933	199	79	199	119
10684	13	8594	215	86	215	129
10684	14	9256	232	93	232	140
10684	15	9917	248	99	248	149
10684	16	10578	265	106	265	159
10684	17	11239	281	112	281	168
10684	18	11900	298	119	298	179
10684	19	12561	314	126	314	189
10684	20	13222	331	132	331	198
10684	21	13883	347	139	347	209
10684	22	14544	364	145	364	218
10684	23	15206	380	152	380	228
10684	24	15867	397	159	397	239
10684	25	16528	413	165	413	248
10684	26	17189	430	172	430	258
10684	27	17850	447	179	447	269
10684	28	18511	463	185	463	278
10684	29	19172	480	192	480	288
10684	30	19833	496	198	496	297
10684	31	20494	513	205	513	308
10684	32	21156	529	212	529	318
10684	33	21817	546	218	546	327
10684	34	22478	562	225	562	338
10684	35	23139	579	231	579	347
10684	36	23800	595	238	595	357
10684	37	24461	612	245	612	368
10684	38	25122	628	251	628	377
10684	39	25783	645	258	645	387
10684	40	26444	661	264	661	396
10684	41	27106	678	271	678	407
10684	42	27767	694	278	694	417
10684	43	28428	711	284	711	426
10684	44	29089	727	291	727	437
10684	45	29750	744	298	744	447
10684	46	30411	761	304	761	456
10684	47	31072	777	311	777	467
10684	48	31733	794	317	794	476
10684	49	32394	810	324	810	486
10684	50	33056	827	331	827	497
10684	51	33717	843	337	843	506
10684	52	34378	860	344	860	516
10684	53	35039	876	350	876	525
10684	54	35700	893	357	893	536
10684	55	36361	909	364	909	546
10684	56	37022	926	370	926	555
10684	57	37683	942	377	942	566
10684	58	38344	959	383	959	575
10684	59	39006	975	390	975	585
10684	60	39667	992	397	992	596
10684	61	40328	1008	403	1008	605
10684	62	40989	1025	410	1025	615
10684	63	41650	1042	417	1042	626
10684	64	42311	1058	423	1058	635
10684	65	42972	1075	430	1075	645
10684	66	43633	1091	436	1091	654
10684	67	44294	1108	443	1108	665
10684	68	44956	1124	450	1124	675
10684	69	45617	1141	456	1141	684
10684	70	46278	1157	463	1157	695
10684	71	46939	1174	469	1174	704
10684	72	47600	1190	476	1190	714
10684	73	48261	1207	483	1207	725
10684	74	48922	1223	489	1223	734
10684	75	49583	1240	496	1240	744
10684	76	50244	1256	502	1256	753
10684	77	50906	1273	509	1273	764
10684	78	51567	1289	516	1289	774
10684	79	52228	1306	522	1306	783
10684	80	52889	1322	529	1322	794
10684	81	53550	1339	536	1339	804
10684	82	54211	1356	542	1356	813
10684	83	54872	1372	549	1372	824
10684	84	55533	1389	555	1389	833
10684	85	56194	1405	562	1405	843
10684	86	56856	1422	569	1422	854
10684	87	57517	1438	575	1438	863
10684	88	58178	1455	582	1455	873
10684	89	58839	1471	588	1471	882
10684	90	59500	1488	595	1488	893
10684	91	60161	1504	602	1504	903
10684	92	60822	1521	608	1521	912
10684	93	61483	1537	615	1537	923
10684	94	62144	1554	621	1554	932
10684	95	62806	1570	628	1570	942
10684	96	63467	1587	635	1587	953
10684	97	64128	1603	641	1603	962
10684	98	64789	1620	648	1620	972
10684	99	65450	1637	655	1637	983
10684	100	66111	1653	661	1653	992
10685	1	661	50	7	50	4
10685	2	1322	99	13	99	7
10685	3	1983	149	20	149	10
10685	4	2644	198	26	198	13
10685	5	3306	248	33	248	17
10685	6	3967	297	40	297	20
10685	7	4628	347	46	347	23
10685	8	5289	396	53	396	27
10685	9	5950	447	60	447	30
10685	10	6611	497	66	497	33
10685	11	7272	546	73	546	37
10685	12	7933	596	79	596	40
10685	13	8594	645	86	645	43
10685	14	9256	695	93	695	47
10685	15	9917	744	99	744	50
10685	16	10578	794	106	794	53
10685	17	11239	843	112	843	56
10685	18	11900	893	119	893	60
10685	19	12561	942	126	942	63
10685	20	13222	992	132	992	66
10685	21	13883	1041	139	1041	70
10685	22	14544	1091	145	1091	73
10685	23	15206	1140	152	1140	76
10685	24	15867	1190	159	1190	80
10685	25	16528	1239	165	1239	83
10685	26	17189	1289	172	1289	86
10685	27	17850	1340	179	1340	90
10685	28	18511	1389	185	1389	93
10685	29	19172	1439	192	1439	96
10685	30	19833	1488	198	1488	99
10685	31	20494	1538	205	1538	103
10685	32	21156	1587	212	1587	106
10685	33	21817	1637	218	1637	109
10685	34	22478	1686	225	1686	113
10685	35	23139	1736	231	1736	116
10685	36	23800	1785	238	1785	119
10685	37	24461	1835	245	1835	123
10685	38	25122	1884	251	1884	126
10685	39	25783	1934	258	1934	129
10685	40	26444	1983	264	1983	132
10685	41	27106	2033	271	2033	136
10685	42	27767	2082	278	2082	139
10685	43	28428	2132	284	2132	142
10685	44	29089	2181	291	2181	146
10685	45	29750	2232	298	2232	149
10685	46	30411	2282	304	2282	152
10685	47	31072	2331	311	2331	156
10685	48	31733	2381	317	2381	159
10685	49	32394	2430	324	2430	162
10685	50	33056	2480	331	2480	166
10685	51	33717	2529	337	2529	169
10685	52	34378	2579	344	2579	172
10685	53	35039	2628	350	2628	175
10685	54	35700	2678	357	2678	179
10685	55	36361	2727	364	2727	182
10685	56	37022	2777	370	2777	185
10685	57	37683	2826	377	2826	189
10685	58	38344	2876	383	2876	192
10685	59	39006	2925	390	2925	195
10685	60	39667	2975	397	2975	199
10685	61	40328	3024	403	3024	202
10685	62	40989	3074	410	3074	205
10685	63	41650	3125	417	3125	209
10685	64	42311	3174	423	3174	212
10685	65	42972	3224	430	3224	215
10685	66	43633	3273	436	3273	218
10685	67	44294	3323	443	3323	222
10685	68	44956	3372	450	3372	225
10685	69	45617	3422	456	3422	228
10685	70	46278	3471	463	3471	232
10685	71	46939	3521	469	3521	235
10685	72	47600	3570	476	3570	238
10685	73	48261	3620	483	3620	242
10685	74	48922	3669	489	3669	245
10685	75	49583	3719	496	3719	248
10685	76	50244	3768	502	3768	251
10685	77	50906	3818	509	3818	255
10685	78	51567	3867	516	3867	258
10685	79	52228	3917	522	3917	261
10685	80	52889	3966	529	3966	265
10685	81	53550	4017	536	4017	268
10685	82	54211	4067	542	4067	271
10685	83	54872	4116	549	4116	275
10685	84	55533	4166	555	4166	278
10685	85	56194	4215	562	4215	281
10685	86	56856	4265	569	4265	285
10685	87	57517	4314	575	4314	288
10685	88	58178	4364	582	4364	291
10685	89	58839	4413	588	4413	294
10685	90	59500	4463	595	4463	298
10685	91	60161	4512	602	4512	301
10685	92	60822	4562	608	4562	304
10685	93	61483	4611	615	4611	308
10685	94	62144	4661	621	4661	311
10685	95	62806	4710	628	4710	314
10685	96	63467	4760	635	4760	318
10685	97	64128	4809	641	4809	321
10685	98	64789	4859	648	4859	324
10685	99	65450	4910	655	4910	328
10685	100	66111	4959	661	4959	331
10686	1	661	50	7	50	4
10686	2	1322	99	13	99	7
10686	3	1983	149	20	149	10
10686	4	2644	198	26	198	13
10686	5	3306	248	33	248	17
10686	6	3967	297	40	297	20
10686	7	4628	347	46	347	23
10686	8	5289	396	53	396	27
10686	9	5950	447	60	447	30
10686	10	6611	497	66	497	33
10686	11	7272	546	73	546	37
10686	12	7933	596	79	596	40
10686	13	8594	645	86	645	43
10686	14	9256	695	93	695	47
10686	15	9917	744	99	744	50
10686	16	10578	794	106	794	53
10686	17	11239	843	112	843	56
10686	18	11900	893	119	893	60
10686	19	12561	942	126	942	63
10686	20	13222	992	132	992	66
10686	21	13883	1041	139	1041	70
10686	22	14544	1091	145	1091	73
10686	23	15206	1140	152	1140	76
10686	24	15867	1190	159	1190	80
10686	25	16528	1239	165	1239	83
10686	26	17189	1289	172	1289	86
10686	27	17850	1340	179	1340	90
10686	28	18511	1389	185	1389	93
10686	29	19172	1439	192	1439	96
10686	30	19833	1488	198	1488	99
10686	31	20494	1538	205	1538	103
10686	32	21156	1587	212	1587	106
10686	33	21817	1637	218	1637	109
10686	34	22478	1686	225	1686	113
10686	35	23139	1736	231	1736	116
10686	36	23800	1785	238	1785	119
10686	37	24461	1835	245	1835	123
10686	38	25122	1884	251	1884	126
10686	39	25783	1934	258	1934	129
10686	40	26444	1983	264	1983	132
10686	41	27106	2033	271	2033	136
10686	42	27767	2082	278	2082	139
10686	43	28428	2132	284	2132	142
10686	44	29089	2181	291	2181	146
10686	45	29750	2232	298	2232	149
10686	46	30411	2282	304	2282	152
10686	47	31072	2331	311	2331	156
10686	48	31733	2381	317	2381	159
10686	49	32394	2430	324	2430	162
10686	50	33056	2480	331	2480	166
10686	51	33717	2529	337	2529	169
10686	52	34378	2579	344	2579	172
10686	53	35039	2628	350	2628	175
10686	54	35700	2678	357	2678	179
10686	55	36361	2727	364	2727	182
10686	56	37022	2777	370	2777	185
10686	57	37683	2826	377	2826	189
10686	58	38344	2876	383	2876	192
10686	59	39006	2925	390	2925	195
10686	60	39667	2975	397	2975	199
10686	61	40328	3024	403	3024	202
10686	62	40989	3074	410	3074	205
10686	63	41650	3125	417	3125	209
10686	64	42311	3174	423	3174	212
10686	65	42972	3224	430	3224	215
10686	66	43633	3273	436	3273	218
10686	67	44294	3323	443	3323	222
10686	68	44956	3372	450	3372	225
10686	69	45617	3422	456	3422	228
10686	70	46278	3471	463	3471	232
10686	71	46939	3521	469	3521	235
10686	72	47600	3570	476	3570	238
10686	73	48261	3620	483	3620	242
10686	74	48922	3669	489	3669	245
10686	75	49583	3719	496	3719	248
10686	76	50244	3768	502	3768	251
10686	77	50906	3818	509	3818	255
10686	78	51567	3867	516	3867	258
10686	79	52228	3917	522	3917	261
10686	80	52889	3966	529	3966	265
10686	81	53550	4017	536	4017	268
10686	82	54211	4067	542	4067	271
10686	83	54872	4116	549	4116	275
10686	84	55533	4166	555	4166	278
10686	85	56194	4215	562	4215	281
10686	86	56856	4265	569	4265	285
10686	87	57517	4314	575	4314	288
10686	88	58178	4364	582	4364	291
10686	89	58839	4413	588	4413	294
10686	90	59500	4463	595	4463	298
10686	91	60161	4512	602	4512	301
10686	92	60822	4562	608	4562	304
10686	93	61483	4611	615	4611	308
10686	94	62144	4661	621	4661	311
10686	95	62806	4710	628	4710	314
10686	96	63467	4760	635	4760	318
10686	97	64128	4809	641	4809	321
10686	98	64789	4859	648	4859	324
10686	99	65450	4910	655	4910	328
10686	100	66111	4959	661	4959	331
10687	1	661	50	7	50	4
10687	2	1322	99	13	99	7
10687	3	1983	149	20	149	10
10687	4	2644	198	26	198	13
10687	5	3306	248	33	248	17
10687	6	3967	297	40	297	20
10687	7	4628	347	46	347	23
10687	8	5289	396	53	396	27
10687	9	5950	447	60	447	30
10687	10	6611	497	66	497	33
10687	11	7272	546	73	546	37
10687	12	7933	596	79	596	40
10687	13	8594	645	86	645	43
10687	14	9256	695	93	695	47
10687	15	9917	744	99	744	50
10687	16	10578	794	106	794	53
10687	17	11239	843	112	843	56
10687	18	11900	893	119	893	60
10687	19	12561	942	126	942	63
10687	20	13222	992	132	992	66
10687	21	13883	1041	139	1041	70
10687	22	14544	1091	145	1091	73
10687	23	15206	1140	152	1140	76
10687	24	15867	1190	159	1190	80
10687	25	16528	1239	165	1239	83
10687	26	17189	1289	172	1289	86
10687	27	17850	1340	179	1340	90
10687	28	18511	1389	185	1389	93
10687	29	19172	1439	192	1439	96
10687	30	19833	1488	198	1488	99
10687	31	20494	1538	205	1538	103
10687	32	21156	1587	212	1587	106
10687	33	21817	1637	218	1637	109
10687	34	22478	1686	225	1686	113
10687	35	23139	1736	231	1736	116
10687	36	23800	1785	238	1785	119
10687	37	24461	1835	245	1835	123
10687	38	25122	1884	251	1884	126
10687	39	25783	1934	258	1934	129
10687	40	26444	1983	264	1983	132
10687	41	27106	2033	271	2033	136
10687	42	27767	2082	278	2082	139
10687	43	28428	2132	284	2132	142
10687	44	29089	2181	291	2181	146
10687	45	29750	2232	298	2232	149
10687	46	30411	2282	304	2282	152
10687	47	31072	2331	311	2331	156
10687	48	31733	2381	317	2381	159
10687	49	32394	2430	324	2430	162
10687	50	33056	2480	331	2480	166
10687	51	33717	2529	337	2529	169
10687	52	34378	2579	344	2579	172
10687	53	35039	2628	350	2628	175
10687	54	35700	2678	357	2678	179
10687	55	36361	2727	364	2727	182
10687	56	37022	2777	370	2777	185
10687	57	37683	2826	377	2826	189
10687	58	38344	2876	383	2876	192
10687	59	39006	2925	390	2925	195
10687	60	39667	2975	397	2975	199
10687	61	40328	3024	403	3024	202
10687	62	40989	3074	410	3074	205
10687	63	41650	3125	417	3125	209
10687	64	42311	3174	423	3174	212
10687	65	42972	3224	430	3224	215
10687	66	43633	3273	436	3273	218
10687	67	44294	3323	443	3323	222
10687	68	44956	3372	450	3372	225
10687	69	45617	3422	456	3422	228
10687	70	46278	3471	463	3471	232
10687	71	46939	3521	469	3521	235
10687	72	47600	3570	476	3570	238
10687	73	48261	3620	483	3620	242
10687	74	48922	3669	489	3669	245
10687	75	49583	3719	496	3719	248
10687	76	50244	3768	502	3768	251
10687	77	50906	3818	509	3818	255
10687	78	51567	3867	516	3867	258
10687	79	52228	3917	522	3917	261
10687	80	52889	3966	529	3966	265
10687	81	53550	4017	536	4017	268
10687	82	54211	4067	542	4067	271
10687	83	54872	4116	549	4116	275
10687	84	55533	4166	555	4166	278
10687	85	56194	4215	562	4215	281
10687	86	56856	4265	569	4265	285
10687	87	57517	4314	575	4314	288
10687	88	58178	4364	582	4364	291
10687	89	58839	4413	588	4413	294
10687	90	59500	4463	595	4463	298
10687	91	60161	4512	602	4512	301
10687	92	60822	4562	608	4562	304
10687	93	61483	4611	615	4611	308
10687	94	62144	4661	621	4661	311
10687	95	62806	4710	628	4710	314
10687	96	63467	4760	635	4760	318
10687	97	64128	4809	641	4809	321
10687	98	64789	4859	648	4859	324
10687	99	65450	4910	655	4910	328
10687	100	66111	4959	661	4959	331
10688	1	661	50	7	50	4
10688	2	1322	99	13	99	7
10688	3	1983	149	20	149	10
10688	4	2644	198	26	198	13
10688	5	3306	248	33	248	17
10688	6	3967	297	40	297	20
10688	7	4628	347	46	347	23
10688	8	5289	396	53	396	27
10688	9	5950	447	60	447	30
10688	10	6611	497	66	497	33
10688	11	7272	546	73	546	37
10688	12	7933	596	79	596	40
10688	13	8594	645	86	645	43
10688	14	9256	695	93	695	47
10688	15	9917	744	99	744	50
10688	16	10578	794	106	794	53
10688	17	11239	843	112	843	56
10688	18	11900	893	119	893	60
10688	19	12561	942	126	942	63
10688	20	13222	992	132	992	66
10688	21	13883	1041	139	1041	70
10688	22	14544	1091	145	1091	73
10688	23	15206	1140	152	1140	76
10688	24	15867	1190	159	1190	80
10688	25	16528	1239	165	1239	83
10688	26	17189	1289	172	1289	86
10688	27	17850	1340	179	1340	90
10688	28	18511	1389	185	1389	93
10688	29	19172	1439	192	1439	96
10688	30	19833	1488	198	1488	99
10688	31	20494	1538	205	1538	103
10688	32	21156	1587	212	1587	106
10688	33	21817	1637	218	1637	109
10688	34	22478	1686	225	1686	113
10688	35	23139	1736	231	1736	116
10688	36	23800	1785	238	1785	119
10688	37	24461	1835	245	1835	123
10688	38	25122	1884	251	1884	126
10688	39	25783	1934	258	1934	129
10688	40	26444	1983	264	1983	132
10688	41	27106	2033	271	2033	136
10688	42	27767	2082	278	2082	139
10688	43	28428	2132	284	2132	142
10688	44	29089	2181	291	2181	146
10688	45	29750	2232	298	2232	149
10688	46	30411	2282	304	2282	152
10688	47	31072	2331	311	2331	156
10688	48	31733	2381	317	2381	159
10688	49	32394	2430	324	2430	162
10688	50	33056	2480	331	2480	166
10688	51	33717	2529	337	2529	169
10688	52	34378	2579	344	2579	172
10688	53	35039	2628	350	2628	175
10688	54	35700	2678	357	2678	179
10688	55	36361	2727	364	2727	182
10688	56	37022	2777	370	2777	185
10688	57	37683	2826	377	2826	189
10688	58	38344	2876	383	2876	192
10688	59	39006	2925	390	2925	195
10688	60	39667	2975	397	2975	199
10688	61	40328	3024	403	3024	202
10688	62	40989	3074	410	3074	205
10688	63	41650	3125	417	3125	209
10688	64	42311	3174	423	3174	212
10688	65	42972	3224	430	3224	215
10688	66	43633	3273	436	3273	218
10688	67	44294	3323	443	3323	222
10688	68	44956	3372	450	3372	225
10688	69	45617	3422	456	3422	228
10688	70	46278	3471	463	3471	232
10688	71	46939	3521	469	3521	235
10688	72	47600	3570	476	3570	238
10688	73	48261	3620	483	3620	242
10688	74	48922	3669	489	3669	245
10688	75	49583	3719	496	3719	248
10688	76	50244	3768	502	3768	251
10688	77	50906	3818	509	3818	255
10688	78	51567	3867	516	3867	258
10688	79	52228	3917	522	3917	261
10688	80	52889	3966	529	3966	265
10688	81	53550	4017	536	4017	268
10688	82	54211	4067	542	4067	271
10688	83	54872	4116	549	4116	275
10688	84	55533	4166	555	4166	278
10688	85	56194	4215	562	4215	281
10688	86	56856	4265	569	4265	285
10688	87	57517	4314	575	4314	288
10688	88	58178	4364	582	4364	291
10688	89	58839	4413	588	4413	294
10688	90	59500	4463	595	4463	298
10688	91	60161	4512	602	4512	301
10688	92	60822	4562	608	4562	304
10688	93	61483	4611	615	4611	308
10688	94	62144	4661	621	4661	311
10688	95	62806	4710	628	4710	314
10688	96	63467	4760	635	4760	318
10688	97	64128	4809	641	4809	321
10688	98	64789	4859	648	4859	324
10688	99	65450	4910	655	4910	328
10688	100	66111	4959	661	4959	331
10689	1	661	50	7	50	4
10689	2	1322	99	13	99	7
10689	3	1983	149	20	149	10
10689	4	2644	198	26	198	13
10689	5	3306	248	33	248	17
10689	6	3967	297	40	297	20
10689	7	4628	347	46	347	23
10689	8	5289	396	53	396	27
10689	9	5950	447	60	447	30
10689	10	6611	497	66	497	33
10689	11	7272	546	73	546	37
10689	12	7933	596	79	596	40
10689	13	8594	645	86	645	43
10689	14	9256	695	93	695	47
10689	15	9917	744	99	744	50
10689	16	10578	794	106	794	53
10689	17	11239	843	112	843	56
10689	18	11900	893	119	893	60
10689	19	12561	942	126	942	63
10689	20	13222	992	132	992	66
10689	21	13883	1041	139	1041	70
10689	22	14544	1091	145	1091	73
10689	23	15206	1140	152	1140	76
10689	24	15867	1190	159	1190	80
10689	25	16528	1239	165	1239	83
10689	26	17189	1289	172	1289	86
10689	27	17850	1340	179	1340	90
10689	28	18511	1389	185	1389	93
10689	29	19172	1439	192	1439	96
10689	30	19833	1488	198	1488	99
10689	31	20494	1538	205	1538	103
10689	32	21156	1587	212	1587	106
10689	33	21817	1637	218	1637	109
10689	34	22478	1686	225	1686	113
10689	35	23139	1736	231	1736	116
10689	36	23800	1785	238	1785	119
10689	37	24461	1835	245	1835	123
10689	38	25122	1884	251	1884	126
10689	39	25783	1934	258	1934	129
10689	40	26444	1983	264	1983	132
10689	41	27106	2033	271	2033	136
10689	42	27767	2082	278	2082	139
10689	43	28428	2132	284	2132	142
10689	44	29089	2181	291	2181	146
10689	45	29750	2232	298	2232	149
10689	46	30411	2282	304	2282	152
10689	47	31072	2331	311	2331	156
10689	48	31733	2381	317	2381	159
10689	49	32394	2430	324	2430	162
10689	50	33056	2480	331	2480	166
10689	51	33717	2529	337	2529	169
10689	52	34378	2579	344	2579	172
10689	53	35039	2628	350	2628	175
10689	54	35700	2678	357	2678	179
10689	55	36361	2727	364	2727	182
10689	56	37022	2777	370	2777	185
10689	57	37683	2826	377	2826	189
10689	58	38344	2876	383	2876	192
10689	59	39006	2925	390	2925	195
10689	60	39667	2975	397	2975	199
10689	61	40328	3024	403	3024	202
10689	62	40989	3074	410	3074	205
10689	63	41650	3125	417	3125	209
10689	64	42311	3174	423	3174	212
10689	65	42972	3224	430	3224	215
10689	66	43633	3273	436	3273	218
10689	67	44294	3323	443	3323	222
10689	68	44956	3372	450	3372	225
10689	69	45617	3422	456	3422	228
10689	70	46278	3471	463	3471	232
10689	71	46939	3521	469	3521	235
10689	72	47600	3570	476	3570	238
10689	73	48261	3620	483	3620	242
10689	74	48922	3669	489	3669	245
10689	75	49583	3719	496	3719	248
10689	76	50244	3768	502	3768	251
10689	77	50906	3818	509	3818	255
10689	78	51567	3867	516	3867	258
10689	79	52228	3917	522	3917	261
10689	80	52889	3966	529	3966	265
10689	81	53550	4017	536	4017	268
10689	82	54211	4067	542	4067	271
10689	83	54872	4116	549	4116	275
10689	84	55533	4166	555	4166	278
10689	85	56194	4215	562	4215	281
10689	86	56856	4265	569	4265	285
10689	87	57517	4314	575	4314	288
10689	88	58178	4364	582	4364	291
10689	89	58839	4413	588	4413	294
10689	90	59500	4463	595	4463	298
10689	91	60161	4512	602	4512	301
10689	92	60822	4562	608	4562	304
10689	93	61483	4611	615	4611	308
10689	94	62144	4661	621	4661	311
10689	95	62806	4710	628	4710	314
10689	96	63467	4760	635	4760	318
10689	97	64128	4809	641	4809	321
10689	98	64789	4859	648	4859	324
10689	99	65450	4910	655	4910	328
10689	100	66111	4959	661	4959	331
10690	1	331	17	11	17	11
10690	2	661	33	20	33	20
10690	3	992	50	30	50	30
10690	4	1322	66	39	66	39
10690	5	1653	83	50	83	50
10690	6	1984	99	60	99	60
10690	7	2314	116	69	116	69
10690	8	2645	132	80	132	80
10690	9	2975	149	90	149	90
10690	10	3306	166	99	166	99
10690	11	3636	182	110	182	110
10690	12	3967	199	119	199	119
10690	13	4297	215	129	215	129
10690	14	4628	232	140	232	140
10690	15	4959	248	149	248	149
10690	16	5289	265	159	265	159
10690	17	5620	281	168	281	168
10690	18	5950	298	179	298	179
10690	19	6281	314	189	314	189
10690	20	6611	331	198	331	198
10690	21	6942	347	209	347	209
10690	22	7272	364	218	364	218
10690	23	7603	380	228	380	228
10690	24	7934	397	239	397	239
10690	25	8264	413	248	413	248
10690	26	8595	430	258	430	258
10690	27	8925	447	269	447	269
10690	28	9256	463	278	463	278
10690	29	9586	480	288	480	288
10690	30	9917	496	297	496	297
10690	31	10247	513	308	513	308
10690	32	10578	529	318	529	318
10690	33	10909	546	327	546	327
10690	34	11239	562	338	562	338
10690	35	11570	579	347	579	347
10690	36	11900	595	357	595	357
10690	37	12231	612	368	612	368
10690	38	12561	628	377	628	377
10690	39	12892	645	387	645	387
10690	40	13222	661	396	661	396
10690	41	13553	678	407	678	407
10690	42	13884	694	417	694	417
10690	43	14214	711	426	711	426
10690	44	14545	727	437	727	437
10690	45	14875	744	447	744	447
10690	46	15206	761	456	761	456
10690	47	15536	777	467	777	467
10690	48	15867	794	476	794	476
10690	49	16197	810	486	810	486
10690	50	16528	827	497	827	497
10690	51	16859	843	506	843	506
10690	52	17189	860	516	860	516
10690	53	17520	876	525	876	525
10690	54	17850	893	536	893	536
10690	55	18181	909	546	909	546
10690	56	18511	926	555	926	555
10690	57	18842	942	566	942	566
10690	58	19172	959	575	959	575
10690	59	19503	975	585	975	585
10690	60	19834	992	596	992	596
10690	61	20164	1008	605	1008	605
10690	62	20495	1025	615	1025	615
10690	63	20825	1042	626	1042	626
10690	64	21156	1058	635	1058	635
10690	65	21486	1075	645	1075	645
10690	66	21817	1091	654	1091	654
10690	67	22147	1108	665	1108	665
10690	68	22478	1124	675	1124	675
10690	69	22809	1141	684	1141	684
10690	70	23139	1157	695	1157	695
10690	71	23470	1174	704	1174	704
10690	72	23800	1190	714	1190	714
10690	73	24131	1207	725	1207	725
10690	74	24461	1223	734	1223	734
10690	75	24792	1240	744	1240	744
10690	76	25122	1256	753	1256	753
10690	77	25453	1273	764	1273	764
10690	78	25784	1289	774	1289	774
10690	79	26114	1306	783	1306	783
10690	80	26445	1322	794	1322	794
10690	81	26775	1339	804	1339	804
10690	82	27106	1356	813	1356	813
10690	83	27436	1372	824	1372	824
10690	84	27767	1389	833	1389	833
10690	85	28097	1405	843	1405	843
10690	86	28428	1422	854	1422	854
10690	87	28759	1438	863	1438	863
10690	88	29089	1455	873	1455	873
10690	89	29420	1471	882	1471	882
10690	90	29750	1488	893	1488	893
10690	91	30081	1504	903	1504	903
10690	92	30411	1521	912	1521	912
10690	93	30742	1537	923	1537	923
10690	94	31072	1554	932	1554	932
10690	95	31403	1570	942	1570	942
10690	96	31734	1587	953	1587	953
10690	97	32064	1603	962	1603	962
10690	98	32395	1620	972	1620	972
10690	99	32725	1637	983	1637	983
10690	100	33056	1653	992	1653	992
10691	1	331	17	11	17	11
10691	2	661	33	20	33	20
10691	3	992	50	30	50	30
10691	4	1322	66	39	66	39
10691	5	1653	83	50	83	50
10691	6	1984	99	60	99	60
10691	7	2314	116	69	116	69
10691	8	2645	132	80	132	80
10691	9	2975	149	90	149	90
10691	10	3306	166	99	166	99
10691	11	3636	182	110	182	110
10691	12	3967	199	119	199	119
10691	13	4297	215	129	215	129
10691	14	4628	232	140	232	140
10691	15	4959	248	149	248	149
10691	16	5289	265	159	265	159
10691	17	5620	281	168	281	168
10691	18	5950	298	179	298	179
10691	19	6281	314	189	314	189
10691	20	6611	331	198	331	198
10691	21	6942	347	209	347	209
10691	22	7272	364	218	364	218
10691	23	7603	380	228	380	228
10691	24	7934	397	239	397	239
10691	25	8264	413	248	413	248
10691	26	8595	430	258	430	258
10691	27	8925	447	269	447	269
10691	28	9256	463	278	463	278
10691	29	9586	480	288	480	288
10691	30	9917	496	297	496	297
10691	31	10247	513	308	513	308
10691	32	10578	529	318	529	318
10691	33	10909	546	327	546	327
10691	34	11239	562	338	562	338
10691	35	11570	579	347	579	347
10691	36	11900	595	357	595	357
10691	37	12231	612	368	612	368
10691	38	12561	628	377	628	377
10691	39	12892	645	387	645	387
10691	40	13222	661	396	661	396
10691	41	13553	678	407	678	407
10691	42	13884	694	417	694	417
10691	43	14214	711	426	711	426
10691	44	14545	727	437	727	437
10691	45	14875	744	447	744	447
10691	46	15206	761	456	761	456
10691	47	15536	777	467	777	467
10691	48	15867	794	476	794	476
10691	49	16197	810	486	810	486
10691	50	16528	827	497	827	497
10691	51	16859	843	506	843	506
10691	52	17189	860	516	860	516
10691	53	17520	876	525	876	525
10691	54	17850	893	536	893	536
10691	55	18181	909	546	909	546
10691	56	18511	926	555	926	555
10691	57	18842	942	566	942	566
10691	58	19172	959	575	959	575
10691	59	19503	975	585	975	585
10691	60	19834	992	596	992	596
10691	61	20164	1008	605	1008	605
10691	62	20495	1025	615	1025	615
10691	63	20825	1042	626	1042	626
10691	64	21156	1058	635	1058	635
10691	65	21486	1075	645	1075	645
10691	66	21817	1091	654	1091	654
10691	67	22147	1108	665	1108	665
10691	68	22478	1124	675	1124	675
10691	69	22809	1141	684	1141	684
10691	70	23139	1157	695	1157	695
10691	71	23470	1174	704	1174	704
10691	72	23800	1190	714	1190	714
10691	73	24131	1207	725	1207	725
10691	74	24461	1223	734	1223	734
10691	75	24792	1240	744	1240	744
10691	76	25122	1256	753	1256	753
10691	77	25453	1273	764	1273	764
10691	78	25784	1289	774	1289	774
10691	79	26114	1306	783	1306	783
10691	80	26445	1322	794	1322	794
10691	81	26775	1339	804	1339	804
10691	82	27106	1356	813	1356	813
10691	83	27436	1372	824	1372	824
10691	84	27767	1389	833	1389	833
10691	85	28097	1405	843	1405	843
10691	86	28428	1422	854	1422	854
10691	87	28759	1438	863	1438	863
10691	88	29089	1455	873	1455	873
10691	89	29420	1471	882	1471	882
10691	90	29750	1488	893	1488	893
10691	91	30081	1504	903	1504	903
10691	92	30411	1521	912	1521	912
10691	93	30742	1537	923	1537	923
10691	94	31072	1554	932	1554	932
10691	95	31403	1570	942	1570	942
10691	96	31734	1587	953	1587	953
10691	97	32064	1603	962	1603	962
10691	98	32395	1620	972	1620	972
10691	99	32725	1637	983	1637	983
10691	100	33056	1653	992	1653	992
10692	1	331	17	11	17	11
10692	2	661	33	20	33	20
10692	3	992	50	30	50	30
10692	4	1322	66	39	66	39
10692	5	1653	83	50	83	50
10692	6	1984	99	60	99	60
10692	7	2314	116	69	116	69
10692	8	2645	132	80	132	80
10692	9	2975	149	90	149	90
10692	10	3306	166	99	166	99
10692	11	3636	182	110	182	110
10692	12	3967	199	119	199	119
10692	13	4297	215	129	215	129
10692	14	4628	232	140	232	140
10692	15	4959	248	149	248	149
10692	16	5289	265	159	265	159
10692	17	5620	281	168	281	168
10692	18	5950	298	179	298	179
10692	19	6281	314	189	314	189
10692	20	6611	331	198	331	198
10692	21	6942	347	209	347	209
10692	22	7272	364	218	364	218
10692	23	7603	380	228	380	228
10692	24	7934	397	239	397	239
10692	25	8264	413	248	413	248
10692	26	8595	430	258	430	258
10692	27	8925	447	269	447	269
10692	28	9256	463	278	463	278
10692	29	9586	480	288	480	288
10692	30	9917	496	297	496	297
10692	31	10247	513	308	513	308
10692	32	10578	529	318	529	318
10692	33	10909	546	327	546	327
10692	34	11239	562	338	562	338
10692	35	11570	579	347	579	347
10692	36	11900	595	357	595	357
10692	37	12231	612	368	612	368
10692	38	12561	628	377	628	377
10692	39	12892	645	387	645	387
10692	40	13222	661	396	661	396
10692	41	13553	678	407	678	407
10692	42	13884	694	417	694	417
10692	43	14214	711	426	711	426
10692	44	14545	727	437	727	437
10692	45	14875	744	447	744	447
10692	46	15206	761	456	761	456
10692	47	15536	777	467	777	467
10692	48	15867	794	476	794	476
10692	49	16197	810	486	810	486
10692	50	16528	827	497	827	497
10692	51	16859	843	506	843	506
10692	52	17189	860	516	860	516
10692	53	17520	876	525	876	525
10692	54	17850	893	536	893	536
10692	55	18181	909	546	909	546
10692	56	18511	926	555	926	555
10692	57	18842	942	566	942	566
10692	58	19172	959	575	959	575
10692	59	19503	975	585	975	585
10692	60	19834	992	596	992	596
10692	61	20164	1008	605	1008	605
10692	62	20495	1025	615	1025	615
10692	63	20825	1042	626	1042	626
10692	64	21156	1058	635	1058	635
10692	65	21486	1075	645	1075	645
10692	66	21817	1091	654	1091	654
10692	67	22147	1108	665	1108	665
10692	68	22478	1124	675	1124	675
10692	69	22809	1141	684	1141	684
10692	70	23139	1157	695	1157	695
10692	71	23470	1174	704	1174	704
10692	72	23800	1190	714	1190	714
10692	73	24131	1207	725	1207	725
10692	74	24461	1223	734	1223	734
10692	75	24792	1240	744	1240	744
10692	76	25122	1256	753	1256	753
10692	77	25453	1273	764	1273	764
10692	78	25784	1289	774	1289	774
10692	79	26114	1306	783	1306	783
10692	80	26445	1322	794	1322	794
10692	81	26775	1339	804	1339	804
10692	82	27106	1356	813	1356	813
10692	83	27436	1372	824	1372	824
10692	84	27767	1389	833	1389	833
10692	85	28097	1405	843	1405	843
10692	86	28428	1422	854	1422	854
10692	87	28759	1438	863	1438	863
10692	88	29089	1455	873	1455	873
10692	89	29420	1471	882	1471	882
10692	90	29750	1488	893	1488	893
10692	91	30081	1504	903	1504	903
10692	92	30411	1521	912	1521	912
10692	93	30742	1537	923	1537	923
10692	94	31072	1554	932	1554	932
10692	95	31403	1570	942	1570	942
10692	96	31734	1587	953	1587	953
10692	97	32064	1603	962	1603	962
10692	98	32395	1620	972	1620	972
10692	99	32725	1637	983	1637	983
10692	100	33056	1653	992	1653	992
10693	1	331	17	11	17	11
10693	2	661	33	20	33	20
10693	3	992	50	30	50	30
10693	4	1322	66	39	66	39
10693	5	1653	83	50	83	50
10693	6	1984	99	60	99	60
10693	7	2314	116	69	116	69
10693	8	2645	132	80	132	80
10693	9	2975	149	90	149	90
10693	10	3306	166	99	166	99
10693	11	3636	182	110	182	110
10693	12	3967	199	119	199	119
10693	13	4297	215	129	215	129
10693	14	4628	232	140	232	140
10693	15	4959	248	149	248	149
10693	16	5289	265	159	265	159
10693	17	5620	281	168	281	168
10693	18	5950	298	179	298	179
10693	19	6281	314	189	314	189
10693	20	6611	331	198	331	198
10693	21	6942	347	209	347	209
10693	22	7272	364	218	364	218
10693	23	7603	380	228	380	228
10693	24	7934	397	239	397	239
10693	25	8264	413	248	413	248
10693	26	8595	430	258	430	258
10693	27	8925	447	269	447	269
10693	28	9256	463	278	463	278
10693	29	9586	480	288	480	288
10693	30	9917	496	297	496	297
10693	31	10247	513	308	513	308
10693	32	10578	529	318	529	318
10693	33	10909	546	327	546	327
10693	34	11239	562	338	562	338
10693	35	11570	579	347	579	347
10693	36	11900	595	357	595	357
10693	37	12231	612	368	612	368
10693	38	12561	628	377	628	377
10693	39	12892	645	387	645	387
10693	40	13222	661	396	661	396
10693	41	13553	678	407	678	407
10693	42	13884	694	417	694	417
10693	43	14214	711	426	711	426
10693	44	14545	727	437	727	437
10693	45	14875	744	447	744	447
10693	46	15206	761	456	761	456
10693	47	15536	777	467	777	467
10693	48	15867	794	476	794	476
10693	49	16197	810	486	810	486
10693	50	16528	827	497	827	497
10693	51	16859	843	506	843	506
10693	52	17189	860	516	860	516
10693	53	17520	876	525	876	525
10693	54	17850	893	536	893	536
10693	55	18181	909	546	909	546
10693	56	18511	926	555	926	555
10693	57	18842	942	566	942	566
10693	58	19172	959	575	959	575
10693	59	19503	975	585	975	585
10693	60	19834	992	596	992	596
10693	61	20164	1008	605	1008	605
10693	62	20495	1025	615	1025	615
10693	63	20825	1042	626	1042	626
10693	64	21156	1058	635	1058	635
10693	65	21486	1075	645	1075	645
10693	66	21817	1091	654	1091	654
10693	67	22147	1108	665	1108	665
10693	68	22478	1124	675	1124	675
10693	69	22809	1141	684	1141	684
10693	70	23139	1157	695	1157	695
10693	71	23470	1174	704	1174	704
10693	72	23800	1190	714	1190	714
10693	73	24131	1207	725	1207	725
10693	74	24461	1223	734	1223	734
10693	75	24792	1240	744	1240	744
10693	76	25122	1256	753	1256	753
10693	77	25453	1273	764	1273	764
10693	78	25784	1289	774	1289	774
10693	79	26114	1306	783	1306	783
10693	80	26445	1322	794	1322	794
10693	81	26775	1339	804	1339	804
10693	82	27106	1356	813	1356	813
10693	83	27436	1372	824	1372	824
10693	84	27767	1389	833	1389	833
10693	85	28097	1405	843	1405	843
10693	86	28428	1422	854	1422	854
10693	87	28759	1438	863	1438	863
10693	88	29089	1455	873	1455	873
10693	89	29420	1471	882	1471	882
10693	90	29750	1488	893	1488	893
10693	91	30081	1504	903	1504	903
10693	92	30411	1521	912	1521	912
10693	93	30742	1537	923	1537	923
10693	94	31072	1554	932	1554	932
10693	95	31403	1570	942	1570	942
10693	96	31734	1587	953	1587	953
10693	97	32064	1603	962	1603	962
10693	98	32395	1620	972	1620	972
10693	99	32725	1637	983	1637	983
10693	100	33056	1653	992	1653	992
10694	1	331	17	11	17	11
10694	2	661	33	20	33	20
10694	3	992	50	30	50	30
10694	4	1322	66	39	66	39
10694	5	1653	83	50	83	50
10694	6	1984	99	60	99	60
10694	7	2314	116	69	116	69
10694	8	2645	132	80	132	80
10694	9	2975	149	90	149	90
10694	10	3306	166	99	166	99
10694	11	3636	182	110	182	110
10694	12	3967	199	119	199	119
10694	13	4297	215	129	215	129
10694	14	4628	232	140	232	140
10694	15	4959	248	149	248	149
10694	16	5289	265	159	265	159
10694	17	5620	281	168	281	168
10694	18	5950	298	179	298	179
10694	19	6281	314	189	314	189
10694	20	6611	331	198	331	198
10694	21	6942	347	209	347	209
10694	22	7272	364	218	364	218
10694	23	7603	380	228	380	228
10694	24	7934	397	239	397	239
10694	25	8264	413	248	413	248
10694	26	8595	430	258	430	258
10694	27	8925	447	269	447	269
10694	28	9256	463	278	463	278
10694	29	9586	480	288	480	288
10694	30	9917	496	297	496	297
10694	31	10247	513	308	513	308
10694	32	10578	529	318	529	318
10694	33	10909	546	327	546	327
10694	34	11239	562	338	562	338
10694	35	11570	579	347	579	347
10694	36	11900	595	357	595	357
10694	37	12231	612	368	612	368
10694	38	12561	628	377	628	377
10694	39	12892	645	387	645	387
10694	40	13222	661	396	661	396
10694	41	13553	678	407	678	407
10694	42	13884	694	417	694	417
10694	43	14214	711	426	711	426
10694	44	14545	727	437	727	437
10694	45	14875	744	447	744	447
10694	46	15206	761	456	761	456
10694	47	15536	777	467	777	467
10694	48	15867	794	476	794	476
10694	49	16197	810	486	810	486
10694	50	16528	827	497	827	497
10694	51	16859	843	506	843	506
10694	52	17189	860	516	860	516
10694	53	17520	876	525	876	525
10694	54	17850	893	536	893	536
10694	55	18181	909	546	909	546
10694	56	18511	926	555	926	555
10694	57	18842	942	566	942	566
10694	58	19172	959	575	959	575
10694	59	19503	975	585	975	585
10694	60	19834	992	596	992	596
10694	61	20164	1008	605	1008	605
10694	62	20495	1025	615	1025	615
10694	63	20825	1042	626	1042	626
10694	64	21156	1058	635	1058	635
10694	65	21486	1075	645	1075	645
10694	66	21817	1091	654	1091	654
10694	67	22147	1108	665	1108	665
10694	68	22478	1124	675	1124	675
10694	69	22809	1141	684	1141	684
10694	70	23139	1157	695	1157	695
10694	71	23470	1174	704	1174	704
10694	72	23800	1190	714	1190	714
10694	73	24131	1207	725	1207	725
10694	74	24461	1223	734	1223	734
10694	75	24792	1240	744	1240	744
10694	76	25122	1256	753	1256	753
10694	77	25453	1273	764	1273	764
10694	78	25784	1289	774	1289	774
10694	79	26114	1306	783	1306	783
10694	80	26445	1322	794	1322	794
10694	81	26775	1339	804	1339	804
10694	82	27106	1356	813	1356	813
10694	83	27436	1372	824	1372	824
10694	84	27767	1389	833	1389	833
10694	85	28097	1405	843	1405	843
10694	86	28428	1422	854	1422	854
10694	87	28759	1438	863	1438	863
10694	88	29089	1455	873	1455	873
10694	89	29420	1471	882	1471	882
10694	90	29750	1488	893	1488	893
10694	91	30081	1504	903	1504	903
10694	92	30411	1521	912	1521	912
10694	93	30742	1537	923	1537	923
10694	94	31072	1554	932	1554	932
10694	95	31403	1570	942	1570	942
10694	96	31734	1587	953	1587	953
10694	97	32064	1603	962	1603	962
10694	98	32395	1620	972	1620	972
10694	99	32725	1637	983	1637	983
10694	100	33056	1653	992	1653	992
10707	1	661	17	14	17	4
10707	2	1322	33	26	33	7
10707	3	1983	50	40	50	10
10707	4	2644	66	52	66	13
10707	5	3306	83	66	83	17
10707	6	3967	99	80	99	20
10707	7	4628	116	92	116	23
10707	8	5289	132	106	132	27
10707	9	5950	149	120	149	30
10707	10	6611	166	132	166	33
10707	11	7272	182	146	182	37
10707	12	7933	199	158	199	40
10707	13	8594	215	172	215	43
10707	14	9256	232	186	232	47
10707	15	9917	248	198	248	50
10707	16	10578	265	212	265	53
10707	17	11239	281	224	281	56
10707	18	11900	298	238	298	60
10707	19	12561	314	252	314	63
10707	20	13222	331	264	331	66
10707	21	13883	347	278	347	70
10707	22	14544	364	290	364	73
10707	23	15206	380	304	380	76
10707	24	15867	397	318	397	80
10707	25	16528	413	330	413	83
10707	26	17189	430	344	430	86
10707	27	17850	447	358	447	90
10707	28	18511	463	370	463	93
10707	29	19172	480	384	480	96
10707	30	19833	496	396	496	99
10707	31	20494	513	410	513	103
10707	32	21156	529	424	529	106
10707	33	21817	546	436	546	109
10707	34	22478	562	450	562	113
10707	35	23139	579	462	579	116
10707	36	23800	595	476	595	119
10707	37	24461	612	490	612	123
10707	38	25122	628	502	628	126
10707	39	25783	645	516	645	129
10707	40	26444	661	528	661	132
10707	41	27106	678	542	678	136
10707	42	27767	694	556	694	139
10707	43	28428	711	568	711	142
10707	44	29089	727	582	727	146
10707	45	29750	744	596	744	149
10707	46	30411	761	608	761	152
10707	47	31072	777	622	777	156
10707	48	31733	794	634	794	159
10707	49	32394	810	648	810	162
10707	50	33056	827	662	827	166
10707	51	33717	843	674	843	169
10707	52	34378	860	688	860	172
10707	53	35039	876	700	876	175
10707	54	35700	893	714	893	179
10707	55	36361	909	728	909	182
10707	56	37022	926	740	926	185
10707	57	37683	942	754	942	189
10707	58	38344	959	766	959	192
10707	59	39006	975	780	975	195
10707	60	39667	992	794	992	199
10707	61	40328	1008	806	1008	202
10707	62	40989	1025	820	1025	205
10707	63	41650	1042	834	1042	209
10707	64	42311	1058	846	1058	212
10707	65	42972	1075	860	1075	215
10707	66	43633	1091	872	1091	218
10707	67	44294	1108	886	1108	222
10707	68	44956	1124	900	1124	225
10707	69	45617	1141	912	1141	228
10707	70	46278	1157	926	1157	232
10707	71	46939	1174	938	1174	235
10707	72	47600	1190	952	1190	238
10707	73	48261	1207	966	1207	242
10707	74	48922	1223	978	1223	245
10707	75	49583	1240	992	1240	248
10707	76	50244	1256	1004	1256	251
10707	77	50906	1273	1018	1273	255
10707	78	51567	1289	1032	1289	258
10707	79	52228	1306	1044	1306	261
10707	80	52889	1322	1058	1322	265
10707	81	53550	1339	1072	1339	268
10707	82	54211	1356	1084	1356	271
10707	83	54872	1372	1098	1372	275
10707	84	55533	1389	1110	1389	278
10707	85	56194	1405	1124	1405	281
10707	86	56856	1422	1138	1422	285
10707	87	57517	1438	1150	1438	288
10707	88	58178	1455	1164	1455	291
10707	89	58839	1471	1176	1471	294
10707	90	59500	1488	1190	1488	298
10707	91	60161	1504	1204	1504	301
10707	92	60822	1521	1216	1521	304
10707	93	61483	1537	1230	1537	308
10707	94	62144	1554	1242	1554	311
10707	95	62806	1570	1256	1570	314
10707	96	63467	1587	1270	1587	318
10707	97	64128	1603	1282	1603	321
10707	98	64789	1620	1296	1620	324
10707	99	65450	1637	1310	1637	328
10707	100	66111	1653	1322	1653	331
10708	1	661	17	14	17	4
10708	2	1322	33	26	33	7
10708	3	1983	50	40	50	10
10708	4	2644	66	52	66	13
10708	5	3306	83	66	83	17
10708	6	3967	99	80	99	20
10708	7	4628	116	92	116	23
10708	8	5289	132	106	132	27
10708	9	5950	149	120	149	30
10708	10	6611	166	132	166	33
10708	11	7272	182	146	182	37
10708	12	7933	199	158	199	40
10708	13	8594	215	172	215	43
10708	14	9256	232	186	232	47
10708	15	9917	248	198	248	50
10708	16	10578	265	212	265	53
10708	17	11239	281	224	281	56
10708	18	11900	298	238	298	60
10708	19	12561	314	252	314	63
10708	20	13222	331	264	331	66
10708	21	13883	347	278	347	70
10708	22	14544	364	290	364	73
10708	23	15206	380	304	380	76
10708	24	15867	397	318	397	80
10708	25	16528	413	330	413	83
10708	26	17189	430	344	430	86
10708	27	17850	447	358	447	90
10708	28	18511	463	370	463	93
10708	29	19172	480	384	480	96
10708	30	19833	496	396	496	99
10708	31	20494	513	410	513	103
10708	32	21156	529	424	529	106
10708	33	21817	546	436	546	109
10708	34	22478	562	450	562	113
10708	35	23139	579	462	579	116
10708	36	23800	595	476	595	119
10708	37	24461	612	490	612	123
10708	38	25122	628	502	628	126
10708	39	25783	645	516	645	129
10708	40	26444	661	528	661	132
10708	41	27106	678	542	678	136
10708	42	27767	694	556	694	139
10708	43	28428	711	568	711	142
10708	44	29089	727	582	727	146
10708	45	29750	744	596	744	149
10708	46	30411	761	608	761	152
10708	47	31072	777	622	777	156
10708	48	31733	794	634	794	159
10708	49	32394	810	648	810	162
10708	50	33056	827	662	827	166
10708	51	33717	843	674	843	169
10708	52	34378	860	688	860	172
10708	53	35039	876	700	876	175
10708	54	35700	893	714	893	179
10708	55	36361	909	728	909	182
10708	56	37022	926	740	926	185
10708	57	37683	942	754	942	189
10708	58	38344	959	766	959	192
10708	59	39006	975	780	975	195
10708	60	39667	992	794	992	199
10708	61	40328	1008	806	1008	202
10708	62	40989	1025	820	1025	205
10708	63	41650	1042	834	1042	209
10708	64	42311	1058	846	1058	212
10708	65	42972	1075	860	1075	215
10708	66	43633	1091	872	1091	218
10708	67	44294	1108	886	1108	222
10708	68	44956	1124	900	1124	225
10708	69	45617	1141	912	1141	228
10708	70	46278	1157	926	1157	232
10708	71	46939	1174	938	1174	235
10708	72	47600	1190	952	1190	238
10708	73	48261	1207	966	1207	242
10708	74	48922	1223	978	1223	245
10708	75	49583	1240	992	1240	248
10708	76	50244	1256	1004	1256	251
10708	77	50906	1273	1018	1273	255
10708	78	51567	1289	1032	1289	258
10708	79	52228	1306	1044	1306	261
10708	80	52889	1322	1058	1322	265
10708	81	53550	1339	1072	1339	268
10708	82	54211	1356	1084	1356	271
10708	83	54872	1372	1098	1372	275
10708	84	55533	1389	1110	1389	278
10708	85	56194	1405	1124	1405	281
10708	86	56856	1422	1138	1422	285
10708	87	57517	1438	1150	1438	288
10708	88	58178	1455	1164	1455	291
10708	89	58839	1471	1176	1471	294
10708	90	59500	1488	1190	1488	298
10708	91	60161	1504	1204	1504	301
10708	92	60822	1521	1216	1521	304
10708	93	61483	1537	1230	1537	308
10708	94	62144	1554	1242	1554	311
10708	95	62806	1570	1256	1570	314
10708	96	63467	1587	1270	1587	318
10708	97	64128	1603	1282	1603	321
10708	98	64789	1620	1296	1620	324
10708	99	65450	1637	1310	1637	328
10708	100	66111	1653	1322	1653	331
10709	1	661	17	14	17	4
10709	2	1322	33	26	33	7
10709	3	1983	50	40	50	10
10709	4	2644	66	52	66	13
10709	5	3306	83	66	83	17
10709	6	3967	99	80	99	20
10709	7	4628	116	92	116	23
10709	8	5289	132	106	132	27
10709	9	5950	149	120	149	30
10709	10	6611	166	132	166	33
10709	11	7272	182	146	182	37
10709	12	7933	199	158	199	40
10709	13	8594	215	172	215	43
10709	14	9256	232	186	232	47
10709	15	9917	248	198	248	50
10709	16	10578	265	212	265	53
10709	17	11239	281	224	281	56
10709	18	11900	298	238	298	60
10709	19	12561	314	252	314	63
10709	20	13222	331	264	331	66
10709	21	13883	347	278	347	70
10709	22	14544	364	290	364	73
10709	23	15206	380	304	380	76
10709	24	15867	397	318	397	80
10709	25	16528	413	330	413	83
10709	26	17189	430	344	430	86
10709	27	17850	447	358	447	90
10709	28	18511	463	370	463	93
10709	29	19172	480	384	480	96
10709	30	19833	496	396	496	99
10709	31	20494	513	410	513	103
10709	32	21156	529	424	529	106
10709	33	21817	546	436	546	109
10709	34	22478	562	450	562	113
10709	35	23139	579	462	579	116
10709	36	23800	595	476	595	119
10709	37	24461	612	490	612	123
10709	38	25122	628	502	628	126
10709	39	25783	645	516	645	129
10709	40	26444	661	528	661	132
10709	41	27106	678	542	678	136
10709	42	27767	694	556	694	139
10709	43	28428	711	568	711	142
10709	44	29089	727	582	727	146
10709	45	29750	744	596	744	149
10709	46	30411	761	608	761	152
10709	47	31072	777	622	777	156
10709	48	31733	794	634	794	159
10709	49	32394	810	648	810	162
10709	50	33056	827	662	827	166
10709	51	33717	843	674	843	169
10709	52	34378	860	688	860	172
10709	53	35039	876	700	876	175
10709	54	35700	893	714	893	179
10709	55	36361	909	728	909	182
10709	56	37022	926	740	926	185
10709	57	37683	942	754	942	189
10709	58	38344	959	766	959	192
10709	59	39006	975	780	975	195
10709	60	39667	992	794	992	199
10709	61	40328	1008	806	1008	202
10709	62	40989	1025	820	1025	205
10709	63	41650	1042	834	1042	209
10709	64	42311	1058	846	1058	212
10709	65	42972	1075	860	1075	215
10709	66	43633	1091	872	1091	218
10709	67	44294	1108	886	1108	222
10709	68	44956	1124	900	1124	225
10709	69	45617	1141	912	1141	228
10709	70	46278	1157	926	1157	232
10709	71	46939	1174	938	1174	235
10709	72	47600	1190	952	1190	238
10709	73	48261	1207	966	1207	242
10709	74	48922	1223	978	1223	245
10709	75	49583	1240	992	1240	248
10709	76	50244	1256	1004	1256	251
10709	77	50906	1273	1018	1273	255
10709	78	51567	1289	1032	1289	258
10709	79	52228	1306	1044	1306	261
10709	80	52889	1322	1058	1322	265
10709	81	53550	1339	1072	1339	268
10709	82	54211	1356	1084	1356	271
10709	83	54872	1372	1098	1372	275
10709	84	55533	1389	1110	1389	278
10709	85	56194	1405	1124	1405	281
10709	86	56856	1422	1138	1422	285
10709	87	57517	1438	1150	1438	288
10709	88	58178	1455	1164	1455	291
10709	89	58839	1471	1176	1471	294
10709	90	59500	1488	1190	1488	298
10709	91	60161	1504	1204	1504	301
10709	92	60822	1521	1216	1521	304
10709	93	61483	1537	1230	1537	308
10709	94	62144	1554	1242	1554	311
10709	95	62806	1570	1256	1570	314
10709	96	63467	1587	1270	1587	318
10709	97	64128	1603	1282	1603	321
10709	98	64789	1620	1296	1620	324
10709	99	65450	1637	1310	1637	328
10709	100	66111	1653	1322	1653	331
10710	1	661	17	14	17	4
10710	2	1322	33	26	33	7
10710	3	1983	50	40	50	10
10710	4	2644	66	52	66	13
10710	5	3306	83	66	83	17
10710	6	3967	99	80	99	20
10710	7	4628	116	92	116	23
10710	8	5289	132	106	132	27
10710	9	5950	149	120	149	30
10710	10	6611	166	132	166	33
10710	11	7272	182	146	182	37
10710	12	7933	199	158	199	40
10710	13	8594	215	172	215	43
10710	14	9256	232	186	232	47
10710	15	9917	248	198	248	50
10710	16	10578	265	212	265	53
10710	17	11239	281	224	281	56
10710	18	11900	298	238	298	60
10710	19	12561	314	252	314	63
10710	20	13222	331	264	331	66
10710	21	13883	347	278	347	70
10710	22	14544	364	290	364	73
10710	23	15206	380	304	380	76
10710	24	15867	397	318	397	80
10710	25	16528	413	330	413	83
10710	26	17189	430	344	430	86
10710	27	17850	447	358	447	90
10710	28	18511	463	370	463	93
10710	29	19172	480	384	480	96
10710	30	19833	496	396	496	99
10710	31	20494	513	410	513	103
10710	32	21156	529	424	529	106
10710	33	21817	546	436	546	109
10710	34	22478	562	450	562	113
10710	35	23139	579	462	579	116
10710	36	23800	595	476	595	119
10710	37	24461	612	490	612	123
10710	38	25122	628	502	628	126
10710	39	25783	645	516	645	129
10710	40	26444	661	528	661	132
10710	41	27106	678	542	678	136
10710	42	27767	694	556	694	139
10710	43	28428	711	568	711	142
10710	44	29089	727	582	727	146
10710	45	29750	744	596	744	149
10710	46	30411	761	608	761	152
10710	47	31072	777	622	777	156
10710	48	31733	794	634	794	159
10710	49	32394	810	648	810	162
10710	50	33056	827	662	827	166
10710	51	33717	843	674	843	169
10710	52	34378	860	688	860	172
10710	53	35039	876	700	876	175
10710	54	35700	893	714	893	179
10710	55	36361	909	728	909	182
10710	56	37022	926	740	926	185
10710	57	37683	942	754	942	189
10710	58	38344	959	766	959	192
10710	59	39006	975	780	975	195
10710	60	39667	992	794	992	199
10710	61	40328	1008	806	1008	202
10710	62	40989	1025	820	1025	205
10710	63	41650	1042	834	1042	209
10710	64	42311	1058	846	1058	212
10710	65	42972	1075	860	1075	215
10710	66	43633	1091	872	1091	218
10710	67	44294	1108	886	1108	222
10710	68	44956	1124	900	1124	225
10710	69	45617	1141	912	1141	228
10710	70	46278	1157	926	1157	232
10710	71	46939	1174	938	1174	235
10710	72	47600	1190	952	1190	238
10710	73	48261	1207	966	1207	242
10710	74	48922	1223	978	1223	245
10710	75	49583	1240	992	1240	248
10710	76	50244	1256	1004	1256	251
10710	77	50906	1273	1018	1273	255
10710	78	51567	1289	1032	1289	258
10710	79	52228	1306	1044	1306	261
10710	80	52889	1322	1058	1322	265
10710	81	53550	1339	1072	1339	268
10710	82	54211	1356	1084	1356	271
10710	83	54872	1372	1098	1372	275
10710	84	55533	1389	1110	1389	278
10710	85	56194	1405	1124	1405	281
10710	86	56856	1422	1138	1422	285
10710	87	57517	1438	1150	1438	288
10710	88	58178	1455	1164	1455	291
10710	89	58839	1471	1176	1471	294
10710	90	59500	1488	1190	1488	298
10710	91	60161	1504	1204	1504	301
10710	92	60822	1521	1216	1521	304
10710	93	61483	1537	1230	1537	308
10710	94	62144	1554	1242	1554	311
10710	95	62806	1570	1256	1570	314
10710	96	63467	1587	1270	1587	318
10710	97	64128	1603	1282	1603	321
10710	98	64789	1620	1296	1620	324
10710	99	65450	1637	1310	1637	328
10710	100	66111	1653	1322	1653	331
10711	1	661	17	14	17	4
10711	2	1322	33	26	33	7
10711	3	1983	50	40	50	10
10711	4	2644	66	52	66	13
10711	5	3306	83	66	83	17
10711	6	3967	99	80	99	20
10711	7	4628	116	92	116	23
10711	8	5289	132	106	132	27
10711	9	5950	149	120	149	30
10711	10	6611	166	132	166	33
10711	11	7272	182	146	182	37
10711	12	7933	199	158	199	40
10711	13	8594	215	172	215	43
10711	14	9256	232	186	232	47
10711	15	9917	248	198	248	50
10711	16	10578	265	212	265	53
10711	17	11239	281	224	281	56
10711	18	11900	298	238	298	60
10711	19	12561	314	252	314	63
10711	20	13222	331	264	331	66
10711	21	13883	347	278	347	70
10711	22	14544	364	290	364	73
10711	23	15206	380	304	380	76
10711	24	15867	397	318	397	80
10711	25	16528	413	330	413	83
10711	26	17189	430	344	430	86
10711	27	17850	447	358	447	90
10711	28	18511	463	370	463	93
10711	29	19172	480	384	480	96
10711	30	19833	496	396	496	99
10711	31	20494	513	410	513	103
10711	32	21156	529	424	529	106
10711	33	21817	546	436	546	109
10711	34	22478	562	450	562	113
10711	35	23139	579	462	579	116
10711	36	23800	595	476	595	119
10711	37	24461	612	490	612	123
10711	38	25122	628	502	628	126
10711	39	25783	645	516	645	129
10711	40	26444	661	528	661	132
10711	41	27106	678	542	678	136
10711	42	27767	694	556	694	139
10711	43	28428	711	568	711	142
10711	44	29089	727	582	727	146
10711	45	29750	744	596	744	149
10711	46	30411	761	608	761	152
10711	47	31072	777	622	777	156
10711	48	31733	794	634	794	159
10711	49	32394	810	648	810	162
10711	50	33056	827	662	827	166
10711	51	33717	843	674	843	169
10711	52	34378	860	688	860	172
10711	53	35039	876	700	876	175
10711	54	35700	893	714	893	179
10711	55	36361	909	728	909	182
10711	56	37022	926	740	926	185
10711	57	37683	942	754	942	189
10711	58	38344	959	766	959	192
10711	59	39006	975	780	975	195
10711	60	39667	992	794	992	199
10711	61	40328	1008	806	1008	202
10711	62	40989	1025	820	1025	205
10711	63	41650	1042	834	1042	209
10711	64	42311	1058	846	1058	212
10711	65	42972	1075	860	1075	215
10711	66	43633	1091	872	1091	218
10711	67	44294	1108	886	1108	222
10711	68	44956	1124	900	1124	225
10711	69	45617	1141	912	1141	228
10711	70	46278	1157	926	1157	232
10711	71	46939	1174	938	1174	235
10711	72	47600	1190	952	1190	238
10711	73	48261	1207	966	1207	242
10711	74	48922	1223	978	1223	245
10711	75	49583	1240	992	1240	248
10711	76	50244	1256	1004	1256	251
10711	77	50906	1273	1018	1273	255
10711	78	51567	1289	1032	1289	258
10711	79	52228	1306	1044	1306	261
10711	80	52889	1322	1058	1322	265
10711	81	53550	1339	1072	1339	268
10711	82	54211	1356	1084	1356	271
10711	83	54872	1372	1098	1372	275
10711	84	55533	1389	1110	1389	278
10711	85	56194	1405	1124	1405	281
10711	86	56856	1422	1138	1422	285
10711	87	57517	1438	1150	1438	288
10711	88	58178	1455	1164	1455	291
10711	89	58839	1471	1176	1471	294
10711	90	59500	1488	1190	1488	298
10711	91	60161	1504	1204	1504	301
10711	92	60822	1521	1216	1521	304
10711	93	61483	1537	1230	1537	308
10711	94	62144	1554	1242	1554	311
10711	95	62806	1570	1256	1570	314
10711	96	63467	1587	1270	1587	318
10711	97	64128	1603	1282	1603	321
10711	98	64789	1620	1296	1620	324
10711	99	65450	1637	1310	1637	328
10711	100	66111	1653	1322	1653	331
10712	1	1322	33	4	33	4
10712	2	2644	66	7	66	7
10712	3	3966	99	10	99	10
10712	4	5288	132	13	132	13
10712	5	6612	165	17	165	17
10712	6	7934	198	20	198	20
10712	7	9256	231	23	231	23
10712	8	10578	264	27	264	27
10712	9	11900	298	30	298	30
10712	10	13222	331	33	331	33
10712	11	14544	364	37	364	37
10712	12	15866	397	40	397	40
10712	13	17188	430	43	430	43
10712	14	18512	463	47	463	47
10712	15	19834	496	50	496	50
10712	16	21156	529	53	529	53
10712	17	22478	562	56	562	56
10712	18	23800	595	60	595	60
10712	19	25122	628	63	628	63
10712	20	26444	661	66	661	66
10712	21	27766	694	70	694	70
10712	22	29088	727	73	727	73
10712	23	30412	760	76	760	76
10712	24	31734	793	80	793	80
10712	25	33056	826	83	826	83
10712	26	34378	859	86	859	86
10712	27	35700	893	90	893	90
10712	28	37022	926	93	926	93
10712	29	38344	959	96	959	96
10712	30	39666	992	99	992	99
10712	31	40988	1025	103	1025	103
10712	32	42312	1058	106	1058	106
10712	33	43634	1091	109	1091	109
10712	34	44956	1124	113	1124	113
10712	35	46278	1157	116	1157	116
10712	36	47600	1190	119	1190	119
10712	37	48922	1223	123	1223	123
10712	38	50244	1256	126	1256	126
10712	39	51566	1289	129	1289	129
10712	40	52888	1322	132	1322	132
10712	41	54212	1355	136	1355	136
10712	42	55534	1388	139	1388	139
10712	43	56856	1421	142	1421	142
10712	44	58178	1454	146	1454	146
10712	45	59500	1488	149	1488	149
10712	46	60822	1521	152	1521	152
10712	47	62144	1554	156	1554	156
10712	48	63466	1587	159	1587	159
10712	49	64788	1620	162	1620	162
10712	50	66112	1653	166	1653	166
10712	51	67434	1686	169	1686	169
10712	52	68756	1719	172	1719	172
10712	53	70078	1752	175	1752	175
10712	54	71400	1785	179	1785	179
10712	55	72722	1818	182	1818	182
10712	56	74044	1851	185	1851	185
10712	57	75366	1884	189	1884	189
10712	58	76688	1917	192	1917	192
10712	59	78012	1950	195	1950	195
10712	60	79334	1983	199	1983	199
10712	61	80656	2016	202	2016	202
10712	62	81978	2049	205	2049	205
10712	63	83300	2083	209	2083	209
10712	64	84622	2116	212	2116	212
10712	65	85944	2149	215	2149	215
10712	66	87266	2182	218	2182	218
10712	67	88588	2215	222	2215	222
10712	68	89912	2248	225	2248	225
10712	69	91234	2281	228	2281	228
10712	70	92556	2314	232	2314	232
10712	71	93878	2347	235	2347	235
10712	72	95200	2380	238	2380	238
10712	73	96522	2413	242	2413	242
10712	74	97844	2446	245	2446	245
10712	75	99166	2479	248	2479	248
10712	76	100488	2512	251	2512	251
10712	77	101812	2545	255	2545	255
10712	78	103134	2578	258	2578	258
10712	79	104456	2611	261	2611	261
10712	80	105778	2644	265	2644	265
10712	81	107100	2678	268	2678	268
10712	82	108422	2711	271	2711	271
10712	83	109744	2744	275	2744	275
10712	84	111066	2777	278	2777	278
10712	85	112388	2810	281	2810	281
10712	86	113712	2843	285	2843	285
10712	87	115034	2876	288	2876	288
10712	88	116356	2909	291	2909	291
10712	89	117678	2942	294	2942	294
10712	90	119000	2975	298	2975	298
10712	91	120322	3008	301	3008	301
10712	92	121644	3041	304	3041	304
10712	93	122966	3074	308	3074	308
10712	94	124288	3107	311	3107	311
10712	95	125612	3140	314	3140	314
10712	96	126934	3173	318	3173	318
10712	97	128256	3206	321	3206	321
10712	98	129578	3239	324	3239	324
10712	99	130900	3273	328	3273	328
10712	100	132222	3306	331	3306	331
10713	1	1322	33	4	33	4
10713	2	2644	66	7	66	7
10713	3	3966	99	10	99	10
10713	4	5288	132	13	132	13
10713	5	6612	165	17	165	17
10713	6	7934	198	20	198	20
10713	7	9256	231	23	231	23
10713	8	10578	264	27	264	27
10713	9	11900	298	30	298	30
10713	10	13222	331	33	331	33
10713	11	14544	364	37	364	37
10713	12	15866	397	40	397	40
10713	13	17188	430	43	430	43
10713	14	18512	463	47	463	47
10713	15	19834	496	50	496	50
10713	16	21156	529	53	529	53
10713	17	22478	562	56	562	56
10713	18	23800	595	60	595	60
10713	19	25122	628	63	628	63
10713	20	26444	661	66	661	66
10713	21	27766	694	70	694	70
10713	22	29088	727	73	727	73
10713	23	30412	760	76	760	76
10713	24	31734	793	80	793	80
10713	25	33056	826	83	826	83
10713	26	34378	859	86	859	86
10713	27	35700	893	90	893	90
10713	28	37022	926	93	926	93
10713	29	38344	959	96	959	96
10713	30	39666	992	99	992	99
10713	31	40988	1025	103	1025	103
10713	32	42312	1058	106	1058	106
10713	33	43634	1091	109	1091	109
10713	34	44956	1124	113	1124	113
10713	35	46278	1157	116	1157	116
10713	36	47600	1190	119	1190	119
10713	37	48922	1223	123	1223	123
10713	38	50244	1256	126	1256	126
10713	39	51566	1289	129	1289	129
10713	40	52888	1322	132	1322	132
10713	41	54212	1355	136	1355	136
10713	42	55534	1388	139	1388	139
10713	43	56856	1421	142	1421	142
10713	44	58178	1454	146	1454	146
10713	45	59500	1488	149	1488	149
10713	46	60822	1521	152	1521	152
10713	47	62144	1554	156	1554	156
10713	48	63466	1587	159	1587	159
10713	49	64788	1620	162	1620	162
10713	50	66112	1653	166	1653	166
10713	51	67434	1686	169	1686	169
10713	52	68756	1719	172	1719	172
10713	53	70078	1752	175	1752	175
10713	54	71400	1785	179	1785	179
10713	55	72722	1818	182	1818	182
10713	56	74044	1851	185	1851	185
10713	57	75366	1884	189	1884	189
10713	58	76688	1917	192	1917	192
10713	59	78012	1950	195	1950	195
10713	60	79334	1983	199	1983	199
10713	61	80656	2016	202	2016	202
10713	62	81978	2049	205	2049	205
10713	63	83300	2083	209	2083	209
10713	64	84622	2116	212	2116	212
10713	65	85944	2149	215	2149	215
10713	66	87266	2182	218	2182	218
10713	67	88588	2215	222	2215	222
10713	68	89912	2248	225	2248	225
10713	69	91234	2281	228	2281	228
10713	70	92556	2314	232	2314	232
10713	71	93878	2347	235	2347	235
10713	72	95200	2380	238	2380	238
10713	73	96522	2413	242	2413	242
10713	74	97844	2446	245	2446	245
10713	75	99166	2479	248	2479	248
10713	76	100488	2512	251	2512	251
10713	77	101812	2545	255	2545	255
10713	78	103134	2578	258	2578	258
10713	79	104456	2611	261	2611	261
10713	80	105778	2644	265	2644	265
10713	81	107100	2678	268	2678	268
10713	82	108422	2711	271	2711	271
10713	83	109744	2744	275	2744	275
10713	84	111066	2777	278	2777	278
10713	85	112388	2810	281	2810	281
10713	86	113712	2843	285	2843	285
10713	87	115034	2876	288	2876	288
10713	88	116356	2909	291	2909	291
10713	89	117678	2942	294	2942	294
10713	90	119000	2975	298	2975	298
10713	91	120322	3008	301	3008	301
10713	92	121644	3041	304	3041	304
10713	93	122966	3074	308	3074	308
10713	94	124288	3107	311	3107	311
10713	95	125612	3140	314	3140	314
10713	96	126934	3173	318	3173	318
10713	97	128256	3206	321	3206	321
10713	98	129578	3239	324	3239	324
10713	99	130900	3273	328	3273	328
10713	100	132222	3306	331	3306	331
10714	1	1322	33	4	33	4
10714	2	2644	66	7	66	7
10714	3	3966	99	10	99	10
10714	4	5288	132	13	132	13
10714	5	6612	165	17	165	17
10714	6	7934	198	20	198	20
10714	7	9256	231	23	231	23
10714	8	10578	264	27	264	27
10714	9	11900	298	30	298	30
10714	10	13222	331	33	331	33
10714	11	14544	364	37	364	37
10714	12	15866	397	40	397	40
10714	13	17188	430	43	430	43
10714	14	18512	463	47	463	47
10714	15	19834	496	50	496	50
10714	16	21156	529	53	529	53
10714	17	22478	562	56	562	56
10714	18	23800	595	60	595	60
10714	19	25122	628	63	628	63
10714	20	26444	661	66	661	66
10714	21	27766	694	70	694	70
10714	22	29088	727	73	727	73
10714	23	30412	760	76	760	76
10714	24	31734	793	80	793	80
10714	25	33056	826	83	826	83
10714	26	34378	859	86	859	86
10714	27	35700	893	90	893	90
10714	28	37022	926	93	926	93
10714	29	38344	959	96	959	96
10714	30	39666	992	99	992	99
10714	31	40988	1025	103	1025	103
10714	32	42312	1058	106	1058	106
10714	33	43634	1091	109	1091	109
10714	34	44956	1124	113	1124	113
10714	35	46278	1157	116	1157	116
10714	36	47600	1190	119	1190	119
10714	37	48922	1223	123	1223	123
10714	38	50244	1256	126	1256	126
10714	39	51566	1289	129	1289	129
10714	40	52888	1322	132	1322	132
10714	41	54212	1355	136	1355	136
10714	42	55534	1388	139	1388	139
10714	43	56856	1421	142	1421	142
10714	44	58178	1454	146	1454	146
10714	45	59500	1488	149	1488	149
10714	46	60822	1521	152	1521	152
10714	47	62144	1554	156	1554	156
10714	48	63466	1587	159	1587	159
10714	49	64788	1620	162	1620	162
10714	50	66112	1653	166	1653	166
10714	51	67434	1686	169	1686	169
10714	52	68756	1719	172	1719	172
10714	53	70078	1752	175	1752	175
10714	54	71400	1785	179	1785	179
10714	55	72722	1818	182	1818	182
10714	56	74044	1851	185	1851	185
10714	57	75366	1884	189	1884	189
10714	58	76688	1917	192	1917	192
10714	59	78012	1950	195	1950	195
10714	60	79334	1983	199	1983	199
10714	61	80656	2016	202	2016	202
10714	62	81978	2049	205	2049	205
10714	63	83300	2083	209	2083	209
10714	64	84622	2116	212	2116	212
10714	65	85944	2149	215	2149	215
10714	66	87266	2182	218	2182	218
10714	67	88588	2215	222	2215	222
10714	68	89912	2248	225	2248	225
10714	69	91234	2281	228	2281	228
10714	70	92556	2314	232	2314	232
10714	71	93878	2347	235	2347	235
10714	72	95200	2380	238	2380	238
10714	73	96522	2413	242	2413	242
10714	74	97844	2446	245	2446	245
10714	75	99166	2479	248	2479	248
10714	76	100488	2512	251	2512	251
10714	77	101812	2545	255	2545	255
10714	78	103134	2578	258	2578	258
10714	79	104456	2611	261	2611	261
10714	80	105778	2644	265	2644	265
10714	81	107100	2678	268	2678	268
10714	82	108422	2711	271	2711	271
10714	83	109744	2744	275	2744	275
10714	84	111066	2777	278	2777	278
10714	85	112388	2810	281	2810	281
10714	86	113712	2843	285	2843	285
10714	87	115034	2876	288	2876	288
10714	88	116356	2909	291	2909	291
10714	89	117678	2942	294	2942	294
10714	90	119000	2975	298	2975	298
10714	91	120322	3008	301	3008	301
10714	92	121644	3041	304	3041	304
10714	93	122966	3074	308	3074	308
10714	94	124288	3107	311	3107	311
10714	95	125612	3140	314	3140	314
10714	96	126934	3173	318	3173	318
10714	97	128256	3206	321	3206	321
10714	98	129578	3239	324	3239	324
10714	99	130900	3273	328	3273	328
10714	100	132222	3306	331	3306	331
10715	1	1322	33	4	33	4
10715	2	2644	66	7	66	7
10715	3	3966	99	10	99	10
10715	4	5288	132	13	132	13
10715	5	6612	165	17	165	17
10715	6	7934	198	20	198	20
10715	7	9256	231	23	231	23
10715	8	10578	264	27	264	27
10715	9	11900	298	30	298	30
10715	10	13222	331	33	331	33
10715	11	14544	364	37	364	37
10715	12	15866	397	40	397	40
10715	13	17188	430	43	430	43
10715	14	18512	463	47	463	47
10715	15	19834	496	50	496	50
10715	16	21156	529	53	529	53
10715	17	22478	562	56	562	56
10715	18	23800	595	60	595	60
10715	19	25122	628	63	628	63
10715	20	26444	661	66	661	66
10715	21	27766	694	70	694	70
10715	22	29088	727	73	727	73
10715	23	30412	760	76	760	76
10715	24	31734	793	80	793	80
10715	25	33056	826	83	826	83
10715	26	34378	859	86	859	86
10715	27	35700	893	90	893	90
10715	28	37022	926	93	926	93
10715	29	38344	959	96	959	96
10715	30	39666	992	99	992	99
10715	31	40988	1025	103	1025	103
10715	32	42312	1058	106	1058	106
10715	33	43634	1091	109	1091	109
10715	34	44956	1124	113	1124	113
10715	35	46278	1157	116	1157	116
10715	36	47600	1190	119	1190	119
10715	37	48922	1223	123	1223	123
10715	38	50244	1256	126	1256	126
10715	39	51566	1289	129	1289	129
10715	40	52888	1322	132	1322	132
10715	41	54212	1355	136	1355	136
10715	42	55534	1388	139	1388	139
10715	43	56856	1421	142	1421	142
10715	44	58178	1454	146	1454	146
10715	45	59500	1488	149	1488	149
10715	46	60822	1521	152	1521	152
10715	47	62144	1554	156	1554	156
10715	48	63466	1587	159	1587	159
10715	49	64788	1620	162	1620	162
10715	50	66112	1653	166	1653	166
10715	51	67434	1686	169	1686	169
10715	52	68756	1719	172	1719	172
10715	53	70078	1752	175	1752	175
10715	54	71400	1785	179	1785	179
10715	55	72722	1818	182	1818	182
10715	56	74044	1851	185	1851	185
10715	57	75366	1884	189	1884	189
10715	58	76688	1917	192	1917	192
10715	59	78012	1950	195	1950	195
10715	60	79334	1983	199	1983	199
10715	61	80656	2016	202	2016	202
10715	62	81978	2049	205	2049	205
10715	63	83300	2083	209	2083	209
10715	64	84622	2116	212	2116	212
10715	65	85944	2149	215	2149	215
10715	66	87266	2182	218	2182	218
10715	67	88588	2215	222	2215	222
10715	68	89912	2248	225	2248	225
10715	69	91234	2281	228	2281	228
10715	70	92556	2314	232	2314	232
10715	71	93878	2347	235	2347	235
10715	72	95200	2380	238	2380	238
10715	73	96522	2413	242	2413	242
10715	74	97844	2446	245	2446	245
10715	75	99166	2479	248	2479	248
10715	76	100488	2512	251	2512	251
10715	77	101812	2545	255	2545	255
10715	78	103134	2578	258	2578	258
10715	79	104456	2611	261	2611	261
10715	80	105778	2644	265	2644	265
10715	81	107100	2678	268	2678	268
10715	82	108422	2711	271	2711	271
10715	83	109744	2744	275	2744	275
10715	84	111066	2777	278	2777	278
10715	85	112388	2810	281	2810	281
10715	86	113712	2843	285	2843	285
10715	87	115034	2876	288	2876	288
10715	88	116356	2909	291	2909	291
10715	89	117678	2942	294	2942	294
10715	90	119000	2975	298	2975	298
10715	91	120322	3008	301	3008	301
10715	92	121644	3041	304	3041	304
10715	93	122966	3074	308	3074	308
10715	94	124288	3107	311	3107	311
10715	95	125612	3140	314	3140	314
10715	96	126934	3173	318	3173	318
10715	97	128256	3206	321	3206	321
10715	98	129578	3239	324	3239	324
10715	99	130900	3273	328	3273	328
10715	100	132222	3306	331	3306	331
10716	1	1322	33	4	33	4
10716	2	2644	66	7	66	7
10716	3	3966	99	10	99	10
10716	4	5288	132	13	132	13
10716	5	6612	165	17	165	17
10716	6	7934	198	20	198	20
10716	7	9256	231	23	231	23
10716	8	10578	264	27	264	27
10716	9	11900	298	30	298	30
10716	10	13222	331	33	331	33
10716	11	14544	364	37	364	37
10716	12	15866	397	40	397	40
10716	13	17188	430	43	430	43
10716	14	18512	463	47	463	47
10716	15	19834	496	50	496	50
10716	16	21156	529	53	529	53
10716	17	22478	562	56	562	56
10716	18	23800	595	60	595	60
10716	19	25122	628	63	628	63
10716	20	26444	661	66	661	66
10716	21	27766	694	70	694	70
10716	22	29088	727	73	727	73
10716	23	30412	760	76	760	76
10716	24	31734	793	80	793	80
10716	25	33056	826	83	826	83
10716	26	34378	859	86	859	86
10716	27	35700	893	90	893	90
10716	28	37022	926	93	926	93
10716	29	38344	959	96	959	96
10716	30	39666	992	99	992	99
10716	31	40988	1025	103	1025	103
10716	32	42312	1058	106	1058	106
10716	33	43634	1091	109	1091	109
10716	34	44956	1124	113	1124	113
10716	35	46278	1157	116	1157	116
10716	36	47600	1190	119	1190	119
10716	37	48922	1223	123	1223	123
10716	38	50244	1256	126	1256	126
10716	39	51566	1289	129	1289	129
10716	40	52888	1322	132	1322	132
10716	41	54212	1355	136	1355	136
10716	42	55534	1388	139	1388	139
10716	43	56856	1421	142	1421	142
10716	44	58178	1454	146	1454	146
10716	45	59500	1488	149	1488	149
10716	46	60822	1521	152	1521	152
10716	47	62144	1554	156	1554	156
10716	48	63466	1587	159	1587	159
10716	49	64788	1620	162	1620	162
10716	50	66112	1653	166	1653	166
10716	51	67434	1686	169	1686	169
10716	52	68756	1719	172	1719	172
10716	53	70078	1752	175	1752	175
10716	54	71400	1785	179	1785	179
10716	55	72722	1818	182	1818	182
10716	56	74044	1851	185	1851	185
10716	57	75366	1884	189	1884	189
10716	58	76688	1917	192	1917	192
10716	59	78012	1950	195	1950	195
10716	60	79334	1983	199	1983	199
10716	61	80656	2016	202	2016	202
10716	62	81978	2049	205	2049	205
10716	63	83300	2083	209	2083	209
10716	64	84622	2116	212	2116	212
10716	65	85944	2149	215	2149	215
10716	66	87266	2182	218	2182	218
10716	67	88588	2215	222	2215	222
10716	68	89912	2248	225	2248	225
10716	69	91234	2281	228	2281	228
10716	70	92556	2314	232	2314	232
10716	71	93878	2347	235	2347	235
10716	72	95200	2380	238	2380	238
10716	73	96522	2413	242	2413	242
10716	74	97844	2446	245	2446	245
10716	75	99166	2479	248	2479	248
10716	76	100488	2512	251	2512	251
10716	77	101812	2545	255	2545	255
10716	78	103134	2578	258	2578	258
10716	79	104456	2611	261	2611	261
10716	80	105778	2644	265	2644	265
10716	81	107100	2678	268	2678	268
10716	82	108422	2711	271	2711	271
10716	83	109744	2744	275	2744	275
10716	84	111066	2777	278	2777	278
10716	85	112388	2810	281	2810	281
10716	86	113712	2843	285	2843	285
10716	87	115034	2876	288	2876	288
10716	88	116356	2909	291	2909	291
10716	89	117678	2942	294	2942	294
10716	90	119000	2975	298	2975	298
10716	91	120322	3008	301	3008	301
10716	92	121644	3041	304	3041	304
10716	93	122966	3074	308	3074	308
10716	94	124288	3107	311	3107	311
10716	95	125612	3140	314	3140	314
10716	96	126934	3173	318	3173	318
10716	97	128256	3206	321	3206	321
10716	98	129578	3239	324	3239	324
10716	99	130900	3273	328	3273	328
10716	100	132222	3306	331	3306	331
11287	1	661	50	5	50	5
11287	2	1322	99	10	99	10
11287	3	1983	149	15	149	15
11287	4	2644	198	20	198	20
11287	5	3306	248	25	248	25
11287	6	3967	297	30	297	30
11287	7	4628	347	35	347	35
11287	8	5289	396	40	396	40
11287	9	5950	447	45	447	45
11287	10	6611	497	50	497	50
11287	11	7272	546	55	546	55
11287	12	7933	596	59	596	59
11287	13	8594	645	65	645	65
11287	14	9256	695	70	695	70
11287	15	9917	744	74	744	74
11287	16	10578	794	80	794	80
11287	17	11239	843	84	843	84
11287	18	11900	893	89	893	89
11287	19	12561	942	95	942	95
11287	20	13222	992	99	992	99
11287	21	13883	1041	104	1041	104
11287	22	14544	1091	109	1091	109
11287	23	15206	1140	114	1140	114
11287	24	15867	1190	119	1190	119
11287	25	16528	1239	124	1239	124
11287	26	17189	1289	129	1289	129
11287	27	17850	1340	134	1340	134
11287	28	18511	1389	139	1389	139
11287	29	19172	1439	144	1439	144
11287	30	19833	1488	149	1488	149
11287	31	20494	1538	154	1538	154
11287	32	21156	1587	159	1587	159
11287	33	21817	1637	164	1637	164
11287	34	22478	1686	169	1686	169
11287	35	23139	1736	173	1736	173
11287	36	23800	1785	179	1785	179
11287	37	24461	1835	184	1835	184
11287	38	25122	1884	188	1884	188
11287	39	25783	1934	194	1934	194
11287	40	26444	1983	198	1983	198
11287	41	27106	2033	203	2033	203
11287	42	27767	2082	209	2082	209
11287	43	28428	2132	213	2132	213
11287	44	29089	2181	218	2181	218
11287	45	29750	2232	224	2232	224
11287	46	30411	2282	228	2282	228
11287	47	31072	2331	233	2331	233
11287	48	31733	2381	238	2381	238
11287	49	32394	2430	243	2430	243
11287	50	33056	2480	248	2480	248
11287	51	33717	2529	253	2529	253
11287	52	34378	2579	258	2579	258
11287	53	35039	2628	263	2628	263
11287	54	35700	2678	268	2678	268
11287	55	36361	2727	273	2727	273
11287	56	37022	2777	278	2777	278
11287	57	37683	2826	283	2826	283
11287	58	38344	2876	287	2876	287
11287	59	39006	2925	293	2925	293
11287	60	39667	2975	298	2975	298
11287	61	40328	3024	302	3024	302
11287	62	40989	3074	308	3074	308
11287	63	41650	3125	313	3125	313
11287	64	42311	3174	317	3174	317
11287	65	42972	3224	323	3224	323
11287	66	43633	3273	327	3273	327
11287	67	44294	3323	332	3323	332
11287	68	44956	3372	338	3372	338
11287	69	45617	3422	342	3422	342
11287	70	46278	3471	347	3471	347
11287	71	46939	3521	352	3521	352
11287	72	47600	3570	357	3570	357
11287	73	48261	3620	362	3620	362
11287	74	48922	3669	367	3669	367
11287	75	49583	3719	372	3719	372
11287	76	50244	3768	377	3768	377
11287	77	50906	3818	382	3818	382
11287	78	51567	3867	387	3867	387
11287	79	52228	3917	392	3917	392
11287	80	52889	3966	397	3966	397
11287	81	53550	4017	402	4017	402
11287	82	54211	4067	407	4067	407
11287	83	54872	4116	412	4116	412
11287	84	55533	4166	416	4166	416
11287	85	56194	4215	422	4215	422
11287	86	56856	4265	427	4265	427
11287	87	57517	4314	431	4314	431
11287	88	58178	4364	437	4364	437
11287	89	58839	4413	441	4413	441
11287	90	59500	4463	446	4463	446
11287	91	60161	4512	452	4512	452
11287	92	60822	4562	456	4562	456
11287	93	61483	4611	461	4611	461
11287	94	62144	4661	466	4661	466
11287	95	62806	4710	471	4710	471
11287	96	63467	4760	476	4760	476
11287	97	64128	4809	481	4809	481
11287	98	64789	4859	486	4859	486
11287	99	65450	4910	491	4910	491
11287	100	66111	4959	496	4959	496
11288	1	661	50	5	50	5
11288	2	1322	99	10	99	10
11288	3	1983	149	15	149	15
11288	4	2644	198	20	198	20
11288	5	3306	248	25	248	25
11288	6	3967	297	30	297	30
11288	7	4628	347	35	347	35
11288	8	5289	396	40	396	40
11288	9	5950	447	45	447	45
11288	10	6611	497	50	497	50
11288	11	7272	546	55	546	55
11288	12	7933	596	59	596	59
11288	13	8594	645	65	645	65
11288	14	9256	695	70	695	70
11288	15	9917	744	74	744	74
11288	16	10578	794	80	794	80
11288	17	11239	843	84	843	84
11288	18	11900	893	89	893	89
11288	19	12561	942	95	942	95
11288	20	13222	992	99	992	99
11288	21	13883	1041	104	1041	104
11288	22	14544	1091	109	1091	109
11288	23	15206	1140	114	1140	114
11288	24	15867	1190	119	1190	119
11288	25	16528	1239	124	1239	124
11288	26	17189	1289	129	1289	129
11288	27	17850	1340	134	1340	134
11288	28	18511	1389	139	1389	139
11288	29	19172	1439	144	1439	144
11288	30	19833	1488	149	1488	149
11288	31	20494	1538	154	1538	154
11288	32	21156	1587	159	1587	159
11288	33	21817	1637	164	1637	164
11288	34	22478	1686	169	1686	169
11288	35	23139	1736	173	1736	173
11288	36	23800	1785	179	1785	179
11288	37	24461	1835	184	1835	184
11288	38	25122	1884	188	1884	188
11288	39	25783	1934	194	1934	194
11288	40	26444	1983	198	1983	198
11288	41	27106	2033	203	2033	203
11288	42	27767	2082	209	2082	209
11288	43	28428	2132	213	2132	213
11288	44	29089	2181	218	2181	218
11288	45	29750	2232	224	2232	224
11288	46	30411	2282	228	2282	228
11288	47	31072	2331	233	2331	233
11288	48	31733	2381	238	2381	238
11288	49	32394	2430	243	2430	243
11288	50	33056	2480	248	2480	248
11288	51	33717	2529	253	2529	253
11288	52	34378	2579	258	2579	258
11288	53	35039	2628	263	2628	263
11288	54	35700	2678	268	2678	268
11288	55	36361	2727	273	2727	273
11288	56	37022	2777	278	2777	278
11288	57	37683	2826	283	2826	283
11288	58	38344	2876	287	2876	287
11288	59	39006	2925	293	2925	293
11288	60	39667	2975	298	2975	298
11288	61	40328	3024	302	3024	302
11288	62	40989	3074	308	3074	308
11288	63	41650	3125	313	3125	313
11288	64	42311	3174	317	3174	317
11288	65	42972	3224	323	3224	323
11288	66	43633	3273	327	3273	327
11288	67	44294	3323	332	3323	332
11288	68	44956	3372	338	3372	338
11288	69	45617	3422	342	3422	342
11288	70	46278	3471	347	3471	347
11288	71	46939	3521	352	3521	352
11288	72	47600	3570	357	3570	357
11288	73	48261	3620	362	3620	362
11288	74	48922	3669	367	3669	367
11288	75	49583	3719	372	3719	372
11288	76	50244	3768	377	3768	377
11288	77	50906	3818	382	3818	382
11288	78	51567	3867	387	3867	387
11288	79	52228	3917	392	3917	392
11288	80	52889	3966	397	3966	397
11288	81	53550	4017	402	4017	402
11288	82	54211	4067	407	4067	407
11288	83	54872	4116	412	4116	412
11288	84	55533	4166	416	4166	416
11288	85	56194	4215	422	4215	422
11288	86	56856	4265	427	4265	427
11288	87	57517	4314	431	4314	431
11288	88	58178	4364	437	4364	437
11288	89	58839	4413	441	4413	441
11288	90	59500	4463	446	4463	446
11288	91	60161	4512	452	4512	452
11288	92	60822	4562	456	4562	456
11288	93	61483	4611	461	4611	461
11288	94	62144	4661	466	4661	466
11288	95	62806	4710	471	4710	471
11288	96	63467	4760	476	4760	476
11288	97	64128	4809	481	4809	481
11288	98	64789	4859	486	4859	486
11288	99	65450	4910	491	4910	491
11288	100	66111	4959	496	4959	496
11289	1	661	50	5	50	5
11289	2	1322	99	10	99	10
11289	3	1983	149	15	149	15
11289	4	2644	198	20	198	20
11289	5	3306	248	25	248	25
11289	6	3967	297	30	297	30
11289	7	4628	347	35	347	35
11289	8	5289	396	40	396	40
11289	9	5950	447	45	447	45
11289	10	6611	497	50	497	50
11289	11	7272	546	55	546	55
11289	12	7933	596	59	596	59
11289	13	8594	645	65	645	65
11289	14	9256	695	70	695	70
11289	15	9917	744	74	744	74
11289	16	10578	794	80	794	80
11289	17	11239	843	84	843	84
11289	18	11900	893	89	893	89
11289	19	12561	942	95	942	95
11289	20	13222	992	99	992	99
11289	21	13883	1041	104	1041	104
11289	22	14544	1091	109	1091	109
11289	23	15206	1140	114	1140	114
11289	24	15867	1190	119	1190	119
11289	25	16528	1239	124	1239	124
11289	26	17189	1289	129	1289	129
11289	27	17850	1340	134	1340	134
11289	28	18511	1389	139	1389	139
11289	29	19172	1439	144	1439	144
11289	30	19833	1488	149	1488	149
11289	31	20494	1538	154	1538	154
11289	32	21156	1587	159	1587	159
11289	33	21817	1637	164	1637	164
11289	34	22478	1686	169	1686	169
11289	35	23139	1736	173	1736	173
11289	36	23800	1785	179	1785	179
11289	37	24461	1835	184	1835	184
11289	38	25122	1884	188	1884	188
11289	39	25783	1934	194	1934	194
11289	40	26444	1983	198	1983	198
11289	41	27106	2033	203	2033	203
11289	42	27767	2082	209	2082	209
11289	43	28428	2132	213	2132	213
11289	44	29089	2181	218	2181	218
11289	45	29750	2232	224	2232	224
11289	46	30411	2282	228	2282	228
11289	47	31072	2331	233	2331	233
11289	48	31733	2381	238	2381	238
11289	49	32394	2430	243	2430	243
11289	50	33056	2480	248	2480	248
11289	51	33717	2529	253	2529	253
11289	52	34378	2579	258	2579	258
11289	53	35039	2628	263	2628	263
11289	54	35700	2678	268	2678	268
11289	55	36361	2727	273	2727	273
11289	56	37022	2777	278	2777	278
11289	57	37683	2826	283	2826	283
11289	58	38344	2876	287	2876	287
11289	59	39006	2925	293	2925	293
11289	60	39667	2975	298	2975	298
11289	61	40328	3024	302	3024	302
11289	62	40989	3074	308	3074	308
11289	63	41650	3125	313	3125	313
11289	64	42311	3174	317	3174	317
11289	65	42972	3224	323	3224	323
11289	66	43633	3273	327	3273	327
11289	67	44294	3323	332	3323	332
11289	68	44956	3372	338	3372	338
11289	69	45617	3422	342	3422	342
11289	70	46278	3471	347	3471	347
11289	71	46939	3521	352	3521	352
11289	72	47600	3570	357	3570	357
11289	73	48261	3620	362	3620	362
11289	74	48922	3669	367	3669	367
11289	75	49583	3719	372	3719	372
11289	76	50244	3768	377	3768	377
11289	77	50906	3818	382	3818	382
11289	78	51567	3867	387	3867	387
11289	79	52228	3917	392	3917	392
11289	80	52889	3966	397	3966	397
11289	81	53550	4017	402	4017	402
11289	82	54211	4067	407	4067	407
11289	83	54872	4116	412	4116	412
11289	84	55533	4166	416	4166	416
11289	85	56194	4215	422	4215	422
11289	86	56856	4265	427	4265	427
11289	87	57517	4314	431	4314	431
11289	88	58178	4364	437	4364	437
11289	89	58839	4413	441	4413	441
11289	90	59500	4463	446	4463	446
11289	91	60161	4512	452	4512	452
11289	92	60822	4562	456	4562	456
11289	93	61483	4611	461	4611	461
11289	94	62144	4661	466	4661	466
11289	95	62806	4710	471	4710	471
11289	96	63467	4760	476	4760	476
11289	97	64128	4809	481	4809	481
11289	98	64789	4859	486	4859	486
11289	99	65450	4910	491	4910	491
11289	100	66111	4959	496	4959	496
11290	1	661	50	5	50	5
11290	2	1322	99	10	99	10
11290	3	1983	149	15	149	15
11290	4	2644	198	20	198	20
11290	5	3306	248	25	248	25
11290	6	3967	297	30	297	30
11290	7	4628	347	35	347	35
11290	8	5289	396	40	396	40
11290	9	5950	447	45	447	45
11290	10	6611	497	50	497	50
11290	11	7272	546	55	546	55
11290	12	7933	596	59	596	59
11290	13	8594	645	65	645	65
11290	14	9256	695	70	695	70
11290	15	9917	744	74	744	74
11290	16	10578	794	80	794	80
11290	17	11239	843	84	843	84
11290	18	11900	893	89	893	89
11290	19	12561	942	95	942	95
11290	20	13222	992	99	992	99
11290	21	13883	1041	104	1041	104
11290	22	14544	1091	109	1091	109
11290	23	15206	1140	114	1140	114
11290	24	15867	1190	119	1190	119
11290	25	16528	1239	124	1239	124
11290	26	17189	1289	129	1289	129
11290	27	17850	1340	134	1340	134
11290	28	18511	1389	139	1389	139
11290	29	19172	1439	144	1439	144
11290	30	19833	1488	149	1488	149
11290	31	20494	1538	154	1538	154
11290	32	21156	1587	159	1587	159
11290	33	21817	1637	164	1637	164
11290	34	22478	1686	169	1686	169
11290	35	23139	1736	173	1736	173
11290	36	23800	1785	179	1785	179
11290	37	24461	1835	184	1835	184
11290	38	25122	1884	188	1884	188
11290	39	25783	1934	194	1934	194
11290	40	26444	1983	198	1983	198
11290	41	27106	2033	203	2033	203
11290	42	27767	2082	209	2082	209
11290	43	28428	2132	213	2132	213
11290	44	29089	2181	218	2181	218
11290	45	29750	2232	224	2232	224
11290	46	30411	2282	228	2282	228
11290	47	31072	2331	233	2331	233
11290	48	31733	2381	238	2381	238
11290	49	32394	2430	243	2430	243
11290	50	33056	2480	248	2480	248
11290	51	33717	2529	253	2529	253
11290	52	34378	2579	258	2579	258
11290	53	35039	2628	263	2628	263
11290	54	35700	2678	268	2678	268
11290	55	36361	2727	273	2727	273
11290	56	37022	2777	278	2777	278
11290	57	37683	2826	283	2826	283
11290	58	38344	2876	287	2876	287
11290	59	39006	2925	293	2925	293
11290	60	39667	2975	298	2975	298
11290	61	40328	3024	302	3024	302
11290	62	40989	3074	308	3074	308
11290	63	41650	3125	313	3125	313
11290	64	42311	3174	317	3174	317
11290	65	42972	3224	323	3224	323
11290	66	43633	3273	327	3273	327
11290	67	44294	3323	332	3323	332
11290	68	44956	3372	338	3372	338
11290	69	45617	3422	342	3422	342
11290	70	46278	3471	347	3471	347
11290	71	46939	3521	352	3521	352
11290	72	47600	3570	357	3570	357
11290	73	48261	3620	362	3620	362
11290	74	48922	3669	367	3669	367
11290	75	49583	3719	372	3719	372
11290	76	50244	3768	377	3768	377
11290	77	50906	3818	382	3818	382
11290	78	51567	3867	387	3867	387
11290	79	52228	3917	392	3917	392
11290	80	52889	3966	397	3966	397
11290	81	53550	4017	402	4017	402
11290	82	54211	4067	407	4067	407
11290	83	54872	4116	412	4116	412
11290	84	55533	4166	416	4166	416
11290	85	56194	4215	422	4215	422
11290	86	56856	4265	427	4265	427
11290	87	57517	4314	431	4314	431
11290	88	58178	4364	437	4364	437
11290	89	58839	4413	441	4413	441
11290	90	59500	4463	446	4463	446
11290	91	60161	4512	452	4512	452
11290	92	60822	4562	456	4562	456
11290	93	61483	4611	461	4611	461
11290	94	62144	4661	466	4661	466
11290	95	62806	4710	471	4710	471
11290	96	63467	4760	476	4760	476
11290	97	64128	4809	481	4809	481
11290	98	64789	4859	486	4859	486
11290	99	65450	4910	491	4910	491
11290	100	66111	4959	496	4959	496
11291	1	661	50	5	50	5
11291	2	1322	99	10	99	10
11291	3	1983	149	15	149	15
11291	4	2644	198	20	198	20
11291	5	3306	248	25	248	25
11291	6	3967	297	30	297	30
11291	7	4628	347	35	347	35
11291	8	5289	396	40	396	40
11291	9	5950	447	45	447	45
11291	10	6611	497	50	497	50
11291	11	7272	546	55	546	55
11291	12	7933	596	59	596	59
11291	13	8594	645	65	645	65
11291	14	9256	695	70	695	70
11291	15	9917	744	74	744	74
11291	16	10578	794	80	794	80
11291	17	11239	843	84	843	84
11291	18	11900	893	89	893	89
11291	19	12561	942	95	942	95
11291	20	13222	992	99	992	99
11291	21	13883	1041	104	1041	104
11291	22	14544	1091	109	1091	109
11291	23	15206	1140	114	1140	114
11291	24	15867	1190	119	1190	119
11291	25	16528	1239	124	1239	124
11291	26	17189	1289	129	1289	129
11291	27	17850	1340	134	1340	134
11291	28	18511	1389	139	1389	139
11291	29	19172	1439	144	1439	144
11291	30	19833	1488	149	1488	149
11291	31	20494	1538	154	1538	154
11291	32	21156	1587	159	1587	159
11291	33	21817	1637	164	1637	164
11291	34	22478	1686	169	1686	169
11291	35	23139	1736	173	1736	173
11291	36	23800	1785	179	1785	179
11291	37	24461	1835	184	1835	184
11291	38	25122	1884	188	1884	188
11291	39	25783	1934	194	1934	194
11291	40	26444	1983	198	1983	198
11291	41	27106	2033	203	2033	203
11291	42	27767	2082	209	2082	209
11291	43	28428	2132	213	2132	213
11291	44	29089	2181	218	2181	218
11291	45	29750	2232	224	2232	224
11291	46	30411	2282	228	2282	228
11291	47	31072	2331	233	2331	233
11291	48	31733	2381	238	2381	238
11291	49	32394	2430	243	2430	243
11291	50	33056	2480	248	2480	248
11291	51	33717	2529	253	2529	253
11291	52	34378	2579	258	2579	258
11291	53	35039	2628	263	2628	263
11291	54	35700	2678	268	2678	268
11291	55	36361	2727	273	2727	273
11291	56	37022	2777	278	2777	278
11291	57	37683	2826	283	2826	283
11291	58	38344	2876	287	2876	287
11291	59	39006	2925	293	2925	293
11291	60	39667	2975	298	2975	298
11291	61	40328	3024	302	3024	302
11291	62	40989	3074	308	3074	308
11291	63	41650	3125	313	3125	313
11291	64	42311	3174	317	3174	317
11291	65	42972	3224	323	3224	323
11291	66	43633	3273	327	3273	327
11291	67	44294	3323	332	3323	332
11291	68	44956	3372	338	3372	338
11291	69	45617	3422	342	3422	342
11291	70	46278	3471	347	3471	347
11291	71	46939	3521	352	3521	352
11291	72	47600	3570	357	3570	357
11291	73	48261	3620	362	3620	362
11291	74	48922	3669	367	3669	367
11291	75	49583	3719	372	3719	372
11291	76	50244	3768	377	3768	377
11291	77	50906	3818	382	3818	382
11291	78	51567	3867	387	3867	387
11291	79	52228	3917	392	3917	392
11291	80	52889	3966	397	3966	397
11291	81	53550	4017	402	4017	402
11291	82	54211	4067	407	4067	407
11291	83	54872	4116	412	4116	412
11291	84	55533	4166	416	4166	416
11291	85	56194	4215	422	4215	422
11291	86	56856	4265	427	4265	427
11291	87	57517	4314	431	4314	431
11291	88	58178	4364	437	4364	437
11291	89	58839	4413	441	4413	441
11291	90	59500	4463	446	4463	446
11291	91	60161	4512	452	4512	452
11291	92	60822	4562	456	4562	456
11291	93	61483	4611	461	4611	461
11291	94	62144	4661	466	4661	466
11291	95	62806	4710	471	4710	471
11291	96	63467	4760	476	4760	476
11291	97	64128	4809	481	4809	481
11291	98	64789	4859	486	4859	486
11291	99	65450	4910	491	4910	491
11291	100	66111	4959	496	4959	496
11400	1	661	50	7	50	4
11400	2	1322	99	13	99	7
11400	3	1983	149	20	149	10
11400	4	2644	198	26	198	13
11400	5	3306	248	33	248	17
11400	6	3967	297	40	297	20
11400	7	4628	347	46	347	23
11400	8	5289	396	53	396	27
11400	9	5950	447	60	447	30
11400	10	6611	497	66	497	33
11400	11	7272	546	73	546	37
11400	12	7933	596	79	596	40
11400	13	8594	645	86	645	43
11400	14	9256	695	93	695	47
11400	15	9917	744	99	744	50
11400	16	10578	794	106	794	53
11400	17	11239	843	112	843	56
11400	18	11900	893	119	893	60
11400	19	12561	942	126	942	63
11400	20	13222	992	132	992	66
11400	21	13883	1041	139	1041	70
11400	22	14544	1091	145	1091	73
11400	23	15206	1140	152	1140	76
11400	24	15867	1190	159	1190	80
11400	25	16528	1239	165	1239	83
11400	26	17189	1289	172	1289	86
11400	27	17850	1340	179	1340	90
11400	28	18511	1389	185	1389	93
11400	29	19172	1439	192	1439	96
11400	30	19833	1488	198	1488	99
11400	31	20494	1538	205	1538	103
11400	32	21156	1587	212	1587	106
11400	33	21817	1637	218	1637	109
11400	34	22478	1686	225	1686	113
11400	35	23139	1736	231	1736	116
11400	36	23800	1785	238	1785	119
11400	37	24461	1835	245	1835	123
11400	38	25122	1884	251	1884	126
11400	39	25783	1934	258	1934	129
11400	40	26444	1983	264	1983	132
11400	41	27106	2033	271	2033	136
11400	42	27767	2082	278	2082	139
11400	43	28428	2132	284	2132	142
11400	44	29089	2181	291	2181	146
11400	45	29750	2232	298	2232	149
11400	46	30411	2282	304	2282	152
11400	47	31072	2331	311	2331	156
11400	48	31733	2381	317	2381	159
11400	49	32394	2430	324	2430	162
11400	50	33056	2480	331	2480	166
11400	51	33717	2529	337	2529	169
11400	52	34378	2579	344	2579	172
11400	53	35039	2628	350	2628	175
11400	54	35700	2678	357	2678	179
11400	55	36361	2727	364	2727	182
11400	56	37022	2777	370	2777	185
11400	57	37683	2826	377	2826	189
11400	58	38344	2876	383	2876	192
11400	59	39006	2925	390	2925	195
11400	60	39667	2975	397	2975	199
11400	61	40328	3024	403	3024	202
11400	62	40989	3074	410	3074	205
11400	63	41650	3125	417	3125	209
11400	64	42311	3174	423	3174	212
11400	65	42972	3224	430	3224	215
11400	66	43633	3273	436	3273	218
11400	67	44294	3323	443	3323	222
11400	68	44956	3372	450	3372	225
11400	69	45617	3422	456	3422	228
11400	70	46278	3471	463	3471	232
11400	71	46939	3521	469	3521	235
11400	72	47600	3570	476	3570	238
11400	73	48261	3620	483	3620	242
11400	74	48922	3669	489	3669	245
11400	75	49583	3719	496	3719	248
11400	76	50244	3768	502	3768	251
11400	77	50906	3818	509	3818	255
11400	78	51567	3867	516	3867	258
11400	79	52228	3917	522	3917	261
11400	80	52889	3966	529	3966	265
11400	81	53550	4017	536	4017	268
11400	82	54211	4067	542	4067	271
11400	83	54872	4116	549	4116	275
11400	84	55533	4166	555	4166	278
11400	85	56194	4215	562	4215	281
11400	86	56856	4265	569	4265	285
11400	87	57517	4314	575	4314	288
11400	88	58178	4364	582	4364	291
11400	89	58839	4413	588	4413	294
11400	90	59500	4463	595	4463	298
11400	91	60161	4512	602	4512	301
11400	92	60822	4562	608	4562	304
11400	93	61483	4611	615	4611	308
11400	94	62144	4661	621	4661	311
11400	95	62806	4710	628	4710	314
11400	96	63467	4760	635	4760	318
11400	97	64128	4809	641	4809	321
11400	98	64789	4859	648	4859	324
11400	99	65450	4910	655	4910	328
11400	100	66111	4959	661	4959	331
11401	1	661	50	7	50	4
11401	2	1322	99	13	99	7
11401	3	1983	149	20	149	10
11401	4	2644	198	26	198	13
11401	5	3306	248	33	248	17
11401	6	3967	297	40	297	20
11401	7	4628	347	46	347	23
11401	8	5289	396	53	396	27
11401	9	5950	447	60	447	30
11401	10	6611	497	66	497	33
11401	11	7272	546	73	546	37
11401	12	7933	596	79	596	40
11401	13	8594	645	86	645	43
11401	14	9256	695	93	695	47
11401	15	9917	744	99	744	50
11401	16	10578	794	106	794	53
11401	17	11239	843	112	843	56
11401	18	11900	893	119	893	60
11401	19	12561	942	126	942	63
11401	20	13222	992	132	992	66
11401	21	13883	1041	139	1041	70
11401	22	14544	1091	145	1091	73
11401	23	15206	1140	152	1140	76
11401	24	15867	1190	159	1190	80
11401	25	16528	1239	165	1239	83
11401	26	17189	1289	172	1289	86
11401	27	17850	1340	179	1340	90
11401	28	18511	1389	185	1389	93
11401	29	19172	1439	192	1439	96
11401	30	19833	1488	198	1488	99
11401	31	20494	1538	205	1538	103
11401	32	21156	1587	212	1587	106
11401	33	21817	1637	218	1637	109
11401	34	22478	1686	225	1686	113
11401	35	23139	1736	231	1736	116
11401	36	23800	1785	238	1785	119
11401	37	24461	1835	245	1835	123
11401	38	25122	1884	251	1884	126
11401	39	25783	1934	258	1934	129
11401	40	26444	1983	264	1983	132
11401	41	27106	2033	271	2033	136
11401	42	27767	2082	278	2082	139
11401	43	28428	2132	284	2132	142
11401	44	29089	2181	291	2181	146
11401	45	29750	2232	298	2232	149
11401	46	30411	2282	304	2282	152
11401	47	31072	2331	311	2331	156
11401	48	31733	2381	317	2381	159
11401	49	32394	2430	324	2430	162
11401	50	33056	2480	331	2480	166
11401	51	33717	2529	337	2529	169
11401	52	34378	2579	344	2579	172
11401	53	35039	2628	350	2628	175
11401	54	35700	2678	357	2678	179
11401	55	36361	2727	364	2727	182
11401	56	37022	2777	370	2777	185
11401	57	37683	2826	377	2826	189
11401	58	38344	2876	383	2876	192
11401	59	39006	2925	390	2925	195
11401	60	39667	2975	397	2975	199
11401	61	40328	3024	403	3024	202
11401	62	40989	3074	410	3074	205
11401	63	41650	3125	417	3125	209
11401	64	42311	3174	423	3174	212
11401	65	42972	3224	430	3224	215
11401	66	43633	3273	436	3273	218
11401	67	44294	3323	443	3323	222
11401	68	44956	3372	450	3372	225
11401	69	45617	3422	456	3422	228
11401	70	46278	3471	463	3471	232
11401	71	46939	3521	469	3521	235
11401	72	47600	3570	476	3570	238
11401	73	48261	3620	483	3620	242
11401	74	48922	3669	489	3669	245
11401	75	49583	3719	496	3719	248
11401	76	50244	3768	502	3768	251
11401	77	50906	3818	509	3818	255
11401	78	51567	3867	516	3867	258
11401	79	52228	3917	522	3917	261
11401	80	52889	3966	529	3966	265
11401	81	53550	4017	536	4017	268
11401	82	54211	4067	542	4067	271
11401	83	54872	4116	549	4116	275
11401	84	55533	4166	555	4166	278
11401	85	56194	4215	562	4215	281
11401	86	56856	4265	569	4265	285
11401	87	57517	4314	575	4314	288
11401	88	58178	4364	582	4364	291
11401	89	58839	4413	588	4413	294
11401	90	59500	4463	595	4463	298
11401	91	60161	4512	602	4512	301
11401	92	60822	4562	608	4562	304
11401	93	61483	4611	615	4611	308
11401	94	62144	4661	621	4661	311
11401	95	62806	4710	628	4710	314
11401	96	63467	4760	635	4760	318
11401	97	64128	4809	641	4809	321
11401	98	64789	4859	648	4859	324
11401	99	65450	4910	655	4910	328
11401	100	66111	4959	661	4959	331
11402	1	661	50	7	50	4
11402	2	1322	99	13	99	7
11402	3	1983	149	20	149	10
11402	4	2644	198	26	198	13
11402	5	3306	248	33	248	17
11402	6	3967	297	40	297	20
11402	7	4628	347	46	347	23
11402	8	5289	396	53	396	27
11402	9	5950	447	60	447	30
11402	10	6611	497	66	497	33
11402	11	7272	546	73	546	37
11402	12	7933	596	79	596	40
11402	13	8594	645	86	645	43
11402	14	9256	695	93	695	47
11402	15	9917	744	99	744	50
11402	16	10578	794	106	794	53
11402	17	11239	843	112	843	56
11402	18	11900	893	119	893	60
11402	19	12561	942	126	942	63
11402	20	13222	992	132	992	66
11402	21	13883	1041	139	1041	70
11402	22	14544	1091	145	1091	73
11402	23	15206	1140	152	1140	76
11402	24	15867	1190	159	1190	80
11402	25	16528	1239	165	1239	83
11402	26	17189	1289	172	1289	86
11402	27	17850	1340	179	1340	90
11402	28	18511	1389	185	1389	93
11402	29	19172	1439	192	1439	96
11402	30	19833	1488	198	1488	99
11402	31	20494	1538	205	1538	103
11402	32	21156	1587	212	1587	106
11402	33	21817	1637	218	1637	109
11402	34	22478	1686	225	1686	113
11402	35	23139	1736	231	1736	116
11402	36	23800	1785	238	1785	119
11402	37	24461	1835	245	1835	123
11402	38	25122	1884	251	1884	126
11402	39	25783	1934	258	1934	129
11402	40	26444	1983	264	1983	132
11402	41	27106	2033	271	2033	136
11402	42	27767	2082	278	2082	139
11402	43	28428	2132	284	2132	142
11402	44	29089	2181	291	2181	146
11402	45	29750	2232	298	2232	149
11402	46	30411	2282	304	2282	152
11402	47	31072	2331	311	2331	156
11402	48	31733	2381	317	2381	159
11402	49	32394	2430	324	2430	162
11402	50	33056	2480	331	2480	166
11402	51	33717	2529	337	2529	169
11402	52	34378	2579	344	2579	172
11402	53	35039	2628	350	2628	175
11402	54	35700	2678	357	2678	179
11402	55	36361	2727	364	2727	182
11402	56	37022	2777	370	2777	185
11402	57	37683	2826	377	2826	189
11402	58	38344	2876	383	2876	192
11402	59	39006	2925	390	2925	195
11402	60	39667	2975	397	2975	199
11402	61	40328	3024	403	3024	202
11402	62	40989	3074	410	3074	205
11402	63	41650	3125	417	3125	209
11402	64	42311	3174	423	3174	212
11402	65	42972	3224	430	3224	215
11402	66	43633	3273	436	3273	218
11402	67	44294	3323	443	3323	222
11402	68	44956	3372	450	3372	225
11402	69	45617	3422	456	3422	228
11402	70	46278	3471	463	3471	232
11402	71	46939	3521	469	3521	235
11402	72	47600	3570	476	3570	238
11402	73	48261	3620	483	3620	242
11402	74	48922	3669	489	3669	245
11402	75	49583	3719	496	3719	248
11402	76	50244	3768	502	3768	251
11402	77	50906	3818	509	3818	255
11402	78	51567	3867	516	3867	258
11402	79	52228	3917	522	3917	261
11402	80	52889	3966	529	3966	265
11402	81	53550	4017	536	4017	268
11402	82	54211	4067	542	4067	271
11402	83	54872	4116	549	4116	275
11402	84	55533	4166	555	4166	278
11402	85	56194	4215	562	4215	281
11402	86	56856	4265	569	4265	285
11402	87	57517	4314	575	4314	288
11402	88	58178	4364	582	4364	291
11402	89	58839	4413	588	4413	294
11402	90	59500	4463	595	4463	298
11402	91	60161	4512	602	4512	301
11402	92	60822	4562	608	4562	304
11402	93	61483	4611	615	4611	308
11402	94	62144	4661	621	4661	311
11402	95	62806	4710	628	4710	314
11402	96	63467	4760	635	4760	318
11402	97	64128	4809	641	4809	321
11402	98	64789	4859	648	4859	324
11402	99	65450	4910	655	4910	328
11402	100	66111	4959	661	4959	331
11403	1	661	50	7	50	4
11403	2	1322	99	13	99	7
11403	3	1983	149	20	149	10
11403	4	2644	198	26	198	13
11403	5	3306	248	33	248	17
11403	6	3967	297	40	297	20
11403	7	4628	347	46	347	23
11403	8	5289	396	53	396	27
11403	9	5950	447	60	447	30
11403	10	6611	497	66	497	33
11403	11	7272	546	73	546	37
11403	12	7933	596	79	596	40
11403	13	8594	645	86	645	43
11403	14	9256	695	93	695	47
11403	15	9917	744	99	744	50
11403	16	10578	794	106	794	53
11403	17	11239	843	112	843	56
11403	18	11900	893	119	893	60
11403	19	12561	942	126	942	63
11403	20	13222	992	132	992	66
11403	21	13883	1041	139	1041	70
11403	22	14544	1091	145	1091	73
11403	23	15206	1140	152	1140	76
11403	24	15867	1190	159	1190	80
11403	25	16528	1239	165	1239	83
11403	26	17189	1289	172	1289	86
11403	27	17850	1340	179	1340	90
11403	28	18511	1389	185	1389	93
11403	29	19172	1439	192	1439	96
11403	30	19833	1488	198	1488	99
11403	31	20494	1538	205	1538	103
11403	32	21156	1587	212	1587	106
11403	33	21817	1637	218	1637	109
11403	34	22478	1686	225	1686	113
11403	35	23139	1736	231	1736	116
11403	36	23800	1785	238	1785	119
11403	37	24461	1835	245	1835	123
11403	38	25122	1884	251	1884	126
11403	39	25783	1934	258	1934	129
11403	40	26444	1983	264	1983	132
11403	41	27106	2033	271	2033	136
11403	42	27767	2082	278	2082	139
11403	43	28428	2132	284	2132	142
11403	44	29089	2181	291	2181	146
11403	45	29750	2232	298	2232	149
11403	46	30411	2282	304	2282	152
11403	47	31072	2331	311	2331	156
11403	48	31733	2381	317	2381	159
11403	49	32394	2430	324	2430	162
11403	50	33056	2480	331	2480	166
11403	51	33717	2529	337	2529	169
11403	52	34378	2579	344	2579	172
11403	53	35039	2628	350	2628	175
11403	54	35700	2678	357	2678	179
11403	55	36361	2727	364	2727	182
11403	56	37022	2777	370	2777	185
11403	57	37683	2826	377	2826	189
11403	58	38344	2876	383	2876	192
11403	59	39006	2925	390	2925	195
11403	60	39667	2975	397	2975	199
11403	61	40328	3024	403	3024	202
11403	62	40989	3074	410	3074	205
11403	63	41650	3125	417	3125	209
11403	64	42311	3174	423	3174	212
11403	65	42972	3224	430	3224	215
11403	66	43633	3273	436	3273	218
11403	67	44294	3323	443	3323	222
11403	68	44956	3372	450	3372	225
11403	69	45617	3422	456	3422	228
11403	70	46278	3471	463	3471	232
11403	71	46939	3521	469	3521	235
11403	72	47600	3570	476	3570	238
11403	73	48261	3620	483	3620	242
11403	74	48922	3669	489	3669	245
11403	75	49583	3719	496	3719	248
11403	76	50244	3768	502	3768	251
11403	77	50906	3818	509	3818	255
11403	78	51567	3867	516	3867	258
11403	79	52228	3917	522	3917	261
11403	80	52889	3966	529	3966	265
11403	81	53550	4017	536	4017	268
11403	82	54211	4067	542	4067	271
11403	83	54872	4116	549	4116	275
11403	84	55533	4166	555	4166	278
11403	85	56194	4215	562	4215	281
11403	86	56856	4265	569	4265	285
11403	87	57517	4314	575	4314	288
11403	88	58178	4364	582	4364	291
11403	89	58839	4413	588	4413	294
11403	90	59500	4463	595	4463	298
11403	91	60161	4512	602	4512	301
11403	92	60822	4562	608	4562	304
11403	93	61483	4611	615	4611	308
11403	94	62144	4661	621	4661	311
11403	95	62806	4710	628	4710	314
11403	96	63467	4760	635	4760	318
11403	97	64128	4809	641	4809	321
11403	98	64789	4859	648	4859	324
11403	99	65450	4910	655	4910	328
11403	100	66111	4959	661	4959	331
11404	1	661	50	7	50	4
11404	2	1322	99	13	99	7
11404	3	1983	149	20	149	10
11404	4	2644	198	26	198	13
11404	5	3306	248	33	248	17
11404	6	3967	297	40	297	20
11404	7	4628	347	46	347	23
11404	8	5289	396	53	396	27
11404	9	5950	447	60	447	30
11404	10	6611	497	66	497	33
11404	11	7272	546	73	546	37
11404	12	7933	596	79	596	40
11404	13	8594	645	86	645	43
11404	14	9256	695	93	695	47
11404	15	9917	744	99	744	50
11404	16	10578	794	106	794	53
11404	17	11239	843	112	843	56
11404	18	11900	893	119	893	60
11404	19	12561	942	126	942	63
11404	20	13222	992	132	992	66
11404	21	13883	1041	139	1041	70
11404	22	14544	1091	145	1091	73
11404	23	15206	1140	152	1140	76
11404	24	15867	1190	159	1190	80
11404	25	16528	1239	165	1239	83
11404	26	17189	1289	172	1289	86
11404	27	17850	1340	179	1340	90
11404	28	18511	1389	185	1389	93
11404	29	19172	1439	192	1439	96
11404	30	19833	1488	198	1488	99
11404	31	20494	1538	205	1538	103
11404	32	21156	1587	212	1587	106
11404	33	21817	1637	218	1637	109
11404	34	22478	1686	225	1686	113
11404	35	23139	1736	231	1736	116
11404	36	23800	1785	238	1785	119
11404	37	24461	1835	245	1835	123
11404	38	25122	1884	251	1884	126
11404	39	25783	1934	258	1934	129
11404	40	26444	1983	264	1983	132
11404	41	27106	2033	271	2033	136
11404	42	27767	2082	278	2082	139
11404	43	28428	2132	284	2132	142
11404	44	29089	2181	291	2181	146
11404	45	29750	2232	298	2232	149
11404	46	30411	2282	304	2282	152
11404	47	31072	2331	311	2331	156
11404	48	31733	2381	317	2381	159
11404	49	32394	2430	324	2430	162
11404	50	33056	2480	331	2480	166
11404	51	33717	2529	337	2529	169
11404	52	34378	2579	344	2579	172
11404	53	35039	2628	350	2628	175
11404	54	35700	2678	357	2678	179
11404	55	36361	2727	364	2727	182
11404	56	37022	2777	370	2777	185
11404	57	37683	2826	377	2826	189
11404	58	38344	2876	383	2876	192
11404	59	39006	2925	390	2925	195
11404	60	39667	2975	397	2975	199
11404	61	40328	3024	403	3024	202
11404	62	40989	3074	410	3074	205
11404	63	41650	3125	417	3125	209
11404	64	42311	3174	423	3174	212
11404	65	42972	3224	430	3224	215
11404	66	43633	3273	436	3273	218
11404	67	44294	3323	443	3323	222
11404	68	44956	3372	450	3372	225
11404	69	45617	3422	456	3422	228
11404	70	46278	3471	463	3471	232
11404	71	46939	3521	469	3521	235
11404	72	47600	3570	476	3570	238
11404	73	48261	3620	483	3620	242
11404	74	48922	3669	489	3669	245
11404	75	49583	3719	496	3719	248
11404	76	50244	3768	502	3768	251
11404	77	50906	3818	509	3818	255
11404	78	51567	3867	516	3867	258
11404	79	52228	3917	522	3917	261
11404	80	52889	3966	529	3966	265
11404	81	53550	4017	536	4017	268
11404	82	54211	4067	542	4067	271
11404	83	54872	4116	549	4116	275
11404	84	55533	4166	555	4166	278
11404	85	56194	4215	562	4215	281
11404	86	56856	4265	569	4265	285
11404	87	57517	4314	575	4314	288
11404	88	58178	4364	582	4364	291
11404	89	58839	4413	588	4413	294
11404	90	59500	4463	595	4463	298
11404	91	60161	4512	602	4512	301
11404	92	60822	4562	608	4562	304
11404	93	61483	4611	615	4611	308
11404	94	62144	4661	621	4661	311
11404	95	62806	4710	628	4710	314
11404	96	63467	4760	635	4760	318
11404	97	64128	4809	641	4809	321
11404	98	64789	4859	648	4859	324
11404	99	65450	4910	655	4910	328
11404	100	66111	4959	661	4959	331
11460	1	661	33	7	33	7
11460	2	1322	66	13	66	13
11460	3	1983	99	20	99	20
11460	4	2644	132	26	132	26
11460	5	3306	165	33	165	33
11460	6	3967	198	40	198	40
11460	7	4628	231	46	231	46
11460	8	5289	264	53	264	53
11460	9	5950	298	60	298	60
11460	10	6611	331	66	331	66
11460	11	7272	364	73	364	73
11460	12	7933	397	79	397	79
11460	13	8594	430	86	430	86
11460	14	9256	463	93	463	93
11460	15	9917	496	99	496	99
11460	16	10578	529	106	529	106
11460	17	11239	562	112	562	112
11460	18	11900	595	119	595	119
11460	19	12561	628	126	628	126
11460	20	13222	661	132	661	132
11460	21	13883	694	139	694	139
11460	22	14544	727	145	727	145
11460	23	15206	760	152	760	152
11460	24	15867	793	159	793	159
11460	25	16528	826	165	826	165
11460	26	17189	859	172	859	172
11460	27	17850	893	179	893	179
11460	28	18511	926	185	926	185
11460	29	19172	959	192	959	192
11460	30	19833	992	198	992	198
11460	31	20494	1025	205	1025	205
11460	32	21156	1058	212	1058	212
11460	33	21817	1091	218	1091	218
11460	34	22478	1124	225	1124	225
11460	35	23139	1157	231	1157	231
11460	36	23800	1190	238	1190	238
11460	37	24461	1223	245	1223	245
11460	38	25122	1256	251	1256	251
11460	39	25783	1289	258	1289	258
11460	40	26444	1322	264	1322	264
11460	41	27106	1355	271	1355	271
11460	42	27767	1388	278	1388	278
11460	43	28428	1421	284	1421	284
11460	44	29089	1454	291	1454	291
11460	45	29750	1488	298	1488	298
11460	46	30411	1521	304	1521	304
11460	47	31072	1554	311	1554	311
11460	48	31733	1587	317	1587	317
11460	49	32394	1620	324	1620	324
11460	50	33056	1653	331	1653	331
11460	51	33717	1686	337	1686	337
11460	52	34378	1719	344	1719	344
11460	53	35039	1752	350	1752	350
11460	54	35700	1785	357	1785	357
11460	55	36361	1818	364	1818	364
11460	56	37022	1851	370	1851	370
11460	57	37683	1884	377	1884	377
11460	58	38344	1917	383	1917	383
11460	59	39006	1950	390	1950	390
11460	60	39667	1983	397	1983	397
11460	61	40328	2016	403	2016	403
11460	62	40989	2049	410	2049	410
11460	63	41650	2083	417	2083	417
11460	64	42311	2116	423	2116	423
11460	65	42972	2149	430	2149	430
11460	66	43633	2182	436	2182	436
11460	67	44294	2215	443	2215	443
11460	68	44956	2248	450	2248	450
11460	69	45617	2281	456	2281	456
11460	70	46278	2314	463	2314	463
11460	71	46939	2347	469	2347	469
11460	72	47600	2380	476	2380	476
11460	73	48261	2413	483	2413	483
11460	74	48922	2446	489	2446	489
11460	75	49583	2479	496	2479	496
11460	76	50244	2512	502	2512	502
11460	77	50906	2545	509	2545	509
11460	78	51567	2578	516	2578	516
11460	79	52228	2611	522	2611	522
11460	80	52889	2644	529	2644	529
11460	81	53550	2678	536	2678	536
11460	82	54211	2711	542	2711	542
11460	83	54872	2744	549	2744	549
11460	84	55533	2777	555	2777	555
11460	85	56194	2810	562	2810	562
11460	86	56856	2843	569	2843	569
11460	87	57517	2876	575	2876	575
11460	88	58178	2909	582	2909	582
11460	89	58839	2942	588	2942	588
11460	90	59500	2975	595	2975	595
11460	91	60161	3008	602	3008	602
11460	92	60822	3041	608	3041	608
11460	93	61483	3074	615	3074	615
11460	94	62144	3107	621	3107	621
11460	95	62806	3140	628	3140	628
11460	96	63467	3173	635	3173	635
11460	97	64128	3206	641	3206	641
11460	98	64789	3239	648	3239	648
11460	99	65450	3273	655	3273	655
11460	100	66111	3306	661	3306	661
11461	1	661	33	7	33	7
11461	2	1322	66	13	66	13
11461	3	1983	99	20	99	20
11461	4	2644	132	26	132	26
11461	5	3306	165	33	165	33
11461	6	3967	198	40	198	40
11461	7	4628	231	46	231	46
11461	8	5289	264	53	264	53
11461	9	5950	298	60	298	60
11461	10	6611	331	66	331	66
11461	11	7272	364	73	364	73
11461	12	7933	397	79	397	79
11461	13	8594	430	86	430	86
11461	14	9256	463	93	463	93
11461	15	9917	496	99	496	99
11461	16	10578	529	106	529	106
11461	17	11239	562	112	562	112
11461	18	11900	595	119	595	119
11461	19	12561	628	126	628	126
11461	20	13222	661	132	661	132
11461	21	13883	694	139	694	139
11461	22	14544	727	145	727	145
11461	23	15206	760	152	760	152
11461	24	15867	793	159	793	159
11461	25	16528	826	165	826	165
11461	26	17189	859	172	859	172
11461	27	17850	893	179	893	179
11461	28	18511	926	185	926	185
11461	29	19172	959	192	959	192
11461	30	19833	992	198	992	198
11461	31	20494	1025	205	1025	205
11461	32	21156	1058	212	1058	212
11461	33	21817	1091	218	1091	218
11461	34	22478	1124	225	1124	225
11461	35	23139	1157	231	1157	231
11461	36	23800	1190	238	1190	238
11461	37	24461	1223	245	1223	245
11461	38	25122	1256	251	1256	251
11461	39	25783	1289	258	1289	258
11461	40	26444	1322	264	1322	264
11461	41	27106	1355	271	1355	271
11461	42	27767	1388	278	1388	278
11461	43	28428	1421	284	1421	284
11461	44	29089	1454	291	1454	291
11461	45	29750	1488	298	1488	298
11461	46	30411	1521	304	1521	304
11461	47	31072	1554	311	1554	311
11461	48	31733	1587	317	1587	317
11461	49	32394	1620	324	1620	324
11461	50	33056	1653	331	1653	331
11461	51	33717	1686	337	1686	337
11461	52	34378	1719	344	1719	344
11461	53	35039	1752	350	1752	350
11461	54	35700	1785	357	1785	357
11461	55	36361	1818	364	1818	364
11461	56	37022	1851	370	1851	370
11461	57	37683	1884	377	1884	377
11461	58	38344	1917	383	1917	383
11461	59	39006	1950	390	1950	390
11461	60	39667	1983	397	1983	397
11461	61	40328	2016	403	2016	403
11461	62	40989	2049	410	2049	410
11461	63	41650	2083	417	2083	417
11461	64	42311	2116	423	2116	423
11461	65	42972	2149	430	2149	430
11461	66	43633	2182	436	2182	436
11461	67	44294	2215	443	2215	443
11461	68	44956	2248	450	2248	450
11461	69	45617	2281	456	2281	456
11461	70	46278	2314	463	2314	463
11461	71	46939	2347	469	2347	469
11461	72	47600	2380	476	2380	476
11461	73	48261	2413	483	2413	483
11461	74	48922	2446	489	2446	489
11461	75	49583	2479	496	2479	496
11461	76	50244	2512	502	2512	502
11461	77	50906	2545	509	2545	509
11461	78	51567	2578	516	2578	516
11461	79	52228	2611	522	2611	522
11461	80	52889	2644	529	2644	529
11461	81	53550	2678	536	2678	536
11461	82	54211	2711	542	2711	542
11461	83	54872	2744	549	2744	549
11461	84	55533	2777	555	2777	555
11461	85	56194	2810	562	2810	562
11461	86	56856	2843	569	2843	569
11461	87	57517	2876	575	2876	575
11461	88	58178	2909	582	2909	582
11461	89	58839	2942	588	2942	588
11461	90	59500	2975	595	2975	595
11461	91	60161	3008	602	3008	602
11461	92	60822	3041	608	3041	608
11461	93	61483	3074	615	3074	615
11461	94	62144	3107	621	3107	621
11461	95	62806	3140	628	3140	628
11461	96	63467	3173	635	3173	635
11461	97	64128	3206	641	3206	641
11461	98	64789	3239	648	3239	648
11461	99	65450	3273	655	3273	655
11461	100	66111	3306	661	3306	661
11462	1	661	33	7	33	7
11462	2	1322	66	13	66	13
11462	3	1983	99	20	99	20
11462	4	2644	132	26	132	26
11462	5	3306	165	33	165	33
11462	6	3967	198	40	198	40
11462	7	4628	231	46	231	46
11462	8	5289	264	53	264	53
11462	9	5950	298	60	298	60
11462	10	6611	331	66	331	66
11462	11	7272	364	73	364	73
11462	12	7933	397	79	397	79
11462	13	8594	430	86	430	86
11462	14	9256	463	93	463	93
11462	15	9917	496	99	496	99
11462	16	10578	529	106	529	106
11462	17	11239	562	112	562	112
11462	18	11900	595	119	595	119
11462	19	12561	628	126	628	126
11462	20	13222	661	132	661	132
11462	21	13883	694	139	694	139
11462	22	14544	727	145	727	145
11462	23	15206	760	152	760	152
11462	24	15867	793	159	793	159
11462	25	16528	826	165	826	165
11462	26	17189	859	172	859	172
11462	27	17850	893	179	893	179
11462	28	18511	926	185	926	185
11462	29	19172	959	192	959	192
11462	30	19833	992	198	992	198
11462	31	20494	1025	205	1025	205
11462	32	21156	1058	212	1058	212
11462	33	21817	1091	218	1091	218
11462	34	22478	1124	225	1124	225
11462	35	23139	1157	231	1157	231
11462	36	23800	1190	238	1190	238
11462	37	24461	1223	245	1223	245
11462	38	25122	1256	251	1256	251
11462	39	25783	1289	258	1289	258
11462	40	26444	1322	264	1322	264
11462	41	27106	1355	271	1355	271
11462	42	27767	1388	278	1388	278
11462	43	28428	1421	284	1421	284
11462	44	29089	1454	291	1454	291
11462	45	29750	1488	298	1488	298
11462	46	30411	1521	304	1521	304
11462	47	31072	1554	311	1554	311
11462	48	31733	1587	317	1587	317
11462	49	32394	1620	324	1620	324
11462	50	33056	1653	331	1653	331
11462	51	33717	1686	337	1686	337
11462	52	34378	1719	344	1719	344
11462	53	35039	1752	350	1752	350
11462	54	35700	1785	357	1785	357
11462	55	36361	1818	364	1818	364
11462	56	37022	1851	370	1851	370
11462	57	37683	1884	377	1884	377
11462	58	38344	1917	383	1917	383
11462	59	39006	1950	390	1950	390
11462	60	39667	1983	397	1983	397
11462	61	40328	2016	403	2016	403
11462	62	40989	2049	410	2049	410
11462	63	41650	2083	417	2083	417
11462	64	42311	2116	423	2116	423
11462	65	42972	2149	430	2149	430
11462	66	43633	2182	436	2182	436
11462	67	44294	2215	443	2215	443
11462	68	44956	2248	450	2248	450
11462	69	45617	2281	456	2281	456
11462	70	46278	2314	463	2314	463
11462	71	46939	2347	469	2347	469
11462	72	47600	2380	476	2380	476
11462	73	48261	2413	483	2413	483
11462	74	48922	2446	489	2446	489
11462	75	49583	2479	496	2479	496
11462	76	50244	2512	502	2512	502
11462	77	50906	2545	509	2545	509
11462	78	51567	2578	516	2578	516
11462	79	52228	2611	522	2611	522
11462	80	52889	2644	529	2644	529
11462	81	53550	2678	536	2678	536
11462	82	54211	2711	542	2711	542
11462	83	54872	2744	549	2744	549
11462	84	55533	2777	555	2777	555
11462	85	56194	2810	562	2810	562
11462	86	56856	2843	569	2843	569
11462	87	57517	2876	575	2876	575
11462	88	58178	2909	582	2909	582
11462	89	58839	2942	588	2942	588
11462	90	59500	2975	595	2975	595
11462	91	60161	3008	602	3008	602
11462	92	60822	3041	608	3041	608
11462	93	61483	3074	615	3074	615
11462	94	62144	3107	621	3107	621
11462	95	62806	3140	628	3140	628
11462	96	63467	3173	635	3173	635
11462	97	64128	3206	641	3206	641
11462	98	64789	3239	648	3239	648
11462	99	65450	3273	655	3273	655
11462	100	66111	3306	661	3306	661
11463	1	661	33	7	33	7
11463	2	1322	66	13	66	13
11463	3	1983	99	20	99	20
11463	4	2644	132	26	132	26
11463	5	3306	165	33	165	33
11463	6	3967	198	40	198	40
11463	7	4628	231	46	231	46
11463	8	5289	264	53	264	53
11463	9	5950	298	60	298	60
11463	10	6611	331	66	331	66
11463	11	7272	364	73	364	73
11463	12	7933	397	79	397	79
11463	13	8594	430	86	430	86
11463	14	9256	463	93	463	93
11463	15	9917	496	99	496	99
11463	16	10578	529	106	529	106
11463	17	11239	562	112	562	112
11463	18	11900	595	119	595	119
11463	19	12561	628	126	628	126
11463	20	13222	661	132	661	132
11463	21	13883	694	139	694	139
11463	22	14544	727	145	727	145
11463	23	15206	760	152	760	152
11463	24	15867	793	159	793	159
11463	25	16528	826	165	826	165
11463	26	17189	859	172	859	172
11463	27	17850	893	179	893	179
11463	28	18511	926	185	926	185
11463	29	19172	959	192	959	192
11463	30	19833	992	198	992	198
11463	31	20494	1025	205	1025	205
11463	32	21156	1058	212	1058	212
11463	33	21817	1091	218	1091	218
11463	34	22478	1124	225	1124	225
11463	35	23139	1157	231	1157	231
11463	36	23800	1190	238	1190	238
11463	37	24461	1223	245	1223	245
11463	38	25122	1256	251	1256	251
11463	39	25783	1289	258	1289	258
11463	40	26444	1322	264	1322	264
11463	41	27106	1355	271	1355	271
11463	42	27767	1388	278	1388	278
11463	43	28428	1421	284	1421	284
11463	44	29089	1454	291	1454	291
11463	45	29750	1488	298	1488	298
11463	46	30411	1521	304	1521	304
11463	47	31072	1554	311	1554	311
11463	48	31733	1587	317	1587	317
11463	49	32394	1620	324	1620	324
11463	50	33056	1653	331	1653	331
11463	51	33717	1686	337	1686	337
11463	52	34378	1719	344	1719	344
11463	53	35039	1752	350	1752	350
11463	54	35700	1785	357	1785	357
11463	55	36361	1818	364	1818	364
11463	56	37022	1851	370	1851	370
11463	57	37683	1884	377	1884	377
11463	58	38344	1917	383	1917	383
11463	59	39006	1950	390	1950	390
11463	60	39667	1983	397	1983	397
11463	61	40328	2016	403	2016	403
11463	62	40989	2049	410	2049	410
11463	63	41650	2083	417	2083	417
11463	64	42311	2116	423	2116	423
11463	65	42972	2149	430	2149	430
11463	66	43633	2182	436	2182	436
11463	67	44294	2215	443	2215	443
11463	68	44956	2248	450	2248	450
11463	69	45617	2281	456	2281	456
11463	70	46278	2314	463	2314	463
11463	71	46939	2347	469	2347	469
11463	72	47600	2380	476	2380	476
11463	73	48261	2413	483	2413	483
11463	74	48922	2446	489	2446	489
11463	75	49583	2479	496	2479	496
11463	76	50244	2512	502	2512	502
11463	77	50906	2545	509	2545	509
11463	78	51567	2578	516	2578	516
11463	79	52228	2611	522	2611	522
11463	80	52889	2644	529	2644	529
11463	81	53550	2678	536	2678	536
11463	82	54211	2711	542	2711	542
11463	83	54872	2744	549	2744	549
11463	84	55533	2777	555	2777	555
11463	85	56194	2810	562	2810	562
11463	86	56856	2843	569	2843	569
11463	87	57517	2876	575	2876	575
11463	88	58178	2909	582	2909	582
11463	89	58839	2942	588	2942	588
11463	90	59500	2975	595	2975	595
11463	91	60161	3008	602	3008	602
11463	92	60822	3041	608	3041	608
11463	93	61483	3074	615	3074	615
11463	94	62144	3107	621	3107	621
11463	95	62806	3140	628	3140	628
11463	96	63467	3173	635	3173	635
11463	97	64128	3206	641	3206	641
11463	98	64789	3239	648	3239	648
11463	99	65450	3273	655	3273	655
11463	100	66111	3306	661	3306	661
11464	1	661	33	7	33	7
11464	2	1322	66	13	66	13
11464	3	1983	99	20	99	20
11464	4	2644	132	26	132	26
11464	5	3306	165	33	165	33
11464	6	3967	198	40	198	40
11464	7	4628	231	46	231	46
11464	8	5289	264	53	264	53
11464	9	5950	298	60	298	60
11464	10	6611	331	66	331	66
11464	11	7272	364	73	364	73
11464	12	7933	397	79	397	79
11464	13	8594	430	86	430	86
11464	14	9256	463	93	463	93
11464	15	9917	496	99	496	99
11464	16	10578	529	106	529	106
11464	17	11239	562	112	562	112
11464	18	11900	595	119	595	119
11464	19	12561	628	126	628	126
11464	20	13222	661	132	661	132
11464	21	13883	694	139	694	139
11464	22	14544	727	145	727	145
11464	23	15206	760	152	760	152
11464	24	15867	793	159	793	159
11464	25	16528	826	165	826	165
11464	26	17189	859	172	859	172
11464	27	17850	893	179	893	179
11464	28	18511	926	185	926	185
11464	29	19172	959	192	959	192
11464	30	19833	992	198	992	198
11464	31	20494	1025	205	1025	205
11464	32	21156	1058	212	1058	212
11464	33	21817	1091	218	1091	218
11464	34	22478	1124	225	1124	225
11464	35	23139	1157	231	1157	231
11464	36	23800	1190	238	1190	238
11464	37	24461	1223	245	1223	245
11464	38	25122	1256	251	1256	251
11464	39	25783	1289	258	1289	258
11464	40	26444	1322	264	1322	264
11464	41	27106	1355	271	1355	271
11464	42	27767	1388	278	1388	278
11464	43	28428	1421	284	1421	284
11464	44	29089	1454	291	1454	291
11464	45	29750	1488	298	1488	298
11464	46	30411	1521	304	1521	304
11464	47	31072	1554	311	1554	311
11464	48	31733	1587	317	1587	317
11464	49	32394	1620	324	1620	324
11464	50	33056	1653	331	1653	331
11464	51	33717	1686	337	1686	337
11464	52	34378	1719	344	1719	344
11464	53	35039	1752	350	1752	350
11464	54	35700	1785	357	1785	357
11464	55	36361	1818	364	1818	364
11464	56	37022	1851	370	1851	370
11464	57	37683	1884	377	1884	377
11464	58	38344	1917	383	1917	383
11464	59	39006	1950	390	1950	390
11464	60	39667	1983	397	1983	397
11464	61	40328	2016	403	2016	403
11464	62	40989	2049	410	2049	410
11464	63	41650	2083	417	2083	417
11464	64	42311	2116	423	2116	423
11464	65	42972	2149	430	2149	430
11464	66	43633	2182	436	2182	436
11464	67	44294	2215	443	2215	443
11464	68	44956	2248	450	2248	450
11464	69	45617	2281	456	2281	456
11464	70	46278	2314	463	2314	463
11464	71	46939	2347	469	2347	469
11464	72	47600	2380	476	2380	476
11464	73	48261	2413	483	2413	483
11464	74	48922	2446	489	2446	489
11464	75	49583	2479	496	2479	496
11464	76	50244	2512	502	2512	502
11464	77	50906	2545	509	2545	509
11464	78	51567	2578	516	2578	516
11464	79	52228	2611	522	2611	522
11464	80	52889	2644	529	2644	529
11464	81	53550	2678	536	2678	536
11464	82	54211	2711	542	2711	542
11464	83	54872	2744	549	2744	549
11464	84	55533	2777	555	2777	555
11464	85	56194	2810	562	2810	562
11464	86	56856	2843	569	2843	569
11464	87	57517	2876	575	2876	575
11464	88	58178	2909	582	2909	582
11464	89	58839	2942	588	2942	588
11464	90	59500	2975	595	2975	595
11464	91	60161	3008	602	3008	602
11464	92	60822	3041	608	3041	608
11464	93	61483	3074	615	3074	615
11464	94	62144	3107	621	3107	621
11464	95	62806	3140	628	3140	628
11464	96	63467	3173	635	3173	635
11464	97	64128	3206	641	3206	641
11464	98	64789	3239	648	3239	648
11464	99	65450	3273	655	3273	655
11464	100	66111	3306	661	3306	661
11570	1	1487	17	4	17	5
11570	2	2975	33	7	33	10
11570	3	4462	50	10	50	15
11570	4	5949	66	13	66	20
11570	5	7439	83	17	83	25
11570	6	8926	99	20	99	30
11570	7	10413	116	23	116	35
11570	8	11900	132	27	132	40
11570	9	13388	149	30	149	45
11570	10	14875	166	33	166	50
11570	11	16362	182	37	182	55
11570	12	17849	199	40	199	59
11570	13	19337	215	43	215	65
11570	14	20826	232	47	232	70
11570	15	22313	248	50	248	74
11570	16	23801	265	53	265	80
11570	17	25288	281	56	281	84
11570	18	26775	298	60	298	89
11570	19	28262	314	63	314	95
11570	20	29750	331	66	331	99
11570	21	31237	347	70	347	104
11570	22	32724	364	73	364	109
11570	23	34214	380	76	380	114
11570	24	35701	397	80	397	119
11570	25	37188	413	83	413	124
11570	26	38675	430	86	430	129
11570	27	40163	447	90	447	134
11570	28	41650	463	93	463	139
11570	29	43137	480	96	480	144
11570	30	44624	496	99	496	149
11570	31	46112	513	103	513	154
11570	32	47601	529	106	529	159
11570	33	49088	546	109	546	164
11570	34	50576	562	113	562	169
11570	35	52063	579	116	579	173
11570	36	53550	595	119	595	179
11570	37	55037	612	123	612	184
11570	38	56525	628	126	628	188
11570	39	58012	645	129	645	194
11570	40	59499	661	132	661	198
11570	41	60989	678	136	678	203
11570	42	62476	694	139	694	209
11570	43	63963	711	142	711	213
11570	44	65450	727	146	727	218
11570	45	66938	744	149	744	224
11570	46	68425	761	152	761	228
11570	47	69912	777	156	777	233
11570	48	71399	794	159	794	238
11570	49	72887	810	162	810	243
11570	50	74376	827	166	827	248
11570	51	75863	843	169	843	253
11570	52	77351	860	172	860	258
11570	53	78838	876	175	876	263
11570	54	80325	893	179	893	268
11570	55	81812	909	182	909	273
11570	56	83300	926	185	926	278
11570	57	84787	942	189	942	283
11570	58	86274	959	192	959	287
11570	59	87764	975	195	975	293
11570	60	89251	992	199	992	298
11570	61	90738	1008	202	1008	302
11570	62	92225	1025	205	1025	308
11570	63	93713	1042	209	1042	313
11570	64	95200	1058	212	1058	317
11570	65	96687	1075	215	1075	323
11570	66	98174	1091	218	1091	327
11570	67	99662	1108	222	1108	332
11570	68	101151	1124	225	1124	338
11570	69	102638	1141	228	1141	342
11570	70	104126	1157	232	1157	347
11570	71	105613	1174	235	1174	352
11570	72	107100	1190	238	1190	357
11570	73	108587	1207	242	1207	362
11570	74	110075	1223	245	1223	367
11570	75	111562	1240	248	1240	372
11570	76	113049	1256	251	1256	377
11570	77	114539	1273	255	1273	382
11570	78	116026	1289	258	1289	387
11570	79	117513	1306	261	1306	392
11570	80	119000	1322	265	1322	397
11570	81	120488	1339	268	1339	402
11570	82	121975	1356	271	1356	407
11570	83	123462	1372	275	1372	412
11570	84	124949	1389	278	1389	416
11570	85	126437	1405	281	1405	422
11570	86	127926	1422	285	1422	427
11570	87	129413	1438	288	1438	431
11570	88	130901	1455	291	1455	437
11570	89	132388	1471	294	1471	441
11570	90	133875	1488	298	1488	446
11570	91	135362	1504	301	1504	452
11570	92	136850	1521	304	1521	456
11570	93	138337	1537	308	1537	461
11570	94	139824	1554	311	1554	466
11570	95	141314	1570	314	1570	471
11570	96	142801	1587	318	1587	476
11570	97	144288	1603	321	1603	481
11570	98	145775	1620	324	1620	486
11570	99	147263	1637	328	1637	491
11570	100	148750	1653	331	1653	496
11571	1	1487	17	4	17	5
11571	2	2975	33	7	33	10
11571	3	4462	50	10	50	15
11571	4	5949	66	13	66	20
11571	5	7439	83	17	83	25
11571	6	8926	99	20	99	30
11571	7	10413	116	23	116	35
11571	8	11900	132	27	132	40
11571	9	13388	149	30	149	45
11571	10	14875	166	33	166	50
11571	11	16362	182	37	182	55
11571	12	17849	199	40	199	59
11571	13	19337	215	43	215	65
11571	14	20826	232	47	232	70
11571	15	22313	248	50	248	74
11571	16	23801	265	53	265	80
11571	17	25288	281	56	281	84
11571	18	26775	298	60	298	89
11571	19	28262	314	63	314	95
11571	20	29750	331	66	331	99
11571	21	31237	347	70	347	104
11571	22	32724	364	73	364	109
11571	23	34214	380	76	380	114
11571	24	35701	397	80	397	119
11571	25	37188	413	83	413	124
11571	26	38675	430	86	430	129
11571	27	40163	447	90	447	134
11571	28	41650	463	93	463	139
11571	29	43137	480	96	480	144
11571	30	44624	496	99	496	149
11571	31	46112	513	103	513	154
11571	32	47601	529	106	529	159
11571	33	49088	546	109	546	164
11571	34	50576	562	113	562	169
11571	35	52063	579	116	579	173
11571	36	53550	595	119	595	179
11571	37	55037	612	123	612	184
11571	38	56525	628	126	628	188
11571	39	58012	645	129	645	194
11571	40	59499	661	132	661	198
11571	41	60989	678	136	678	203
11571	42	62476	694	139	694	209
11571	43	63963	711	142	711	213
11571	44	65450	727	146	727	218
11571	45	66938	744	149	744	224
11571	46	68425	761	152	761	228
11571	47	69912	777	156	777	233
11571	48	71399	794	159	794	238
11571	49	72887	810	162	810	243
11571	50	74376	827	166	827	248
11571	51	75863	843	169	843	253
11571	52	77351	860	172	860	258
11571	53	78838	876	175	876	263
11571	54	80325	893	179	893	268
11571	55	81812	909	182	909	273
11571	56	83300	926	185	926	278
11571	57	84787	942	189	942	283
11571	58	86274	959	192	959	287
11571	59	87764	975	195	975	293
11571	60	89251	992	199	992	298
11571	61	90738	1008	202	1008	302
11571	62	92225	1025	205	1025	308
11571	63	93713	1042	209	1042	313
11571	64	95200	1058	212	1058	317
11571	65	96687	1075	215	1075	323
11571	66	98174	1091	218	1091	327
11571	67	99662	1108	222	1108	332
11571	68	101151	1124	225	1124	338
11571	69	102638	1141	228	1141	342
11571	70	104126	1157	232	1157	347
11571	71	105613	1174	235	1174	352
11571	72	107100	1190	238	1190	357
11571	73	108587	1207	242	1207	362
11571	74	110075	1223	245	1223	367
11571	75	111562	1240	248	1240	372
11571	76	113049	1256	251	1256	377
11571	77	114539	1273	255	1273	382
11571	78	116026	1289	258	1289	387
11571	79	117513	1306	261	1306	392
11571	80	119000	1322	265	1322	397
11571	81	120488	1339	268	1339	402
11571	82	121975	1356	271	1356	407
11571	83	123462	1372	275	1372	412
11571	84	124949	1389	278	1389	416
11571	85	126437	1405	281	1405	422
11571	86	127926	1422	285	1422	427
11571	87	129413	1438	288	1438	431
11571	88	130901	1455	291	1455	437
11571	89	132388	1471	294	1471	441
11571	90	133875	1488	298	1488	446
11571	91	135362	1504	301	1504	452
11571	92	136850	1521	304	1521	456
11571	93	138337	1537	308	1537	461
11571	94	139824	1554	311	1554	466
11571	95	141314	1570	314	1570	471
11571	96	142801	1587	318	1587	476
11571	97	144288	1603	321	1603	481
11571	98	145775	1620	324	1620	486
11571	99	147263	1637	328	1637	491
11571	100	148750	1653	331	1653	496
11572	1	1487	17	4	17	5
11572	2	2975	33	7	33	10
11572	3	4462	50	10	50	15
11572	4	5949	66	13	66	20
11572	5	7439	83	17	83	25
11572	6	8926	99	20	99	30
11572	7	10413	116	23	116	35
11572	8	11900	132	27	132	40
11572	9	13388	149	30	149	45
11572	10	14875	166	33	166	50
11572	11	16362	182	37	182	55
11572	12	17849	199	40	199	59
11572	13	19337	215	43	215	65
11572	14	20826	232	47	232	70
11572	15	22313	248	50	248	74
11572	16	23801	265	53	265	80
11572	17	25288	281	56	281	84
11572	18	26775	298	60	298	89
11572	19	28262	314	63	314	95
11572	20	29750	331	66	331	99
11572	21	31237	347	70	347	104
11572	22	32724	364	73	364	109
11572	23	34214	380	76	380	114
11572	24	35701	397	80	397	119
11572	25	37188	413	83	413	124
11572	26	38675	430	86	430	129
11572	27	40163	447	90	447	134
11572	28	41650	463	93	463	139
11572	29	43137	480	96	480	144
11572	30	44624	496	99	496	149
11572	31	46112	513	103	513	154
11572	32	47601	529	106	529	159
11572	33	49088	546	109	546	164
11572	34	50576	562	113	562	169
11572	35	52063	579	116	579	173
11572	36	53550	595	119	595	179
11572	37	55037	612	123	612	184
11572	38	56525	628	126	628	188
11572	39	58012	645	129	645	194
11572	40	59499	661	132	661	198
11572	41	60989	678	136	678	203
11572	42	62476	694	139	694	209
11572	43	63963	711	142	711	213
11572	44	65450	727	146	727	218
11572	45	66938	744	149	744	224
11572	46	68425	761	152	761	228
11572	47	69912	777	156	777	233
11572	48	71399	794	159	794	238
11572	49	72887	810	162	810	243
11572	50	74376	827	166	827	248
11572	51	75863	843	169	843	253
11572	52	77351	860	172	860	258
11572	53	78838	876	175	876	263
11572	54	80325	893	179	893	268
11572	55	81812	909	182	909	273
11572	56	83300	926	185	926	278
11572	57	84787	942	189	942	283
11572	58	86274	959	192	959	287
11572	59	87764	975	195	975	293
11572	60	89251	992	199	992	298
11572	61	90738	1008	202	1008	302
11572	62	92225	1025	205	1025	308
11572	63	93713	1042	209	1042	313
11572	64	95200	1058	212	1058	317
11572	65	96687	1075	215	1075	323
11572	66	98174	1091	218	1091	327
11572	67	99662	1108	222	1108	332
11572	68	101151	1124	225	1124	338
11572	69	102638	1141	228	1141	342
11572	70	104126	1157	232	1157	347
11572	71	105613	1174	235	1174	352
11572	72	107100	1190	238	1190	357
11572	73	108587	1207	242	1207	362
11572	74	110075	1223	245	1223	367
11572	75	111562	1240	248	1240	372
11572	76	113049	1256	251	1256	377
11572	77	114539	1273	255	1273	382
11572	78	116026	1289	258	1289	387
11572	79	117513	1306	261	1306	392
11572	80	119000	1322	265	1322	397
11572	81	120488	1339	268	1339	402
11572	82	121975	1356	271	1356	407
11572	83	123462	1372	275	1372	412
11572	84	124949	1389	278	1389	416
11572	85	126437	1405	281	1405	422
11572	86	127926	1422	285	1422	427
11572	87	129413	1438	288	1438	431
11572	88	130901	1455	291	1455	437
11572	89	132388	1471	294	1471	441
11572	90	133875	1488	298	1488	446
11572	91	135362	1504	301	1504	452
11572	92	136850	1521	304	1521	456
11572	93	138337	1537	308	1537	461
11572	94	139824	1554	311	1554	466
11572	95	141314	1570	314	1570	471
11572	96	142801	1587	318	1587	476
11572	97	144288	1603	321	1603	481
11572	98	145775	1620	324	1620	486
11572	99	147263	1637	328	1637	491
11572	100	148750	1653	331	1653	496
11573	1	1487	17	4	17	5
11573	2	2975	33	7	33	10
11573	3	4462	50	10	50	15
11573	4	5949	66	13	66	20
11573	5	7439	83	17	83	25
11573	6	8926	99	20	99	30
11573	7	10413	116	23	116	35
11573	8	11900	132	27	132	40
11573	9	13388	149	30	149	45
11573	10	14875	166	33	166	50
11573	11	16362	182	37	182	55
11573	12	17849	199	40	199	59
11573	13	19337	215	43	215	65
11573	14	20826	232	47	232	70
11573	15	22313	248	50	248	74
11573	16	23801	265	53	265	80
11573	17	25288	281	56	281	84
11573	18	26775	298	60	298	89
11573	19	28262	314	63	314	95
11573	20	29750	331	66	331	99
11573	21	31237	347	70	347	104
11573	22	32724	364	73	364	109
11573	23	34214	380	76	380	114
11573	24	35701	397	80	397	119
11573	25	37188	413	83	413	124
11573	26	38675	430	86	430	129
11573	27	40163	447	90	447	134
11573	28	41650	463	93	463	139
11573	29	43137	480	96	480	144
11573	30	44624	496	99	496	149
11573	31	46112	513	103	513	154
11573	32	47601	529	106	529	159
11573	33	49088	546	109	546	164
11573	34	50576	562	113	562	169
11573	35	52063	579	116	579	173
11573	36	53550	595	119	595	179
11573	37	55037	612	123	612	184
11573	38	56525	628	126	628	188
11573	39	58012	645	129	645	194
11573	40	59499	661	132	661	198
11573	41	60989	678	136	678	203
11573	42	62476	694	139	694	209
11573	43	63963	711	142	711	213
11573	44	65450	727	146	727	218
11573	45	66938	744	149	744	224
11573	46	68425	761	152	761	228
11573	47	69912	777	156	777	233
11573	48	71399	794	159	794	238
11573	49	72887	810	162	810	243
11573	50	74376	827	166	827	248
11573	51	75863	843	169	843	253
11573	52	77351	860	172	860	258
11573	53	78838	876	175	876	263
11573	54	80325	893	179	893	268
11573	55	81812	909	182	909	273
11573	56	83300	926	185	926	278
11573	57	84787	942	189	942	283
11573	58	86274	959	192	959	287
11573	59	87764	975	195	975	293
11573	60	89251	992	199	992	298
11573	61	90738	1008	202	1008	302
11573	62	92225	1025	205	1025	308
11573	63	93713	1042	209	1042	313
11573	64	95200	1058	212	1058	317
11573	65	96687	1075	215	1075	323
11573	66	98174	1091	218	1091	327
11573	67	99662	1108	222	1108	332
11573	68	101151	1124	225	1124	338
11573	69	102638	1141	228	1141	342
11573	70	104126	1157	232	1157	347
11573	71	105613	1174	235	1174	352
11573	72	107100	1190	238	1190	357
11573	73	108587	1207	242	1207	362
11573	74	110075	1223	245	1223	367
11573	75	111562	1240	248	1240	372
11573	76	113049	1256	251	1256	377
11573	77	114539	1273	255	1273	382
11573	78	116026	1289	258	1289	387
11573	79	117513	1306	261	1306	392
11573	80	119000	1322	265	1322	397
11573	81	120488	1339	268	1339	402
11573	82	121975	1356	271	1356	407
11573	83	123462	1372	275	1372	412
11573	84	124949	1389	278	1389	416
11573	85	126437	1405	281	1405	422
11573	86	127926	1422	285	1422	427
11573	87	129413	1438	288	1438	431
11573	88	130901	1455	291	1455	437
11573	89	132388	1471	294	1471	441
11573	90	133875	1488	298	1488	446
11573	91	135362	1504	301	1504	452
11573	92	136850	1521	304	1521	456
11573	93	138337	1537	308	1537	461
11573	94	139824	1554	311	1554	466
11573	95	141314	1570	314	1570	471
11573	96	142801	1587	318	1587	476
11573	97	144288	1603	321	1603	481
11573	98	145775	1620	324	1620	486
11573	99	147263	1637	328	1637	491
11573	100	148750	1653	331	1653	496
11574	1	1487	17	4	17	5
11574	2	2975	33	7	33	10
11574	3	4462	50	10	50	15
11574	4	5949	66	13	66	20
11574	5	7439	83	17	83	25
11574	6	8926	99	20	99	30
11574	7	10413	116	23	116	35
11574	8	11900	132	27	132	40
11574	9	13388	149	30	149	45
11574	10	14875	166	33	166	50
11574	11	16362	182	37	182	55
11574	12	17849	199	40	199	59
11574	13	19337	215	43	215	65
11574	14	20826	232	47	232	70
11574	15	22313	248	50	248	74
11574	16	23801	265	53	265	80
11574	17	25288	281	56	281	84
11574	18	26775	298	60	298	89
11574	19	28262	314	63	314	95
11574	20	29750	331	66	331	99
11574	21	31237	347	70	347	104
11574	22	32724	364	73	364	109
11574	23	34214	380	76	380	114
11574	24	35701	397	80	397	119
11574	25	37188	413	83	413	124
11574	26	38675	430	86	430	129
11574	27	40163	447	90	447	134
11574	28	41650	463	93	463	139
11574	29	43137	480	96	480	144
11574	30	44624	496	99	496	149
11574	31	46112	513	103	513	154
11574	32	47601	529	106	529	159
11574	33	49088	546	109	546	164
11574	34	50576	562	113	562	169
11574	35	52063	579	116	579	173
11574	36	53550	595	119	595	179
11574	37	55037	612	123	612	184
11574	38	56525	628	126	628	188
11574	39	58012	645	129	645	194
11574	40	59499	661	132	661	198
11574	41	60989	678	136	678	203
11574	42	62476	694	139	694	209
11574	43	63963	711	142	711	213
11574	44	65450	727	146	727	218
11574	45	66938	744	149	744	224
11574	46	68425	761	152	761	228
11574	47	69912	777	156	777	233
11574	48	71399	794	159	794	238
11574	49	72887	810	162	810	243
11574	50	74376	827	166	827	248
11574	51	75863	843	169	843	253
11574	52	77351	860	172	860	258
11574	53	78838	876	175	876	263
11574	54	80325	893	179	893	268
11574	55	81812	909	182	909	273
11574	56	83300	926	185	926	278
11574	57	84787	942	189	942	283
11574	58	86274	959	192	959	287
11574	59	87764	975	195	975	293
11574	60	89251	992	199	992	298
11574	61	90738	1008	202	1008	302
11574	62	92225	1025	205	1025	308
11574	63	93713	1042	209	1042	313
11574	64	95200	1058	212	1058	317
11574	65	96687	1075	215	1075	323
11574	66	98174	1091	218	1091	327
11574	67	99662	1108	222	1108	332
11574	68	101151	1124	225	1124	338
11574	69	102638	1141	228	1141	342
11574	70	104126	1157	232	1157	347
11574	71	105613	1174	235	1174	352
11574	72	107100	1190	238	1190	357
11574	73	108587	1207	242	1207	362
11574	74	110075	1223	245	1223	367
11574	75	111562	1240	248	1240	372
11574	76	113049	1256	251	1256	377
11574	77	114539	1273	255	1273	382
11574	78	116026	1289	258	1289	387
11574	79	117513	1306	261	1306	392
11574	80	119000	1322	265	1322	397
11574	81	120488	1339	268	1339	402
11574	82	121975	1356	271	1356	407
11574	83	123462	1372	275	1372	412
11574	84	124949	1389	278	1389	416
11574	85	126437	1405	281	1405	422
11574	86	127926	1422	285	1422	427
11574	87	129413	1438	288	1438	431
11574	88	130901	1455	291	1455	437
11574	89	132388	1471	294	1471	441
11574	90	133875	1488	298	1488	446
11574	91	135362	1504	301	1504	452
11574	92	136850	1521	304	1521	456
11574	93	138337	1537	308	1537	461
11574	94	139824	1554	311	1554	466
11574	95	141314	1570	314	1570	471
11574	96	142801	1587	318	1587	476
11574	97	144288	1603	321	1603	481
11574	98	145775	1620	324	1620	486
11574	99	147263	1637	328	1637	491
11574	100	148750	1653	331	1653	496
11581	1	661	50	4	50	7
11581	2	1322	99	7	99	13
11581	3	1983	149	10	149	20
11581	4	2644	198	13	198	26
11581	5	3306	248	17	248	33
11581	6	3967	297	20	297	40
11581	7	4628	347	23	347	46
11581	8	5289	396	27	396	53
11581	9	5950	447	30	447	60
11581	10	6611	497	33	497	66
11581	11	7272	546	37	546	73
11581	12	7933	596	40	596	79
11581	13	8594	645	43	645	86
11581	14	9256	695	47	695	93
11581	15	9917	744	50	744	99
11581	16	10578	794	53	794	106
11581	17	11239	843	56	843	112
11581	18	11900	893	60	893	119
11581	19	12561	942	63	942	126
11581	20	13222	992	66	992	132
11581	21	13883	1041	70	1041	139
11581	22	14544	1091	73	1091	145
11581	23	15206	1140	76	1140	152
11581	24	15867	1190	80	1190	159
11581	25	16528	1239	83	1239	165
11581	26	17189	1289	86	1289	172
11581	27	17850	1340	90	1340	179
11581	28	18511	1389	93	1389	185
11581	29	19172	1439	96	1439	192
11581	30	19833	1488	99	1488	198
11581	31	20494	1538	103	1538	205
11581	32	21156	1587	106	1587	212
11581	33	21817	1637	109	1637	218
11581	34	22478	1686	113	1686	225
11581	35	23139	1736	116	1736	231
11581	36	23800	1785	119	1785	238
11581	37	24461	1835	123	1835	245
11581	38	25122	1884	126	1884	251
11581	39	25783	1934	129	1934	258
11581	40	26444	1983	132	1983	264
11581	41	27106	2033	136	2033	271
11581	42	27767	2082	139	2082	278
11581	43	28428	2132	142	2132	284
11581	44	29089	2181	146	2181	291
11581	45	29750	2232	149	2232	298
11581	46	30411	2282	152	2282	304
11581	47	31072	2331	156	2331	311
11581	48	31733	2381	159	2381	317
11581	49	32394	2430	162	2430	324
11581	50	33056	2480	166	2480	331
11581	51	33717	2529	169	2529	337
11581	52	34378	2579	172	2579	344
11581	53	35039	2628	175	2628	350
11581	54	35700	2678	179	2678	357
11581	55	36361	2727	182	2727	364
11581	56	37022	2777	185	2777	370
11581	57	37683	2826	189	2826	377
11581	58	38344	2876	192	2876	383
11581	59	39006	2925	195	2925	390
11581	60	39667	2975	199	2975	397
11581	61	40328	3024	202	3024	403
11581	62	40989	3074	205	3074	410
11581	63	41650	3125	209	3125	417
11581	64	42311	3174	212	3174	423
11581	65	42972	3224	215	3224	430
11581	66	43633	3273	218	3273	436
11581	67	44294	3323	222	3323	443
11581	68	44956	3372	225	3372	450
11581	69	45617	3422	228	3422	456
11581	70	46278	3471	232	3471	463
11581	71	46939	3521	235	3521	469
11581	72	47600	3570	238	3570	476
11581	73	48261	3620	242	3620	483
11581	74	48922	3669	245	3669	489
11581	75	49583	3719	248	3719	496
11581	76	50244	3768	251	3768	502
11581	77	50906	3818	255	3818	509
11581	78	51567	3867	258	3867	516
11581	79	52228	3917	261	3917	522
11581	80	52889	3966	265	3966	529
11581	81	53550	4017	268	4017	536
11581	82	54211	4067	271	4067	542
11581	83	54872	4116	275	4116	549
11581	84	55533	4166	278	4166	555
11581	85	56194	4215	281	4215	562
11581	86	56856	4265	285	4265	569
11581	87	57517	4314	288	4314	575
11581	88	58178	4364	291	4364	582
11581	89	58839	4413	294	4413	588
11581	90	59500	4463	298	4463	595
11581	91	60161	4512	301	4512	602
11581	92	60822	4562	304	4562	608
11581	93	61483	4611	308	4611	615
11581	94	62144	4661	311	4661	621
11581	95	62806	4710	314	4710	628
11581	96	63467	4760	318	4760	635
11581	97	64128	4809	321	4809	641
11581	98	64789	4859	324	4859	648
11581	99	65450	4910	328	4910	655
11581	100	66111	4959	331	4959	661
11582	1	661	50	4	50	7
11582	2	1322	99	7	99	13
11582	3	1983	149	10	149	20
11582	4	2644	198	13	198	26
11582	5	3306	248	17	248	33
11582	6	3967	297	20	297	40
11582	7	4628	347	23	347	46
11582	8	5289	396	27	396	53
11582	9	5950	447	30	447	60
11582	10	6611	497	33	497	66
11582	11	7272	546	37	546	73
11582	12	7933	596	40	596	79
11582	13	8594	645	43	645	86
11582	14	9256	695	47	695	93
11582	15	9917	744	50	744	99
11582	16	10578	794	53	794	106
11582	17	11239	843	56	843	112
11582	18	11900	893	60	893	119
11582	19	12561	942	63	942	126
11582	20	13222	992	66	992	132
11582	21	13883	1041	70	1041	139
11582	22	14544	1091	73	1091	145
11582	23	15206	1140	76	1140	152
11582	24	15867	1190	80	1190	159
11582	25	16528	1239	83	1239	165
11582	26	17189	1289	86	1289	172
11582	27	17850	1340	90	1340	179
11582	28	18511	1389	93	1389	185
11582	29	19172	1439	96	1439	192
11582	30	19833	1488	99	1488	198
11582	31	20494	1538	103	1538	205
11582	32	21156	1587	106	1587	212
11582	33	21817	1637	109	1637	218
11582	34	22478	1686	113	1686	225
11582	35	23139	1736	116	1736	231
11582	36	23800	1785	119	1785	238
11582	37	24461	1835	123	1835	245
11582	38	25122	1884	126	1884	251
11582	39	25783	1934	129	1934	258
11582	40	26444	1983	132	1983	264
11582	41	27106	2033	136	2033	271
11582	42	27767	2082	139	2082	278
11582	43	28428	2132	142	2132	284
11582	44	29089	2181	146	2181	291
11582	45	29750	2232	149	2232	298
11582	46	30411	2282	152	2282	304
11582	47	31072	2331	156	2331	311
11582	48	31733	2381	159	2381	317
11582	49	32394	2430	162	2430	324
11582	50	33056	2480	166	2480	331
11582	51	33717	2529	169	2529	337
11582	52	34378	2579	172	2579	344
11582	53	35039	2628	175	2628	350
11582	54	35700	2678	179	2678	357
11582	55	36361	2727	182	2727	364
11582	56	37022	2777	185	2777	370
11582	57	37683	2826	189	2826	377
11582	58	38344	2876	192	2876	383
11582	59	39006	2925	195	2925	390
11582	60	39667	2975	199	2975	397
11582	61	40328	3024	202	3024	403
11582	62	40989	3074	205	3074	410
11582	63	41650	3125	209	3125	417
11582	64	42311	3174	212	3174	423
11582	65	42972	3224	215	3224	430
11582	66	43633	3273	218	3273	436
11582	67	44294	3323	222	3323	443
11582	68	44956	3372	225	3372	450
11582	69	45617	3422	228	3422	456
11582	70	46278	3471	232	3471	463
11582	71	46939	3521	235	3521	469
11582	72	47600	3570	238	3570	476
11582	73	48261	3620	242	3620	483
11582	74	48922	3669	245	3669	489
11582	75	49583	3719	248	3719	496
11582	76	50244	3768	251	3768	502
11582	77	50906	3818	255	3818	509
11582	78	51567	3867	258	3867	516
11582	79	52228	3917	261	3917	522
11582	80	52889	3966	265	3966	529
11582	81	53550	4017	268	4017	536
11582	82	54211	4067	271	4067	542
11582	83	54872	4116	275	4116	549
11582	84	55533	4166	278	4166	555
11582	85	56194	4215	281	4215	562
11582	86	56856	4265	285	4265	569
11582	87	57517	4314	288	4314	575
11582	88	58178	4364	291	4364	582
11582	89	58839	4413	294	4413	588
11582	90	59500	4463	298	4463	595
11582	91	60161	4512	301	4512	602
11582	92	60822	4562	304	4562	608
11582	93	61483	4611	308	4611	615
11582	94	62144	4661	311	4661	621
11582	95	62806	4710	314	4710	628
11582	96	63467	4760	318	4760	635
11582	97	64128	4809	321	4809	641
11582	98	64789	4859	324	4859	648
11582	99	65450	4910	328	4910	655
11582	100	66111	4959	331	4959	661
11583	1	661	50	4	50	7
11583	2	1322	99	7	99	13
11583	3	1983	149	10	149	20
11583	4	2644	198	13	198	26
11583	5	3306	248	17	248	33
11583	6	3967	297	20	297	40
11583	7	4628	347	23	347	46
11583	8	5289	396	27	396	53
11583	9	5950	447	30	447	60
11583	10	6611	497	33	497	66
11583	11	7272	546	37	546	73
11583	12	7933	596	40	596	79
11583	13	8594	645	43	645	86
11583	14	9256	695	47	695	93
11583	15	9917	744	50	744	99
11583	16	10578	794	53	794	106
11583	17	11239	843	56	843	112
11583	18	11900	893	60	893	119
11583	19	12561	942	63	942	126
11583	20	13222	992	66	992	132
11583	21	13883	1041	70	1041	139
11583	22	14544	1091	73	1091	145
11583	23	15206	1140	76	1140	152
11583	24	15867	1190	80	1190	159
11583	25	16528	1239	83	1239	165
11583	26	17189	1289	86	1289	172
11583	27	17850	1340	90	1340	179
11583	28	18511	1389	93	1389	185
11583	29	19172	1439	96	1439	192
11583	30	19833	1488	99	1488	198
11583	31	20494	1538	103	1538	205
11583	32	21156	1587	106	1587	212
11583	33	21817	1637	109	1637	218
11583	34	22478	1686	113	1686	225
11583	35	23139	1736	116	1736	231
11583	36	23800	1785	119	1785	238
11583	37	24461	1835	123	1835	245
11583	38	25122	1884	126	1884	251
11583	39	25783	1934	129	1934	258
11583	40	26444	1983	132	1983	264
11583	41	27106	2033	136	2033	271
11583	42	27767	2082	139	2082	278
11583	43	28428	2132	142	2132	284
11583	44	29089	2181	146	2181	291
11583	45	29750	2232	149	2232	298
11583	46	30411	2282	152	2282	304
11583	47	31072	2331	156	2331	311
11583	48	31733	2381	159	2381	317
11583	49	32394	2430	162	2430	324
11583	50	33056	2480	166	2480	331
11583	51	33717	2529	169	2529	337
11583	52	34378	2579	172	2579	344
11583	53	35039	2628	175	2628	350
11583	54	35700	2678	179	2678	357
11583	55	36361	2727	182	2727	364
11583	56	37022	2777	185	2777	370
11583	57	37683	2826	189	2826	377
11583	58	38344	2876	192	2876	383
11583	59	39006	2925	195	2925	390
11583	60	39667	2975	199	2975	397
11583	61	40328	3024	202	3024	403
11583	62	40989	3074	205	3074	410
11583	63	41650	3125	209	3125	417
11583	64	42311	3174	212	3174	423
11583	65	42972	3224	215	3224	430
11583	66	43633	3273	218	3273	436
11583	67	44294	3323	222	3323	443
11583	68	44956	3372	225	3372	450
11583	69	45617	3422	228	3422	456
11583	70	46278	3471	232	3471	463
11583	71	46939	3521	235	3521	469
11583	72	47600	3570	238	3570	476
11583	73	48261	3620	242	3620	483
11583	74	48922	3669	245	3669	489
11583	75	49583	3719	248	3719	496
11583	76	50244	3768	251	3768	502
11583	77	50906	3818	255	3818	509
11583	78	51567	3867	258	3867	516
11583	79	52228	3917	261	3917	522
11583	80	52889	3966	265	3966	529
11583	81	53550	4017	268	4017	536
11583	82	54211	4067	271	4067	542
11583	83	54872	4116	275	4116	549
11583	84	55533	4166	278	4166	555
11583	85	56194	4215	281	4215	562
11583	86	56856	4265	285	4265	569
11583	87	57517	4314	288	4314	575
11583	88	58178	4364	291	4364	582
11583	89	58839	4413	294	4413	588
11583	90	59500	4463	298	4463	595
11583	91	60161	4512	301	4512	602
11583	92	60822	4562	304	4562	608
11583	93	61483	4611	308	4611	615
11583	94	62144	4661	311	4661	621
11583	95	62806	4710	314	4710	628
11583	96	63467	4760	318	4760	635
11583	97	64128	4809	321	4809	641
11583	98	64789	4859	324	4859	648
11583	99	65450	4910	328	4910	655
11583	100	66111	4959	331	4959	661
11584	1	661	50	4	50	7
11584	2	1322	99	7	99	13
11584	3	1983	149	10	149	20
11584	4	2644	198	13	198	26
11584	5	3306	248	17	248	33
11584	6	3967	297	20	297	40
11584	7	4628	347	23	347	46
11584	8	5289	396	27	396	53
11584	9	5950	447	30	447	60
11584	10	6611	497	33	497	66
11584	11	7272	546	37	546	73
11584	12	7933	596	40	596	79
11584	13	8594	645	43	645	86
11584	14	9256	695	47	695	93
11584	15	9917	744	50	744	99
11584	16	10578	794	53	794	106
11584	17	11239	843	56	843	112
11584	18	11900	893	60	893	119
11584	19	12561	942	63	942	126
11584	20	13222	992	66	992	132
11584	21	13883	1041	70	1041	139
11584	22	14544	1091	73	1091	145
11584	23	15206	1140	76	1140	152
11584	24	15867	1190	80	1190	159
11584	25	16528	1239	83	1239	165
11584	26	17189	1289	86	1289	172
11584	27	17850	1340	90	1340	179
11584	28	18511	1389	93	1389	185
11584	29	19172	1439	96	1439	192
11584	30	19833	1488	99	1488	198
11584	31	20494	1538	103	1538	205
11584	32	21156	1587	106	1587	212
11584	33	21817	1637	109	1637	218
11584	34	22478	1686	113	1686	225
11584	35	23139	1736	116	1736	231
11584	36	23800	1785	119	1785	238
11584	37	24461	1835	123	1835	245
11584	38	25122	1884	126	1884	251
11584	39	25783	1934	129	1934	258
11584	40	26444	1983	132	1983	264
11584	41	27106	2033	136	2033	271
11584	42	27767	2082	139	2082	278
11584	43	28428	2132	142	2132	284
11584	44	29089	2181	146	2181	291
11584	45	29750	2232	149	2232	298
11584	46	30411	2282	152	2282	304
11584	47	31072	2331	156	2331	311
11584	48	31733	2381	159	2381	317
11584	49	32394	2430	162	2430	324
11584	50	33056	2480	166	2480	331
11584	51	33717	2529	169	2529	337
11584	52	34378	2579	172	2579	344
11584	53	35039	2628	175	2628	350
11584	54	35700	2678	179	2678	357
11584	55	36361	2727	182	2727	364
11584	56	37022	2777	185	2777	370
11584	57	37683	2826	189	2826	377
11584	58	38344	2876	192	2876	383
11584	59	39006	2925	195	2925	390
11584	60	39667	2975	199	2975	397
11584	61	40328	3024	202	3024	403
11584	62	40989	3074	205	3074	410
11584	63	41650	3125	209	3125	417
11584	64	42311	3174	212	3174	423
11584	65	42972	3224	215	3224	430
11584	66	43633	3273	218	3273	436
11584	67	44294	3323	222	3323	443
11584	68	44956	3372	225	3372	450
11584	69	45617	3422	228	3422	456
11584	70	46278	3471	232	3471	463
11584	71	46939	3521	235	3521	469
11584	72	47600	3570	238	3570	476
11584	73	48261	3620	242	3620	483
11584	74	48922	3669	245	3669	489
11584	75	49583	3719	248	3719	496
11584	76	50244	3768	251	3768	502
11584	77	50906	3818	255	3818	509
11584	78	51567	3867	258	3867	516
11584	79	52228	3917	261	3917	522
11584	80	52889	3966	265	3966	529
11584	81	53550	4017	268	4017	536
11584	82	54211	4067	271	4067	542
11584	83	54872	4116	275	4116	549
11584	84	55533	4166	278	4166	555
11584	85	56194	4215	281	4215	562
11584	86	56856	4265	285	4265	569
11584	87	57517	4314	288	4314	575
11584	88	58178	4364	291	4364	582
11584	89	58839	4413	294	4413	588
11584	90	59500	4463	298	4463	595
11584	91	60161	4512	301	4512	602
11584	92	60822	4562	304	4562	608
11584	93	61483	4611	308	4611	615
11584	94	62144	4661	311	4661	621
11584	95	62806	4710	314	4710	628
11584	96	63467	4760	318	4760	635
11584	97	64128	4809	321	4809	641
11584	98	64789	4859	324	4859	648
11584	99	65450	4910	328	4910	655
11584	100	66111	4959	331	4959	661
11585	1	661	50	4	50	7
11585	2	1322	99	7	99	13
11585	3	1983	149	10	149	20
11585	4	2644	198	13	198	26
11585	5	3306	248	17	248	33
11585	6	3967	297	20	297	40
11585	7	4628	347	23	347	46
11585	8	5289	396	27	396	53
11585	9	5950	447	30	447	60
11585	10	6611	497	33	497	66
11585	11	7272	546	37	546	73
11585	12	7933	596	40	596	79
11585	13	8594	645	43	645	86
11585	14	9256	695	47	695	93
11585	15	9917	744	50	744	99
11585	16	10578	794	53	794	106
11585	17	11239	843	56	843	112
11585	18	11900	893	60	893	119
11585	19	12561	942	63	942	126
11585	20	13222	992	66	992	132
11585	21	13883	1041	70	1041	139
11585	22	14544	1091	73	1091	145
11585	23	15206	1140	76	1140	152
11585	24	15867	1190	80	1190	159
11585	25	16528	1239	83	1239	165
11585	26	17189	1289	86	1289	172
11585	27	17850	1340	90	1340	179
11585	28	18511	1389	93	1389	185
11585	29	19172	1439	96	1439	192
11585	30	19833	1488	99	1488	198
11585	31	20494	1538	103	1538	205
11585	32	21156	1587	106	1587	212
11585	33	21817	1637	109	1637	218
11585	34	22478	1686	113	1686	225
11585	35	23139	1736	116	1736	231
11585	36	23800	1785	119	1785	238
11585	37	24461	1835	123	1835	245
11585	38	25122	1884	126	1884	251
11585	39	25783	1934	129	1934	258
11585	40	26444	1983	132	1983	264
11585	41	27106	2033	136	2033	271
11585	42	27767	2082	139	2082	278
11585	43	28428	2132	142	2132	284
11585	44	29089	2181	146	2181	291
11585	45	29750	2232	149	2232	298
11585	46	30411	2282	152	2282	304
11585	47	31072	2331	156	2331	311
11585	48	31733	2381	159	2381	317
11585	49	32394	2430	162	2430	324
11585	50	33056	2480	166	2480	331
11585	51	33717	2529	169	2529	337
11585	52	34378	2579	172	2579	344
11585	53	35039	2628	175	2628	350
11585	54	35700	2678	179	2678	357
11585	55	36361	2727	182	2727	364
11585	56	37022	2777	185	2777	370
11585	57	37683	2826	189	2826	377
11585	58	38344	2876	192	2876	383
11585	59	39006	2925	195	2925	390
11585	60	39667	2975	199	2975	397
11585	61	40328	3024	202	3024	403
11585	62	40989	3074	205	3074	410
11585	63	41650	3125	209	3125	417
11585	64	42311	3174	212	3174	423
11585	65	42972	3224	215	3224	430
11585	66	43633	3273	218	3273	436
11585	67	44294	3323	222	3323	443
11585	68	44956	3372	225	3372	450
11585	69	45617	3422	228	3422	456
11585	70	46278	3471	232	3471	463
11585	71	46939	3521	235	3521	469
11585	72	47600	3570	238	3570	476
11585	73	48261	3620	242	3620	483
11585	74	48922	3669	245	3669	489
11585	75	49583	3719	248	3719	496
11585	76	50244	3768	251	3768	502
11585	77	50906	3818	255	3818	509
11585	78	51567	3867	258	3867	516
11585	79	52228	3917	261	3917	522
11585	80	52889	3966	265	3966	529
11585	81	53550	4017	268	4017	536
11585	82	54211	4067	271	4067	542
11585	83	54872	4116	275	4116	549
11585	84	55533	4166	278	4166	555
11585	85	56194	4215	281	4215	562
11585	86	56856	4265	285	4265	569
11585	87	57517	4314	288	4314	575
11585	88	58178	4364	291	4364	582
11585	89	58839	4413	294	4413	588
11585	90	59500	4463	298	4463	595
11585	91	60161	4512	301	4512	602
11585	92	60822	4562	304	4562	608
11585	93	61483	4611	308	4611	615
11585	94	62144	4661	311	4661	621
11585	95	62806	4710	314	4710	628
11585	96	63467	4760	318	4760	635
11585	97	64128	4809	321	4809	641
11585	98	64789	4859	324	4859	648
11585	99	65450	4910	328	4910	655
11585	100	66111	4959	331	4959	661
11602	1	661	33	7	33	7
11602	2	1322	66	13	66	13
11602	3	1983	99	20	99	20
11602	4	2644	132	26	132	26
11602	5	3306	165	33	165	33
11602	6	3967	198	40	198	40
11602	7	4628	231	46	231	46
11602	8	5289	264	53	264	53
11602	9	5950	298	60	298	60
11602	10	6611	331	66	331	66
11602	11	7272	364	73	364	73
11602	12	7933	397	79	397	79
11602	13	8594	430	86	430	86
11602	14	9256	463	93	463	93
11602	15	9917	496	99	496	99
11602	16	10578	529	106	529	106
11602	17	11239	562	112	562	112
11602	18	11900	595	119	595	119
11602	19	12561	628	126	628	126
11602	20	13222	661	132	661	132
11602	21	13883	694	139	694	139
11602	22	14544	727	145	727	145
11602	23	15206	760	152	760	152
11602	24	15867	793	159	793	159
11602	25	16528	826	165	826	165
11602	26	17189	859	172	859	172
11602	27	17850	893	179	893	179
11602	28	18511	926	185	926	185
11602	29	19172	959	192	959	192
11602	30	19833	992	198	992	198
11602	31	20494	1025	205	1025	205
11602	32	21156	1058	212	1058	212
11602	33	21817	1091	218	1091	218
11602	34	22478	1124	225	1124	225
11602	35	23139	1157	231	1157	231
11602	36	23800	1190	238	1190	238
11602	37	24461	1223	245	1223	245
11602	38	25122	1256	251	1256	251
11602	39	25783	1289	258	1289	258
11602	40	26444	1322	264	1322	264
11602	41	27106	1355	271	1355	271
11602	42	27767	1388	278	1388	278
11602	43	28428	1421	284	1421	284
11602	44	29089	1454	291	1454	291
11602	45	29750	1488	298	1488	298
11602	46	30411	1521	304	1521	304
11602	47	31072	1554	311	1554	311
11602	48	31733	1587	317	1587	317
11602	49	32394	1620	324	1620	324
11602	50	33056	1653	331	1653	331
11602	51	33717	1686	337	1686	337
11602	52	34378	1719	344	1719	344
11602	53	35039	1752	350	1752	350
11602	54	35700	1785	357	1785	357
11602	55	36361	1818	364	1818	364
11602	56	37022	1851	370	1851	370
11602	57	37683	1884	377	1884	377
11602	58	38344	1917	383	1917	383
11602	59	39006	1950	390	1950	390
11602	60	39667	1983	397	1983	397
11602	61	40328	2016	403	2016	403
11602	62	40989	2049	410	2049	410
11602	63	41650	2083	417	2083	417
11602	64	42311	2116	423	2116	423
11602	65	42972	2149	430	2149	430
11602	66	43633	2182	436	2182	436
11602	67	44294	2215	443	2215	443
11602	68	44956	2248	450	2248	450
11602	69	45617	2281	456	2281	456
11602	70	46278	2314	463	2314	463
11602	71	46939	2347	469	2347	469
11602	72	47600	2380	476	2380	476
11602	73	48261	2413	483	2413	483
11602	74	48922	2446	489	2446	489
11602	75	49583	2479	496	2479	496
11602	76	50244	2512	502	2512	502
11602	77	50906	2545	509	2545	509
11602	78	51567	2578	516	2578	516
11602	79	52228	2611	522	2611	522
11602	80	52889	2644	529	2644	529
11602	81	53550	2678	536	2678	536
11602	82	54211	2711	542	2711	542
11602	83	54872	2744	549	2744	549
11602	84	55533	2777	555	2777	555
11602	85	56194	2810	562	2810	562
11602	86	56856	2843	569	2843	569
11602	87	57517	2876	575	2876	575
11602	88	58178	2909	582	2909	582
11602	89	58839	2942	588	2942	588
11602	90	59500	2975	595	2975	595
11602	91	60161	3008	602	3008	602
11602	92	60822	3041	608	3041	608
11602	93	61483	3074	615	3074	615
11602	94	62144	3107	621	3107	621
11602	95	62806	3140	628	3140	628
11602	96	63467	3173	635	3173	635
11602	97	64128	3206	641	3206	641
11602	98	64789	3239	648	3239	648
11602	99	65450	3273	655	3273	655
11602	100	66111	3306	661	3306	661
11603	1	661	33	7	33	7
11603	2	1322	66	13	66	13
11603	3	1983	99	20	99	20
11603	4	2644	132	26	132	26
11603	5	3306	165	33	165	33
11603	6	3967	198	40	198	40
11603	7	4628	231	46	231	46
11603	8	5289	264	53	264	53
11603	9	5950	298	60	298	60
11603	10	6611	331	66	331	66
11603	11	7272	364	73	364	73
11603	12	7933	397	79	397	79
11603	13	8594	430	86	430	86
11603	14	9256	463	93	463	93
11603	15	9917	496	99	496	99
11603	16	10578	529	106	529	106
11603	17	11239	562	112	562	112
11603	18	11900	595	119	595	119
11603	19	12561	628	126	628	126
11603	20	13222	661	132	661	132
11603	21	13883	694	139	694	139
11603	22	14544	727	145	727	145
11603	23	15206	760	152	760	152
11603	24	15867	793	159	793	159
11603	25	16528	826	165	826	165
11603	26	17189	859	172	859	172
11603	27	17850	893	179	893	179
11603	28	18511	926	185	926	185
11603	29	19172	959	192	959	192
11603	30	19833	992	198	992	198
11603	31	20494	1025	205	1025	205
11603	32	21156	1058	212	1058	212
11603	33	21817	1091	218	1091	218
11603	34	22478	1124	225	1124	225
11603	35	23139	1157	231	1157	231
11603	36	23800	1190	238	1190	238
11603	37	24461	1223	245	1223	245
11603	38	25122	1256	251	1256	251
11603	39	25783	1289	258	1289	258
11603	40	26444	1322	264	1322	264
11603	41	27106	1355	271	1355	271
11603	42	27767	1388	278	1388	278
11603	43	28428	1421	284	1421	284
11603	44	29089	1454	291	1454	291
11603	45	29750	1488	298	1488	298
11603	46	30411	1521	304	1521	304
11603	47	31072	1554	311	1554	311
11603	48	31733	1587	317	1587	317
11603	49	32394	1620	324	1620	324
11603	50	33056	1653	331	1653	331
11603	51	33717	1686	337	1686	337
11603	52	34378	1719	344	1719	344
11603	53	35039	1752	350	1752	350
11603	54	35700	1785	357	1785	357
11603	55	36361	1818	364	1818	364
11603	56	37022	1851	370	1851	370
11603	57	37683	1884	377	1884	377
11603	58	38344	1917	383	1917	383
11603	59	39006	1950	390	1950	390
11603	60	39667	1983	397	1983	397
11603	61	40328	2016	403	2016	403
11603	62	40989	2049	410	2049	410
11603	63	41650	2083	417	2083	417
11603	64	42311	2116	423	2116	423
11603	65	42972	2149	430	2149	430
11603	66	43633	2182	436	2182	436
11603	67	44294	2215	443	2215	443
11603	68	44956	2248	450	2248	450
11603	69	45617	2281	456	2281	456
11603	70	46278	2314	463	2314	463
11603	71	46939	2347	469	2347	469
11603	72	47600	2380	476	2380	476
11603	73	48261	2413	483	2413	483
11603	74	48922	2446	489	2446	489
11603	75	49583	2479	496	2479	496
11603	76	50244	2512	502	2512	502
11603	77	50906	2545	509	2545	509
11603	78	51567	2578	516	2578	516
11603	79	52228	2611	522	2611	522
11603	80	52889	2644	529	2644	529
11603	81	53550	2678	536	2678	536
11603	82	54211	2711	542	2711	542
11603	83	54872	2744	549	2744	549
11603	84	55533	2777	555	2777	555
11603	85	56194	2810	562	2810	562
11603	86	56856	2843	569	2843	569
11603	87	57517	2876	575	2876	575
11603	88	58178	2909	582	2909	582
11603	89	58839	2942	588	2942	588
11603	90	59500	2975	595	2975	595
11603	91	60161	3008	602	3008	602
11603	92	60822	3041	608	3041	608
11603	93	61483	3074	615	3074	615
11603	94	62144	3107	621	3107	621
11603	95	62806	3140	628	3140	628
11603	96	63467	3173	635	3173	635
11603	97	64128	3206	641	3206	641
11603	98	64789	3239	648	3239	648
11603	99	65450	3273	655	3273	655
11603	100	66111	3306	661	3306	661
11604	1	661	33	7	33	7
11604	2	1322	66	13	66	13
11604	3	1983	99	20	99	20
11604	4	2644	132	26	132	26
11604	5	3306	165	33	165	33
11604	6	3967	198	40	198	40
11604	7	4628	231	46	231	46
11604	8	5289	264	53	264	53
11604	9	5950	298	60	298	60
11604	10	6611	331	66	331	66
11604	11	7272	364	73	364	73
11604	12	7933	397	79	397	79
11604	13	8594	430	86	430	86
11604	14	9256	463	93	463	93
11604	15	9917	496	99	496	99
11604	16	10578	529	106	529	106
11604	17	11239	562	112	562	112
11604	18	11900	595	119	595	119
11604	19	12561	628	126	628	126
11604	20	13222	661	132	661	132
11604	21	13883	694	139	694	139
11604	22	14544	727	145	727	145
11604	23	15206	760	152	760	152
11604	24	15867	793	159	793	159
11604	25	16528	826	165	826	165
11604	26	17189	859	172	859	172
11604	27	17850	893	179	893	179
11604	28	18511	926	185	926	185
11604	29	19172	959	192	959	192
11604	30	19833	992	198	992	198
11604	31	20494	1025	205	1025	205
11604	32	21156	1058	212	1058	212
11604	33	21817	1091	218	1091	218
11604	34	22478	1124	225	1124	225
11604	35	23139	1157	231	1157	231
11604	36	23800	1190	238	1190	238
11604	37	24461	1223	245	1223	245
11604	38	25122	1256	251	1256	251
11604	39	25783	1289	258	1289	258
11604	40	26444	1322	264	1322	264
11604	41	27106	1355	271	1355	271
11604	42	27767	1388	278	1388	278
11604	43	28428	1421	284	1421	284
11604	44	29089	1454	291	1454	291
11604	45	29750	1488	298	1488	298
11604	46	30411	1521	304	1521	304
11604	47	31072	1554	311	1554	311
11604	48	31733	1587	317	1587	317
11604	49	32394	1620	324	1620	324
11604	50	33056	1653	331	1653	331
11604	51	33717	1686	337	1686	337
11604	52	34378	1719	344	1719	344
11604	53	35039	1752	350	1752	350
11604	54	35700	1785	357	1785	357
11604	55	36361	1818	364	1818	364
11604	56	37022	1851	370	1851	370
11604	57	37683	1884	377	1884	377
11604	58	38344	1917	383	1917	383
11604	59	39006	1950	390	1950	390
11604	60	39667	1983	397	1983	397
11604	61	40328	2016	403	2016	403
11604	62	40989	2049	410	2049	410
11604	63	41650	2083	417	2083	417
11604	64	42311	2116	423	2116	423
11604	65	42972	2149	430	2149	430
11604	66	43633	2182	436	2182	436
11604	67	44294	2215	443	2215	443
11604	68	44956	2248	450	2248	450
11604	69	45617	2281	456	2281	456
11604	70	46278	2314	463	2314	463
11604	71	46939	2347	469	2347	469
11604	72	47600	2380	476	2380	476
11604	73	48261	2413	483	2413	483
11604	74	48922	2446	489	2446	489
11604	75	49583	2479	496	2479	496
11604	76	50244	2512	502	2512	502
11604	77	50906	2545	509	2545	509
11604	78	51567	2578	516	2578	516
11604	79	52228	2611	522	2611	522
11604	80	52889	2644	529	2644	529
11604	81	53550	2678	536	2678	536
11604	82	54211	2711	542	2711	542
11604	83	54872	2744	549	2744	549
11604	84	55533	2777	555	2777	555
11604	85	56194	2810	562	2810	562
11604	86	56856	2843	569	2843	569
11604	87	57517	2876	575	2876	575
11604	88	58178	2909	582	2909	582
11604	89	58839	2942	588	2942	588
11604	90	59500	2975	595	2975	595
11604	91	60161	3008	602	3008	602
11604	92	60822	3041	608	3041	608
11604	93	61483	3074	615	3074	615
11604	94	62144	3107	621	3107	621
11604	95	62806	3140	628	3140	628
11604	96	63467	3173	635	3173	635
11604	97	64128	3206	641	3206	641
11604	98	64789	3239	648	3239	648
11604	99	65450	3273	655	3273	655
11604	100	66111	3306	661	3306	661
11605	1	661	33	7	33	7
11605	2	1322	66	13	66	13
11605	3	1983	99	20	99	20
11605	4	2644	132	26	132	26
11605	5	3306	165	33	165	33
11605	6	3967	198	40	198	40
11605	7	4628	231	46	231	46
11605	8	5289	264	53	264	53
11605	9	5950	298	60	298	60
11605	10	6611	331	66	331	66
11605	11	7272	364	73	364	73
11605	12	7933	397	79	397	79
11605	13	8594	430	86	430	86
11605	14	9256	463	93	463	93
11605	15	9917	496	99	496	99
11605	16	10578	529	106	529	106
11605	17	11239	562	112	562	112
11605	18	11900	595	119	595	119
11605	19	12561	628	126	628	126
11605	20	13222	661	132	661	132
11605	21	13883	694	139	694	139
11605	22	14544	727	145	727	145
11605	23	15206	760	152	760	152
11605	24	15867	793	159	793	159
11605	25	16528	826	165	826	165
11605	26	17189	859	172	859	172
11605	27	17850	893	179	893	179
11605	28	18511	926	185	926	185
11605	29	19172	959	192	959	192
11605	30	19833	992	198	992	198
11605	31	20494	1025	205	1025	205
11605	32	21156	1058	212	1058	212
11605	33	21817	1091	218	1091	218
11605	34	22478	1124	225	1124	225
11605	35	23139	1157	231	1157	231
11605	36	23800	1190	238	1190	238
11605	37	24461	1223	245	1223	245
11605	38	25122	1256	251	1256	251
11605	39	25783	1289	258	1289	258
11605	40	26444	1322	264	1322	264
11605	41	27106	1355	271	1355	271
11605	42	27767	1388	278	1388	278
11605	43	28428	1421	284	1421	284
11605	44	29089	1454	291	1454	291
11605	45	29750	1488	298	1488	298
11605	46	30411	1521	304	1521	304
11605	47	31072	1554	311	1554	311
11605	48	31733	1587	317	1587	317
11605	49	32394	1620	324	1620	324
11605	50	33056	1653	331	1653	331
11605	51	33717	1686	337	1686	337
11605	52	34378	1719	344	1719	344
11605	53	35039	1752	350	1752	350
11605	54	35700	1785	357	1785	357
11605	55	36361	1818	364	1818	364
11605	56	37022	1851	370	1851	370
11605	57	37683	1884	377	1884	377
11605	58	38344	1917	383	1917	383
11605	59	39006	1950	390	1950	390
11605	60	39667	1983	397	1983	397
11605	61	40328	2016	403	2016	403
11605	62	40989	2049	410	2049	410
11605	63	41650	2083	417	2083	417
11605	64	42311	2116	423	2116	423
11605	65	42972	2149	430	2149	430
11605	66	43633	2182	436	2182	436
11605	67	44294	2215	443	2215	443
11605	68	44956	2248	450	2248	450
11605	69	45617	2281	456	2281	456
11605	70	46278	2314	463	2314	463
11605	71	46939	2347	469	2347	469
11605	72	47600	2380	476	2380	476
11605	73	48261	2413	483	2413	483
11605	74	48922	2446	489	2446	489
11605	75	49583	2479	496	2479	496
11605	76	50244	2512	502	2512	502
11605	77	50906	2545	509	2545	509
11605	78	51567	2578	516	2578	516
11605	79	52228	2611	522	2611	522
11605	80	52889	2644	529	2644	529
11605	81	53550	2678	536	2678	536
11605	82	54211	2711	542	2711	542
11605	83	54872	2744	549	2744	549
11605	84	55533	2777	555	2777	555
11605	85	56194	2810	562	2810	562
11605	86	56856	2843	569	2843	569
11605	87	57517	2876	575	2876	575
11605	88	58178	2909	582	2909	582
11605	89	58839	2942	588	2942	588
11605	90	59500	2975	595	2975	595
11605	91	60161	3008	602	3008	602
11605	92	60822	3041	608	3041	608
11605	93	61483	3074	615	3074	615
11605	94	62144	3107	621	3107	621
11605	95	62806	3140	628	3140	628
11605	96	63467	3173	635	3173	635
11605	97	64128	3206	641	3206	641
11605	98	64789	3239	648	3239	648
11605	99	65450	3273	655	3273	655
11605	100	66111	3306	661	3306	661
11606	1	661	33	7	33	7
11606	2	1322	66	13	66	13
11606	3	1983	99	20	99	20
11606	4	2644	132	26	132	26
11606	5	3306	165	33	165	33
11606	6	3967	198	40	198	40
11606	7	4628	231	46	231	46
11606	8	5289	264	53	264	53
11606	9	5950	298	60	298	60
11606	10	6611	331	66	331	66
11606	11	7272	364	73	364	73
11606	12	7933	397	79	397	79
11606	13	8594	430	86	430	86
11606	14	9256	463	93	463	93
11606	15	9917	496	99	496	99
11606	16	10578	529	106	529	106
11606	17	11239	562	112	562	112
11606	18	11900	595	119	595	119
11606	19	12561	628	126	628	126
11606	20	13222	661	132	661	132
11606	21	13883	694	139	694	139
11606	22	14544	727	145	727	145
11606	23	15206	760	152	760	152
11606	24	15867	793	159	793	159
11606	25	16528	826	165	826	165
11606	26	17189	859	172	859	172
11606	27	17850	893	179	893	179
11606	28	18511	926	185	926	185
11606	29	19172	959	192	959	192
11606	30	19833	992	198	992	198
11606	31	20494	1025	205	1025	205
11606	32	21156	1058	212	1058	212
11606	33	21817	1091	218	1091	218
11606	34	22478	1124	225	1124	225
11606	35	23139	1157	231	1157	231
11606	36	23800	1190	238	1190	238
11606	37	24461	1223	245	1223	245
11606	38	25122	1256	251	1256	251
11606	39	25783	1289	258	1289	258
11606	40	26444	1322	264	1322	264
11606	41	27106	1355	271	1355	271
11606	42	27767	1388	278	1388	278
11606	43	28428	1421	284	1421	284
11606	44	29089	1454	291	1454	291
11606	45	29750	1488	298	1488	298
11606	46	30411	1521	304	1521	304
11606	47	31072	1554	311	1554	311
11606	48	31733	1587	317	1587	317
11606	49	32394	1620	324	1620	324
11606	50	33056	1653	331	1653	331
11606	51	33717	1686	337	1686	337
11606	52	34378	1719	344	1719	344
11606	53	35039	1752	350	1752	350
11606	54	35700	1785	357	1785	357
11606	55	36361	1818	364	1818	364
11606	56	37022	1851	370	1851	370
11606	57	37683	1884	377	1884	377
11606	58	38344	1917	383	1917	383
11606	59	39006	1950	390	1950	390
11606	60	39667	1983	397	1983	397
11606	61	40328	2016	403	2016	403
11606	62	40989	2049	410	2049	410
11606	63	41650	2083	417	2083	417
11606	64	42311	2116	423	2116	423
11606	65	42972	2149	430	2149	430
11606	66	43633	2182	436	2182	436
11606	67	44294	2215	443	2215	443
11606	68	44956	2248	450	2248	450
11606	69	45617	2281	456	2281	456
11606	70	46278	2314	463	2314	463
11606	71	46939	2347	469	2347	469
11606	72	47600	2380	476	2380	476
11606	73	48261	2413	483	2413	483
11606	74	48922	2446	489	2446	489
11606	75	49583	2479	496	2479	496
11606	76	50244	2512	502	2512	502
11606	77	50906	2545	509	2545	509
11606	78	51567	2578	516	2578	516
11606	79	52228	2611	522	2611	522
11606	80	52889	2644	529	2644	529
11606	81	53550	2678	536	2678	536
11606	82	54211	2711	542	2711	542
11606	83	54872	2744	549	2744	549
11606	84	55533	2777	555	2777	555
11606	85	56194	2810	562	2810	562
11606	86	56856	2843	569	2843	569
11606	87	57517	2876	575	2876	575
11606	88	58178	2909	582	2909	582
11606	89	58839	2942	588	2942	588
11606	90	59500	2975	595	2975	595
11606	91	60161	3008	602	3008	602
11606	92	60822	3041	608	3041	608
11606	93	61483	3074	615	3074	615
11606	94	62144	3107	621	3107	621
11606	95	62806	3140	628	3140	628
11606	96	63467	3173	635	3173	635
11606	97	64128	3206	641	3206	641
11606	98	64789	3239	648	3239	648
11606	99	65450	3273	655	3273	655
11606	100	66111	3306	661	3306	661
11607	1	992	17	7	17	7
11607	2	1983	33	13	33	13
11607	3	2975	50	20	50	20
11607	4	3966	66	26	66	26
11607	5	4959	83	33	83	33
11607	6	5951	99	40	99	40
11607	7	6942	116	46	116	46
11607	8	7934	132	53	132	53
11607	9	8925	149	60	149	60
11607	10	9917	166	66	166	66
11607	11	10908	182	73	182	73
11607	12	11900	199	79	199	79
11607	13	12891	215	86	215	86
11607	14	13884	232	93	232	93
11607	15	14876	248	99	248	99
11607	16	15867	265	106	265	106
11607	17	16859	281	112	281	112
11607	18	17850	298	119	298	119
11607	19	18842	314	126	314	126
11607	20	19833	331	132	331	132
11607	21	20825	347	139	347	139
11607	22	21816	364	145	364	145
11607	23	22809	380	152	380	152
11607	24	23801	397	159	397	159
11607	25	24792	413	165	413	165
11607	26	25784	430	172	430	172
11607	27	26775	447	179	447	179
11607	28	27767	463	185	463	185
11607	29	28758	480	192	480	192
11607	30	29750	496	198	496	198
11607	31	30741	513	205	513	205
11607	32	31734	529	212	529	212
11607	33	32726	546	218	546	218
11607	34	33717	562	225	562	225
11607	35	34709	579	231	579	231
11607	36	35700	595	238	595	238
11607	37	36692	612	245	612	245
11607	38	37683	628	251	628	251
11607	39	38675	645	258	645	258
11607	40	39666	661	264	661	264
11607	41	40659	678	271	678	271
11607	42	41651	694	278	694	278
11607	43	42642	711	284	711	284
11607	44	43634	727	291	727	291
11607	45	44625	744	298	744	298
11607	46	45617	761	304	761	304
11607	47	46608	777	311	777	311
11607	48	47600	794	317	794	317
11607	49	48591	810	324	810	324
11607	50	49584	827	331	827	331
11607	51	50576	843	337	843	337
11607	52	51567	860	344	860	344
11607	53	52559	876	350	876	350
11607	54	53550	893	357	893	357
11607	55	54542	909	364	909	364
11607	56	55533	926	370	926	370
11607	57	56525	942	377	942	377
11607	58	57516	959	383	959	383
11607	59	58509	975	390	975	390
11607	60	59501	992	397	992	397
11607	61	60492	1008	403	1008	403
11607	62	61484	1025	410	1025	410
11607	63	62475	1042	417	1042	417
11607	64	63467	1058	423	1058	423
11607	65	64458	1075	430	1075	430
11607	66	65450	1091	436	1091	436
11607	67	66441	1108	443	1108	443
11607	68	67434	1124	450	1124	450
11607	69	68426	1141	456	1141	456
11607	70	69417	1157	463	1157	463
11607	71	70409	1174	469	1174	469
11607	72	71400	1190	476	1190	476
11607	73	72392	1207	483	1207	483
11607	74	73383	1223	489	1223	489
11607	75	74375	1240	496	1240	496
11607	76	75366	1256	502	1256	502
11607	77	76359	1273	509	1273	509
11607	78	77351	1289	516	1289	516
11607	79	78342	1306	522	1306	522
11607	80	79334	1322	529	1322	529
11607	81	80325	1339	536	1339	536
11607	82	81317	1356	542	1356	542
11607	83	82308	1372	549	1372	549
11607	84	83300	1389	555	1389	555
11607	85	84291	1405	562	1405	562
11607	86	85284	1422	569	1422	569
11607	87	86276	1438	575	1438	575
11607	88	87267	1455	582	1455	582
11607	89	88259	1471	588	1471	588
11607	90	89250	1488	595	1488	595
11607	91	90242	1504	602	1504	602
11607	92	91233	1521	608	1521	608
11607	93	92225	1537	615	1537	615
11607	94	93216	1554	621	1554	621
11607	95	94209	1570	628	1570	628
11607	96	95201	1587	635	1587	635
11607	97	96192	1603	641	1603	641
11607	98	97184	1620	648	1620	648
11607	99	98175	1637	655	1637	655
11607	100	99167	1653	661	1653	661
11608	1	992	17	7	17	7
11608	2	1983	33	13	33	13
11608	3	2975	50	20	50	20
11608	4	3966	66	26	66	26
11608	5	4959	83	33	83	33
11608	6	5951	99	40	99	40
11608	7	6942	116	46	116	46
11608	8	7934	132	53	132	53
11608	9	8925	149	60	149	60
11608	10	9917	166	66	166	66
11608	11	10908	182	73	182	73
11608	12	11900	199	79	199	79
11608	13	12891	215	86	215	86
11608	14	13884	232	93	232	93
11608	15	14876	248	99	248	99
11608	16	15867	265	106	265	106
11608	17	16859	281	112	281	112
11608	18	17850	298	119	298	119
11608	19	18842	314	126	314	126
11608	20	19833	331	132	331	132
11608	21	20825	347	139	347	139
11608	22	21816	364	145	364	145
11608	23	22809	380	152	380	152
11608	24	23801	397	159	397	159
11608	25	24792	413	165	413	165
11608	26	25784	430	172	430	172
11608	27	26775	447	179	447	179
11608	28	27767	463	185	463	185
11608	29	28758	480	192	480	192
11608	30	29750	496	198	496	198
11608	31	30741	513	205	513	205
11608	32	31734	529	212	529	212
11608	33	32726	546	218	546	218
11608	34	33717	562	225	562	225
11608	35	34709	579	231	579	231
11608	36	35700	595	238	595	238
11608	37	36692	612	245	612	245
11608	38	37683	628	251	628	251
11608	39	38675	645	258	645	258
11608	40	39666	661	264	661	264
11608	41	40659	678	271	678	271
11608	42	41651	694	278	694	278
11608	43	42642	711	284	711	284
11608	44	43634	727	291	727	291
11608	45	44625	744	298	744	298
11608	46	45617	761	304	761	304
11608	47	46608	777	311	777	311
11608	48	47600	794	317	794	317
11608	49	48591	810	324	810	324
11608	50	49584	827	331	827	331
11608	51	50576	843	337	843	337
11608	52	51567	860	344	860	344
11608	53	52559	876	350	876	350
11608	54	53550	893	357	893	357
11608	55	54542	909	364	909	364
11608	56	55533	926	370	926	370
11608	57	56525	942	377	942	377
11608	58	57516	959	383	959	383
11608	59	58509	975	390	975	390
11608	60	59501	992	397	992	397
11608	61	60492	1008	403	1008	403
11608	62	61484	1025	410	1025	410
11608	63	62475	1042	417	1042	417
11608	64	63467	1058	423	1058	423
11608	65	64458	1075	430	1075	430
11608	66	65450	1091	436	1091	436
11608	67	66441	1108	443	1108	443
11608	68	67434	1124	450	1124	450
11608	69	68426	1141	456	1141	456
11608	70	69417	1157	463	1157	463
11608	71	70409	1174	469	1174	469
11608	72	71400	1190	476	1190	476
11608	73	72392	1207	483	1207	483
11608	74	73383	1223	489	1223	489
11608	75	74375	1240	496	1240	496
11608	76	75366	1256	502	1256	502
11608	77	76359	1273	509	1273	509
11608	78	77351	1289	516	1289	516
11608	79	78342	1306	522	1306	522
11608	80	79334	1322	529	1322	529
11608	81	80325	1339	536	1339	536
11608	82	81317	1356	542	1356	542
11608	83	82308	1372	549	1372	549
11608	84	83300	1389	555	1389	555
11608	85	84291	1405	562	1405	562
11608	86	85284	1422	569	1422	569
11608	87	86276	1438	575	1438	575
11608	88	87267	1455	582	1455	582
11608	89	88259	1471	588	1471	588
11608	90	89250	1488	595	1488	595
11608	91	90242	1504	602	1504	602
11608	92	91233	1521	608	1521	608
11608	93	92225	1537	615	1537	615
11608	94	93216	1554	621	1554	621
11608	95	94209	1570	628	1570	628
11608	96	95201	1587	635	1587	635
11608	97	96192	1603	641	1603	641
11608	98	97184	1620	648	1620	648
11608	99	98175	1637	655	1637	655
11608	100	99167	1653	661	1653	661
11609	1	992	17	7	17	7
11609	2	1983	33	13	33	13
11609	3	2975	50	20	50	20
11609	4	3966	66	26	66	26
11609	5	4959	83	33	83	33
11609	6	5951	99	40	99	40
11609	7	6942	116	46	116	46
11609	8	7934	132	53	132	53
11609	9	8925	149	60	149	60
11609	10	9917	166	66	166	66
11609	11	10908	182	73	182	73
11609	12	11900	199	79	199	79
11609	13	12891	215	86	215	86
11609	14	13884	232	93	232	93
11609	15	14876	248	99	248	99
11609	16	15867	265	106	265	106
11609	17	16859	281	112	281	112
11609	18	17850	298	119	298	119
11609	19	18842	314	126	314	126
11609	20	19833	331	132	331	132
11609	21	20825	347	139	347	139
11609	22	21816	364	145	364	145
11609	23	22809	380	152	380	152
11609	24	23801	397	159	397	159
11609	25	24792	413	165	413	165
11609	26	25784	430	172	430	172
11609	27	26775	447	179	447	179
11609	28	27767	463	185	463	185
11609	29	28758	480	192	480	192
11609	30	29750	496	198	496	198
11609	31	30741	513	205	513	205
11609	32	31734	529	212	529	212
11609	33	32726	546	218	546	218
11609	34	33717	562	225	562	225
11609	35	34709	579	231	579	231
11609	36	35700	595	238	595	238
11609	37	36692	612	245	612	245
11609	38	37683	628	251	628	251
11609	39	38675	645	258	645	258
11609	40	39666	661	264	661	264
11609	41	40659	678	271	678	271
11609	42	41651	694	278	694	278
11609	43	42642	711	284	711	284
11609	44	43634	727	291	727	291
11609	45	44625	744	298	744	298
11609	46	45617	761	304	761	304
11609	47	46608	777	311	777	311
11609	48	47600	794	317	794	317
11609	49	48591	810	324	810	324
11609	50	49584	827	331	827	331
11609	51	50576	843	337	843	337
11609	52	51567	860	344	860	344
11609	53	52559	876	350	876	350
11609	54	53550	893	357	893	357
11609	55	54542	909	364	909	364
11609	56	55533	926	370	926	370
11609	57	56525	942	377	942	377
11609	58	57516	959	383	959	383
11609	59	58509	975	390	975	390
11609	60	59501	992	397	992	397
11609	61	60492	1008	403	1008	403
11609	62	61484	1025	410	1025	410
11609	63	62475	1042	417	1042	417
11609	64	63467	1058	423	1058	423
11609	65	64458	1075	430	1075	430
11609	66	65450	1091	436	1091	436
11609	67	66441	1108	443	1108	443
11609	68	67434	1124	450	1124	450
11609	69	68426	1141	456	1141	456
11609	70	69417	1157	463	1157	463
11609	71	70409	1174	469	1174	469
11609	72	71400	1190	476	1190	476
11609	73	72392	1207	483	1207	483
11609	74	73383	1223	489	1223	489
11609	75	74375	1240	496	1240	496
11609	76	75366	1256	502	1256	502
11609	77	76359	1273	509	1273	509
11609	78	77351	1289	516	1289	516
11609	79	78342	1306	522	1306	522
11609	80	79334	1322	529	1322	529
11609	81	80325	1339	536	1339	536
11609	82	81317	1356	542	1356	542
11609	83	82308	1372	549	1372	549
11609	84	83300	1389	555	1389	555
11609	85	84291	1405	562	1405	562
11609	86	85284	1422	569	1422	569
11609	87	86276	1438	575	1438	575
11609	88	87267	1455	582	1455	582
11609	89	88259	1471	588	1471	588
11609	90	89250	1488	595	1488	595
11609	91	90242	1504	602	1504	602
11609	92	91233	1521	608	1521	608
11609	93	92225	1537	615	1537	615
11609	94	93216	1554	621	1554	621
11609	95	94209	1570	628	1570	628
11609	96	95201	1587	635	1587	635
11609	97	96192	1603	641	1603	641
11609	98	97184	1620	648	1620	648
11609	99	98175	1637	655	1637	655
11609	100	99167	1653	661	1653	661
11610	1	992	17	7	17	7
11610	2	1983	33	13	33	13
11610	3	2975	50	20	50	20
11610	4	3966	66	26	66	26
11610	5	4959	83	33	83	33
11610	6	5951	99	40	99	40
11610	7	6942	116	46	116	46
11610	8	7934	132	53	132	53
11610	9	8925	149	60	149	60
11610	10	9917	166	66	166	66
11610	11	10908	182	73	182	73
11610	12	11900	199	79	199	79
11610	13	12891	215	86	215	86
11610	14	13884	232	93	232	93
11610	15	14876	248	99	248	99
11610	16	15867	265	106	265	106
11610	17	16859	281	112	281	112
11610	18	17850	298	119	298	119
11610	19	18842	314	126	314	126
11610	20	19833	331	132	331	132
11610	21	20825	347	139	347	139
11610	22	21816	364	145	364	145
11610	23	22809	380	152	380	152
11610	24	23801	397	159	397	159
11610	25	24792	413	165	413	165
11610	26	25784	430	172	430	172
11610	27	26775	447	179	447	179
11610	28	27767	463	185	463	185
11610	29	28758	480	192	480	192
11610	30	29750	496	198	496	198
11610	31	30741	513	205	513	205
11610	32	31734	529	212	529	212
11610	33	32726	546	218	546	218
11610	34	33717	562	225	562	225
11610	35	34709	579	231	579	231
11610	36	35700	595	238	595	238
11610	37	36692	612	245	612	245
11610	38	37683	628	251	628	251
11610	39	38675	645	258	645	258
11610	40	39666	661	264	661	264
11610	41	40659	678	271	678	271
11610	42	41651	694	278	694	278
11610	43	42642	711	284	711	284
11610	44	43634	727	291	727	291
11610	45	44625	744	298	744	298
11610	46	45617	761	304	761	304
11610	47	46608	777	311	777	311
11610	48	47600	794	317	794	317
11610	49	48591	810	324	810	324
11610	50	49584	827	331	827	331
11610	51	50576	843	337	843	337
11610	52	51567	860	344	860	344
11610	53	52559	876	350	876	350
11610	54	53550	893	357	893	357
11610	55	54542	909	364	909	364
11610	56	55533	926	370	926	370
11610	57	56525	942	377	942	377
11610	58	57516	959	383	959	383
11610	59	58509	975	390	975	390
11610	60	59501	992	397	992	397
11610	61	60492	1008	403	1008	403
11610	62	61484	1025	410	1025	410
11610	63	62475	1042	417	1042	417
11610	64	63467	1058	423	1058	423
11610	65	64458	1075	430	1075	430
11610	66	65450	1091	436	1091	436
11610	67	66441	1108	443	1108	443
11610	68	67434	1124	450	1124	450
11610	69	68426	1141	456	1141	456
11610	70	69417	1157	463	1157	463
11610	71	70409	1174	469	1174	469
11610	72	71400	1190	476	1190	476
11610	73	72392	1207	483	1207	483
11610	74	73383	1223	489	1223	489
11610	75	74375	1240	496	1240	496
11610	76	75366	1256	502	1256	502
11610	77	76359	1273	509	1273	509
11610	78	77351	1289	516	1289	516
11610	79	78342	1306	522	1306	522
11610	80	79334	1322	529	1322	529
11610	81	80325	1339	536	1339	536
11610	82	81317	1356	542	1356	542
11610	83	82308	1372	549	1372	549
11610	84	83300	1389	555	1389	555
11610	85	84291	1405	562	1405	562
11610	86	85284	1422	569	1422	569
11610	87	86276	1438	575	1438	575
11610	88	87267	1455	582	1455	582
11610	89	88259	1471	588	1471	588
11610	90	89250	1488	595	1488	595
11610	91	90242	1504	602	1504	602
11610	92	91233	1521	608	1521	608
11610	93	92225	1537	615	1537	615
11610	94	93216	1554	621	1554	621
11610	95	94209	1570	628	1570	628
11610	96	95201	1587	635	1587	635
11610	97	96192	1603	641	1603	641
11610	98	97184	1620	648	1620	648
11610	99	98175	1637	655	1637	655
11610	100	99167	1653	661	1653	661
11611	1	992	17	7	17	7
11611	2	1983	33	13	33	13
11611	3	2975	50	20	50	20
11611	4	3966	66	26	66	26
11611	5	4959	83	33	83	33
11611	6	5951	99	40	99	40
11611	7	6942	116	46	116	46
11611	8	7934	132	53	132	53
11611	9	8925	149	60	149	60
11611	10	9917	166	66	166	66
11611	11	10908	182	73	182	73
11611	12	11900	199	79	199	79
11611	13	12891	215	86	215	86
11611	14	13884	232	93	232	93
11611	15	14876	248	99	248	99
11611	16	15867	265	106	265	106
11611	17	16859	281	112	281	112
11611	18	17850	298	119	298	119
11611	19	18842	314	126	314	126
11611	20	19833	331	132	331	132
11611	21	20825	347	139	347	139
11611	22	21816	364	145	364	145
11611	23	22809	380	152	380	152
11611	24	23801	397	159	397	159
11611	25	24792	413	165	413	165
11611	26	25784	430	172	430	172
11611	27	26775	447	179	447	179
11611	28	27767	463	185	463	185
11611	29	28758	480	192	480	192
11611	30	29750	496	198	496	198
11611	31	30741	513	205	513	205
11611	32	31734	529	212	529	212
11611	33	32726	546	218	546	218
11611	34	33717	562	225	562	225
11611	35	34709	579	231	579	231
11611	36	35700	595	238	595	238
11611	37	36692	612	245	612	245
11611	38	37683	628	251	628	251
11611	39	38675	645	258	645	258
11611	40	39666	661	264	661	264
11611	41	40659	678	271	678	271
11611	42	41651	694	278	694	278
11611	43	42642	711	284	711	284
11611	44	43634	727	291	727	291
11611	45	44625	744	298	744	298
11611	46	45617	761	304	761	304
11611	47	46608	777	311	777	311
11611	48	47600	794	317	794	317
11611	49	48591	810	324	810	324
11611	50	49584	827	331	827	331
11611	51	50576	843	337	843	337
11611	52	51567	860	344	860	344
11611	53	52559	876	350	876	350
11611	54	53550	893	357	893	357
11611	55	54542	909	364	909	364
11611	56	55533	926	370	926	370
11611	57	56525	942	377	942	377
11611	58	57516	959	383	959	383
11611	59	58509	975	390	975	390
11611	60	59501	992	397	992	397
11611	61	60492	1008	403	1008	403
11611	62	61484	1025	410	1025	410
11611	63	62475	1042	417	1042	417
11611	64	63467	1058	423	1058	423
11611	65	64458	1075	430	1075	430
11611	66	65450	1091	436	1091	436
11611	67	66441	1108	443	1108	443
11611	68	67434	1124	450	1124	450
11611	69	68426	1141	456	1141	456
11611	70	69417	1157	463	1157	463
11611	71	70409	1174	469	1174	469
11611	72	71400	1190	476	1190	476
11611	73	72392	1207	483	1207	483
11611	74	73383	1223	489	1223	489
11611	75	74375	1240	496	1240	496
11611	76	75366	1256	502	1256	502
11611	77	76359	1273	509	1273	509
11611	78	77351	1289	516	1289	516
11611	79	78342	1306	522	1306	522
11611	80	79334	1322	529	1322	529
11611	81	80325	1339	536	1339	536
11611	82	81317	1356	542	1356	542
11611	83	82308	1372	549	1372	549
11611	84	83300	1389	555	1389	555
11611	85	84291	1405	562	1405	562
11611	86	85284	1422	569	1422	569
11611	87	86276	1438	575	1438	575
11611	88	87267	1455	582	1455	582
11611	89	88259	1471	588	1471	588
11611	90	89250	1488	595	1488	595
11611	91	90242	1504	602	1504	602
11611	92	91233	1521	608	1521	608
11611	93	92225	1537	615	1537	615
11611	94	93216	1554	621	1554	621
11611	95	94209	1570	628	1570	628
11611	96	95201	1587	635	1587	635
11611	97	96192	1603	641	1603	641
11611	98	97184	1620	648	1620	648
11611	99	98175	1637	655	1637	655
11611	100	99167	1653	661	1653	661
11612	1	661	33	11	33	4
11612	2	1322	66	20	66	7
11612	3	1983	99	30	99	10
11612	4	2644	132	39	132	13
11612	5	3306	165	50	165	17
11612	6	3967	198	60	198	20
11612	7	4628	231	69	231	23
11612	8	5289	264	80	264	27
11612	9	5950	298	90	298	30
11612	10	6611	331	99	331	33
11612	11	7272	364	110	364	37
11612	12	7933	397	119	397	40
11612	13	8594	430	129	430	43
11612	14	9256	463	140	463	47
11612	15	9917	496	149	496	50
11612	16	10578	529	159	529	53
11612	17	11239	562	168	562	56
11612	18	11900	595	179	595	60
11612	19	12561	628	189	628	63
11612	20	13222	661	198	661	66
11612	21	13883	694	209	694	70
11612	22	14544	727	218	727	73
11612	23	15206	760	228	760	76
11612	24	15867	793	239	793	80
11612	25	16528	826	248	826	83
11612	26	17189	859	258	859	86
11612	27	17850	893	269	893	90
11612	28	18511	926	278	926	93
11612	29	19172	959	288	959	96
11612	30	19833	992	297	992	99
11612	31	20494	1025	308	1025	103
11612	32	21156	1058	318	1058	106
11612	33	21817	1091	327	1091	109
11612	34	22478	1124	338	1124	113
11612	35	23139	1157	347	1157	116
11612	36	23800	1190	357	1190	119
11612	37	24461	1223	368	1223	123
11612	38	25122	1256	377	1256	126
11612	39	25783	1289	387	1289	129
11612	40	26444	1322	396	1322	132
11612	41	27106	1355	407	1355	136
11612	42	27767	1388	417	1388	139
11612	43	28428	1421	426	1421	142
11612	44	29089	1454	437	1454	146
11612	45	29750	1488	447	1488	149
11612	46	30411	1521	456	1521	152
11612	47	31072	1554	467	1554	156
11612	48	31733	1587	476	1587	159
11612	49	32394	1620	486	1620	162
11612	50	33056	1653	497	1653	166
11612	51	33717	1686	506	1686	169
11612	52	34378	1719	516	1719	172
11612	53	35039	1752	525	1752	175
11612	54	35700	1785	536	1785	179
11612	55	36361	1818	546	1818	182
11612	56	37022	1851	555	1851	185
11612	57	37683	1884	566	1884	189
11612	58	38344	1917	575	1917	192
11612	59	39006	1950	585	1950	195
11612	60	39667	1983	596	1983	199
11612	61	40328	2016	605	2016	202
11612	62	40989	2049	615	2049	205
11612	63	41650	2083	626	2083	209
11612	64	42311	2116	635	2116	212
11612	65	42972	2149	645	2149	215
11612	66	43633	2182	654	2182	218
11612	67	44294	2215	665	2215	222
11612	68	44956	2248	675	2248	225
11612	69	45617	2281	684	2281	228
11612	70	46278	2314	695	2314	232
11612	71	46939	2347	704	2347	235
11612	72	47600	2380	714	2380	238
11612	73	48261	2413	725	2413	242
11612	74	48922	2446	734	2446	245
11612	75	49583	2479	744	2479	248
11612	76	50244	2512	753	2512	251
11612	77	50906	2545	764	2545	255
11612	78	51567	2578	774	2578	258
11612	79	52228	2611	783	2611	261
11612	80	52889	2644	794	2644	265
11612	81	53550	2678	804	2678	268
11612	82	54211	2711	813	2711	271
11612	83	54872	2744	824	2744	275
11612	84	55533	2777	833	2777	278
11612	85	56194	2810	843	2810	281
11612	86	56856	2843	854	2843	285
11612	87	57517	2876	863	2876	288
11612	88	58178	2909	873	2909	291
11612	89	58839	2942	882	2942	294
11612	90	59500	2975	893	2975	298
11612	91	60161	3008	903	3008	301
11612	92	60822	3041	912	3041	304
11612	93	61483	3074	923	3074	308
11612	94	62144	3107	932	3107	311
11612	95	62806	3140	942	3140	314
11612	96	63467	3173	953	3173	318
11612	97	64128	3206	962	3206	321
11612	98	64789	3239	972	3239	324
11612	99	65450	3273	983	3273	328
11612	100	66111	3306	992	3306	331
11613	1	661	33	11	33	4
11613	2	1322	66	20	66	7
11613	3	1983	99	30	99	10
11613	4	2644	132	39	132	13
11613	5	3306	165	50	165	17
11613	6	3967	198	60	198	20
11613	7	4628	231	69	231	23
11613	8	5289	264	80	264	27
11613	9	5950	298	90	298	30
11613	10	6611	331	99	331	33
11613	11	7272	364	110	364	37
11613	12	7933	397	119	397	40
11613	13	8594	430	129	430	43
11613	14	9256	463	140	463	47
11613	15	9917	496	149	496	50
11613	16	10578	529	159	529	53
11613	17	11239	562	168	562	56
11613	18	11900	595	179	595	60
11613	19	12561	628	189	628	63
11613	20	13222	661	198	661	66
11613	21	13883	694	209	694	70
11613	22	14544	727	218	727	73
11613	23	15206	760	228	760	76
11613	24	15867	793	239	793	80
11613	25	16528	826	248	826	83
11613	26	17189	859	258	859	86
11613	27	17850	893	269	893	90
11613	28	18511	926	278	926	93
11613	29	19172	959	288	959	96
11613	30	19833	992	297	992	99
11613	31	20494	1025	308	1025	103
11613	32	21156	1058	318	1058	106
11613	33	21817	1091	327	1091	109
11613	34	22478	1124	338	1124	113
11613	35	23139	1157	347	1157	116
11613	36	23800	1190	357	1190	119
11613	37	24461	1223	368	1223	123
11613	38	25122	1256	377	1256	126
11613	39	25783	1289	387	1289	129
11613	40	26444	1322	396	1322	132
11613	41	27106	1355	407	1355	136
11613	42	27767	1388	417	1388	139
11613	43	28428	1421	426	1421	142
11613	44	29089	1454	437	1454	146
11613	45	29750	1488	447	1488	149
11613	46	30411	1521	456	1521	152
11613	47	31072	1554	467	1554	156
11613	48	31733	1587	476	1587	159
11613	49	32394	1620	486	1620	162
11613	50	33056	1653	497	1653	166
11613	51	33717	1686	506	1686	169
11613	52	34378	1719	516	1719	172
11613	53	35039	1752	525	1752	175
11613	54	35700	1785	536	1785	179
11613	55	36361	1818	546	1818	182
11613	56	37022	1851	555	1851	185
11613	57	37683	1884	566	1884	189
11613	58	38344	1917	575	1917	192
11613	59	39006	1950	585	1950	195
11613	60	39667	1983	596	1983	199
11613	61	40328	2016	605	2016	202
11613	62	40989	2049	615	2049	205
11613	63	41650	2083	626	2083	209
11613	64	42311	2116	635	2116	212
11613	65	42972	2149	645	2149	215
11613	66	43633	2182	654	2182	218
11613	67	44294	2215	665	2215	222
11613	68	44956	2248	675	2248	225
11613	69	45617	2281	684	2281	228
11613	70	46278	2314	695	2314	232
11613	71	46939	2347	704	2347	235
11613	72	47600	2380	714	2380	238
11613	73	48261	2413	725	2413	242
11613	74	48922	2446	734	2446	245
11613	75	49583	2479	744	2479	248
11613	76	50244	2512	753	2512	251
11613	77	50906	2545	764	2545	255
11613	78	51567	2578	774	2578	258
11613	79	52228	2611	783	2611	261
11613	80	52889	2644	794	2644	265
11613	81	53550	2678	804	2678	268
11613	82	54211	2711	813	2711	271
11613	83	54872	2744	824	2744	275
11613	84	55533	2777	833	2777	278
11613	85	56194	2810	843	2810	281
11613	86	56856	2843	854	2843	285
11613	87	57517	2876	863	2876	288
11613	88	58178	2909	873	2909	291
11613	89	58839	2942	882	2942	294
11613	90	59500	2975	893	2975	298
11613	91	60161	3008	903	3008	301
11613	92	60822	3041	912	3041	304
11613	93	61483	3074	923	3074	308
11613	94	62144	3107	932	3107	311
11613	95	62806	3140	942	3140	314
11613	96	63467	3173	953	3173	318
11613	97	64128	3206	962	3206	321
11613	98	64789	3239	972	3239	324
11613	99	65450	3273	983	3273	328
11613	100	66111	3306	992	3306	331
11614	1	661	33	11	33	4
11614	2	1322	66	20	66	7
11614	3	1983	99	30	99	10
11614	4	2644	132	39	132	13
11614	5	3306	165	50	165	17
11614	6	3967	198	60	198	20
11614	7	4628	231	69	231	23
11614	8	5289	264	80	264	27
11614	9	5950	298	90	298	30
11614	10	6611	331	99	331	33
11614	11	7272	364	110	364	37
11614	12	7933	397	119	397	40
11614	13	8594	430	129	430	43
11614	14	9256	463	140	463	47
11614	15	9917	496	149	496	50
11614	16	10578	529	159	529	53
11614	17	11239	562	168	562	56
11614	18	11900	595	179	595	60
11614	19	12561	628	189	628	63
11614	20	13222	661	198	661	66
11614	21	13883	694	209	694	70
11614	22	14544	727	218	727	73
11614	23	15206	760	228	760	76
11614	24	15867	793	239	793	80
11614	25	16528	826	248	826	83
11614	26	17189	859	258	859	86
11614	27	17850	893	269	893	90
11614	28	18511	926	278	926	93
11614	29	19172	959	288	959	96
11614	30	19833	992	297	992	99
11614	31	20494	1025	308	1025	103
11614	32	21156	1058	318	1058	106
11614	33	21817	1091	327	1091	109
11614	34	22478	1124	338	1124	113
11614	35	23139	1157	347	1157	116
11614	36	23800	1190	357	1190	119
11614	37	24461	1223	368	1223	123
11614	38	25122	1256	377	1256	126
11614	39	25783	1289	387	1289	129
11614	40	26444	1322	396	1322	132
11614	41	27106	1355	407	1355	136
11614	42	27767	1388	417	1388	139
11614	43	28428	1421	426	1421	142
11614	44	29089	1454	437	1454	146
11614	45	29750	1488	447	1488	149
11614	46	30411	1521	456	1521	152
11614	47	31072	1554	467	1554	156
11614	48	31733	1587	476	1587	159
11614	49	32394	1620	486	1620	162
11614	50	33056	1653	497	1653	166
11614	51	33717	1686	506	1686	169
11614	52	34378	1719	516	1719	172
11614	53	35039	1752	525	1752	175
11614	54	35700	1785	536	1785	179
11614	55	36361	1818	546	1818	182
11614	56	37022	1851	555	1851	185
11614	57	37683	1884	566	1884	189
11614	58	38344	1917	575	1917	192
11614	59	39006	1950	585	1950	195
11614	60	39667	1983	596	1983	199
11614	61	40328	2016	605	2016	202
11614	62	40989	2049	615	2049	205
11614	63	41650	2083	626	2083	209
11614	64	42311	2116	635	2116	212
11614	65	42972	2149	645	2149	215
11614	66	43633	2182	654	2182	218
11614	67	44294	2215	665	2215	222
11614	68	44956	2248	675	2248	225
11614	69	45617	2281	684	2281	228
11614	70	46278	2314	695	2314	232
11614	71	46939	2347	704	2347	235
11614	72	47600	2380	714	2380	238
11614	73	48261	2413	725	2413	242
11614	74	48922	2446	734	2446	245
11614	75	49583	2479	744	2479	248
11614	76	50244	2512	753	2512	251
11614	77	50906	2545	764	2545	255
11614	78	51567	2578	774	2578	258
11614	79	52228	2611	783	2611	261
11614	80	52889	2644	794	2644	265
11614	81	53550	2678	804	2678	268
11614	82	54211	2711	813	2711	271
11614	83	54872	2744	824	2744	275
11614	84	55533	2777	833	2777	278
11614	85	56194	2810	843	2810	281
11614	86	56856	2843	854	2843	285
11614	87	57517	2876	863	2876	288
11614	88	58178	2909	873	2909	291
11614	89	58839	2942	882	2942	294
11614	90	59500	2975	893	2975	298
11614	91	60161	3008	903	3008	301
11614	92	60822	3041	912	3041	304
11614	93	61483	3074	923	3074	308
11614	94	62144	3107	932	3107	311
11614	95	62806	3140	942	3140	314
11614	96	63467	3173	953	3173	318
11614	97	64128	3206	962	3206	321
11614	98	64789	3239	972	3239	324
11614	99	65450	3273	983	3273	328
11614	100	66111	3306	992	3306	331
11615	1	661	33	11	33	4
11615	2	1322	66	20	66	7
11615	3	1983	99	30	99	10
11615	4	2644	132	39	132	13
11615	5	3306	165	50	165	17
11615	6	3967	198	60	198	20
11615	7	4628	231	69	231	23
11615	8	5289	264	80	264	27
11615	9	5950	298	90	298	30
11615	10	6611	331	99	331	33
11615	11	7272	364	110	364	37
11615	12	7933	397	119	397	40
11615	13	8594	430	129	430	43
11615	14	9256	463	140	463	47
11615	15	9917	496	149	496	50
11615	16	10578	529	159	529	53
11615	17	11239	562	168	562	56
11615	18	11900	595	179	595	60
11615	19	12561	628	189	628	63
11615	20	13222	661	198	661	66
11615	21	13883	694	209	694	70
11615	22	14544	727	218	727	73
11615	23	15206	760	228	760	76
11615	24	15867	793	239	793	80
11615	25	16528	826	248	826	83
11615	26	17189	859	258	859	86
11615	27	17850	893	269	893	90
11615	28	18511	926	278	926	93
11615	29	19172	959	288	959	96
11615	30	19833	992	297	992	99
11615	31	20494	1025	308	1025	103
11615	32	21156	1058	318	1058	106
11615	33	21817	1091	327	1091	109
11615	34	22478	1124	338	1124	113
11615	35	23139	1157	347	1157	116
11615	36	23800	1190	357	1190	119
11615	37	24461	1223	368	1223	123
11615	38	25122	1256	377	1256	126
11615	39	25783	1289	387	1289	129
11615	40	26444	1322	396	1322	132
11615	41	27106	1355	407	1355	136
11615	42	27767	1388	417	1388	139
11615	43	28428	1421	426	1421	142
11615	44	29089	1454	437	1454	146
11615	45	29750	1488	447	1488	149
11615	46	30411	1521	456	1521	152
11615	47	31072	1554	467	1554	156
11615	48	31733	1587	476	1587	159
11615	49	32394	1620	486	1620	162
11615	50	33056	1653	497	1653	166
11615	51	33717	1686	506	1686	169
11615	52	34378	1719	516	1719	172
11615	53	35039	1752	525	1752	175
11615	54	35700	1785	536	1785	179
11615	55	36361	1818	546	1818	182
11615	56	37022	1851	555	1851	185
11615	57	37683	1884	566	1884	189
11615	58	38344	1917	575	1917	192
11615	59	39006	1950	585	1950	195
11615	60	39667	1983	596	1983	199
11615	61	40328	2016	605	2016	202
11615	62	40989	2049	615	2049	205
11615	63	41650	2083	626	2083	209
11615	64	42311	2116	635	2116	212
11615	65	42972	2149	645	2149	215
11615	66	43633	2182	654	2182	218
11615	67	44294	2215	665	2215	222
11615	68	44956	2248	675	2248	225
11615	69	45617	2281	684	2281	228
11615	70	46278	2314	695	2314	232
11615	71	46939	2347	704	2347	235
11615	72	47600	2380	714	2380	238
11615	73	48261	2413	725	2413	242
11615	74	48922	2446	734	2446	245
11615	75	49583	2479	744	2479	248
11615	76	50244	2512	753	2512	251
11615	77	50906	2545	764	2545	255
11615	78	51567	2578	774	2578	258
11615	79	52228	2611	783	2611	261
11615	80	52889	2644	794	2644	265
11615	81	53550	2678	804	2678	268
11615	82	54211	2711	813	2711	271
11615	83	54872	2744	824	2744	275
11615	84	55533	2777	833	2777	278
11615	85	56194	2810	843	2810	281
11615	86	56856	2843	854	2843	285
11615	87	57517	2876	863	2876	288
11615	88	58178	2909	873	2909	291
11615	89	58839	2942	882	2942	294
11615	90	59500	2975	893	2975	298
11615	91	60161	3008	903	3008	301
11615	92	60822	3041	912	3041	304
11615	93	61483	3074	923	3074	308
11615	94	62144	3107	932	3107	311
11615	95	62806	3140	942	3140	314
11615	96	63467	3173	953	3173	318
11615	97	64128	3206	962	3206	321
11615	98	64789	3239	972	3239	324
11615	99	65450	3273	983	3273	328
11615	100	66111	3306	992	3306	331
11616	1	661	33	11	33	4
11616	2	1322	66	20	66	7
11616	3	1983	99	30	99	10
11616	4	2644	132	39	132	13
11616	5	3306	165	50	165	17
11616	6	3967	198	60	198	20
11616	7	4628	231	69	231	23
11616	8	5289	264	80	264	27
11616	9	5950	298	90	298	30
11616	10	6611	331	99	331	33
11616	11	7272	364	110	364	37
11616	12	7933	397	119	397	40
11616	13	8594	430	129	430	43
11616	14	9256	463	140	463	47
11616	15	9917	496	149	496	50
11616	16	10578	529	159	529	53
11616	17	11239	562	168	562	56
11616	18	11900	595	179	595	60
11616	19	12561	628	189	628	63
11616	20	13222	661	198	661	66
11616	21	13883	694	209	694	70
11616	22	14544	727	218	727	73
11616	23	15206	760	228	760	76
11616	24	15867	793	239	793	80
11616	25	16528	826	248	826	83
11616	26	17189	859	258	859	86
11616	27	17850	893	269	893	90
11616	28	18511	926	278	926	93
11616	29	19172	959	288	959	96
11616	30	19833	992	297	992	99
11616	31	20494	1025	308	1025	103
11616	32	21156	1058	318	1058	106
11616	33	21817	1091	327	1091	109
11616	34	22478	1124	338	1124	113
11616	35	23139	1157	347	1157	116
11616	36	23800	1190	357	1190	119
11616	37	24461	1223	368	1223	123
11616	38	25122	1256	377	1256	126
11616	39	25783	1289	387	1289	129
11616	40	26444	1322	396	1322	132
11616	41	27106	1355	407	1355	136
11616	42	27767	1388	417	1388	139
11616	43	28428	1421	426	1421	142
11616	44	29089	1454	437	1454	146
11616	45	29750	1488	447	1488	149
11616	46	30411	1521	456	1521	152
11616	47	31072	1554	467	1554	156
11616	48	31733	1587	476	1587	159
11616	49	32394	1620	486	1620	162
11616	50	33056	1653	497	1653	166
11616	51	33717	1686	506	1686	169
11616	52	34378	1719	516	1719	172
11616	53	35039	1752	525	1752	175
11616	54	35700	1785	536	1785	179
11616	55	36361	1818	546	1818	182
11616	56	37022	1851	555	1851	185
11616	57	37683	1884	566	1884	189
11616	58	38344	1917	575	1917	192
11616	59	39006	1950	585	1950	195
11616	60	39667	1983	596	1983	199
11616	61	40328	2016	605	2016	202
11616	62	40989	2049	615	2049	205
11616	63	41650	2083	626	2083	209
11616	64	42311	2116	635	2116	212
11616	65	42972	2149	645	2149	215
11616	66	43633	2182	654	2182	218
11616	67	44294	2215	665	2215	222
11616	68	44956	2248	675	2248	225
11616	69	45617	2281	684	2281	228
11616	70	46278	2314	695	2314	232
11616	71	46939	2347	704	2347	235
11616	72	47600	2380	714	2380	238
11616	73	48261	2413	725	2413	242
11616	74	48922	2446	734	2446	245
11616	75	49583	2479	744	2479	248
11616	76	50244	2512	753	2512	251
11616	77	50906	2545	764	2545	255
11616	78	51567	2578	774	2578	258
11616	79	52228	2611	783	2611	261
11616	80	52889	2644	794	2644	265
11616	81	53550	2678	804	2678	268
11616	82	54211	2711	813	2711	271
11616	83	54872	2744	824	2744	275
11616	84	55533	2777	833	2777	278
11616	85	56194	2810	843	2810	281
11616	86	56856	2843	854	2843	285
11616	87	57517	2876	863	2876	288
11616	88	58178	2909	873	2909	291
11616	89	58839	2942	882	2942	294
11616	90	59500	2975	893	2975	298
11616	91	60161	3008	903	3008	301
11616	92	60822	3041	912	3041	304
11616	93	61483	3074	923	3074	308
11616	94	62144	3107	932	3107	311
11616	95	62806	3140	942	3140	314
11616	96	63467	3173	953	3173	318
11616	97	64128	3206	962	3206	321
11616	98	64789	3239	972	3239	324
11616	99	65450	3273	983	3273	328
11616	100	66111	3306	992	3306	331
11617	1	661	33	4	33	11
11617	2	1322	66	7	66	20
11617	3	1983	99	10	99	30
11617	4	2644	132	13	132	39
11617	5	3306	165	17	165	50
11617	6	3967	198	20	198	60
11617	7	4628	231	23	231	69
11617	8	5289	264	27	264	80
11617	9	5950	298	30	298	90
11617	10	6611	331	33	331	99
11617	11	7272	364	37	364	110
11617	12	7933	397	40	397	119
11617	13	8594	430	43	430	129
11617	14	9256	463	47	463	140
11617	15	9917	496	50	496	149
11617	16	10578	529	53	529	159
11617	17	11239	562	56	562	168
11617	18	11900	595	60	595	179
11617	19	12561	628	63	628	189
11617	20	13222	661	66	661	198
11617	21	13883	694	70	694	209
11617	22	14544	727	73	727	218
11617	23	15206	760	76	760	228
11617	24	15867	793	80	793	239
11617	25	16528	826	83	826	248
11617	26	17189	859	86	859	258
11617	27	17850	893	90	893	269
11617	28	18511	926	93	926	278
11617	29	19172	959	96	959	288
11617	30	19833	992	99	992	297
11617	31	20494	1025	103	1025	308
11617	32	21156	1058	106	1058	318
11617	33	21817	1091	109	1091	327
11617	34	22478	1124	113	1124	338
11617	35	23139	1157	116	1157	347
11617	36	23800	1190	119	1190	357
11617	37	24461	1223	123	1223	368
11617	38	25122	1256	126	1256	377
11617	39	25783	1289	129	1289	387
11617	40	26444	1322	132	1322	396
11617	41	27106	1355	136	1355	407
11617	42	27767	1388	139	1388	417
11617	43	28428	1421	142	1421	426
11617	44	29089	1454	146	1454	437
11617	45	29750	1488	149	1488	447
11617	46	30411	1521	152	1521	456
11617	47	31072	1554	156	1554	467
11617	48	31733	1587	159	1587	476
11617	49	32394	1620	162	1620	486
11617	50	33056	1653	166	1653	497
11617	51	33717	1686	169	1686	506
11617	52	34378	1719	172	1719	516
11617	53	35039	1752	175	1752	525
11617	54	35700	1785	179	1785	536
11617	55	36361	1818	182	1818	546
11617	56	37022	1851	185	1851	555
11617	57	37683	1884	189	1884	566
11617	58	38344	1917	192	1917	575
11617	59	39006	1950	195	1950	585
11617	60	39667	1983	199	1983	596
11617	61	40328	2016	202	2016	605
11617	62	40989	2049	205	2049	615
11617	63	41650	2083	209	2083	626
11617	64	42311	2116	212	2116	635
11617	65	42972	2149	215	2149	645
11617	66	43633	2182	218	2182	654
11617	67	44294	2215	222	2215	665
11617	68	44956	2248	225	2248	675
11617	69	45617	2281	228	2281	684
11617	70	46278	2314	232	2314	695
11617	71	46939	2347	235	2347	704
11617	72	47600	2380	238	2380	714
11617	73	48261	2413	242	2413	725
11617	74	48922	2446	245	2446	734
11617	75	49583	2479	248	2479	744
11617	76	50244	2512	251	2512	753
11617	77	50906	2545	255	2545	764
11617	78	51567	2578	258	2578	774
11617	79	52228	2611	261	2611	783
11617	80	52889	2644	265	2644	794
11617	81	53550	2678	268	2678	804
11617	82	54211	2711	271	2711	813
11617	83	54872	2744	275	2744	824
11617	84	55533	2777	278	2777	833
11617	85	56194	2810	281	2810	843
11617	86	56856	2843	285	2843	854
11617	87	57517	2876	288	2876	863
11617	88	58178	2909	291	2909	873
11617	89	58839	2942	294	2942	882
11617	90	59500	2975	298	2975	893
11617	91	60161	3008	301	3008	903
11617	92	60822	3041	304	3041	912
11617	93	61483	3074	308	3074	923
11617	94	62144	3107	311	3107	932
11617	95	62806	3140	314	3140	942
11617	96	63467	3173	318	3173	953
11617	97	64128	3206	321	3206	962
11617	98	64789	3239	324	3239	972
11617	99	65450	3273	328	3273	983
11617	100	66111	3306	331	3306	992
11618	1	661	33	4	33	11
11618	2	1322	66	7	66	20
11618	3	1983	99	10	99	30
11618	4	2644	132	13	132	39
11618	5	3306	165	17	165	50
11618	6	3967	198	20	198	60
11618	7	4628	231	23	231	69
11618	8	5289	264	27	264	80
11618	9	5950	298	30	298	90
11618	10	6611	331	33	331	99
11618	11	7272	364	37	364	110
11618	12	7933	397	40	397	119
11618	13	8594	430	43	430	129
11618	14	9256	463	47	463	140
11618	15	9917	496	50	496	149
11618	16	10578	529	53	529	159
11618	17	11239	562	56	562	168
11618	18	11900	595	60	595	179
11618	19	12561	628	63	628	189
11618	20	13222	661	66	661	198
11618	21	13883	694	70	694	209
11618	22	14544	727	73	727	218
11618	23	15206	760	76	760	228
11618	24	15867	793	80	793	239
11618	25	16528	826	83	826	248
11618	26	17189	859	86	859	258
11618	27	17850	893	90	893	269
11618	28	18511	926	93	926	278
11618	29	19172	959	96	959	288
11618	30	19833	992	99	992	297
11618	31	20494	1025	103	1025	308
11618	32	21156	1058	106	1058	318
11618	33	21817	1091	109	1091	327
11618	34	22478	1124	113	1124	338
11618	35	23139	1157	116	1157	347
11618	36	23800	1190	119	1190	357
11618	37	24461	1223	123	1223	368
11618	38	25122	1256	126	1256	377
11618	39	25783	1289	129	1289	387
11618	40	26444	1322	132	1322	396
11618	41	27106	1355	136	1355	407
11618	42	27767	1388	139	1388	417
11618	43	28428	1421	142	1421	426
11618	44	29089	1454	146	1454	437
11618	45	29750	1488	149	1488	447
11618	46	30411	1521	152	1521	456
11618	47	31072	1554	156	1554	467
11618	48	31733	1587	159	1587	476
11618	49	32394	1620	162	1620	486
11618	50	33056	1653	166	1653	497
11618	51	33717	1686	169	1686	506
11618	52	34378	1719	172	1719	516
11618	53	35039	1752	175	1752	525
11618	54	35700	1785	179	1785	536
11618	55	36361	1818	182	1818	546
11618	56	37022	1851	185	1851	555
11618	57	37683	1884	189	1884	566
11618	58	38344	1917	192	1917	575
11618	59	39006	1950	195	1950	585
11618	60	39667	1983	199	1983	596
11618	61	40328	2016	202	2016	605
11618	62	40989	2049	205	2049	615
11618	63	41650	2083	209	2083	626
11618	64	42311	2116	212	2116	635
11618	65	42972	2149	215	2149	645
11618	66	43633	2182	218	2182	654
11618	67	44294	2215	222	2215	665
11618	68	44956	2248	225	2248	675
11618	69	45617	2281	228	2281	684
11618	70	46278	2314	232	2314	695
11618	71	46939	2347	235	2347	704
11618	72	47600	2380	238	2380	714
11618	73	48261	2413	242	2413	725
11618	74	48922	2446	245	2446	734
11618	75	49583	2479	248	2479	744
11618	76	50244	2512	251	2512	753
11618	77	50906	2545	255	2545	764
11618	78	51567	2578	258	2578	774
11618	79	52228	2611	261	2611	783
11618	80	52889	2644	265	2644	794
11618	81	53550	2678	268	2678	804
11618	82	54211	2711	271	2711	813
11618	83	54872	2744	275	2744	824
11618	84	55533	2777	278	2777	833
11618	85	56194	2810	281	2810	843
11618	86	56856	2843	285	2843	854
11618	87	57517	2876	288	2876	863
11618	88	58178	2909	291	2909	873
11618	89	58839	2942	294	2942	882
11618	90	59500	2975	298	2975	893
11618	91	60161	3008	301	3008	903
11618	92	60822	3041	304	3041	912
11618	93	61483	3074	308	3074	923
11618	94	62144	3107	311	3107	932
11618	95	62806	3140	314	3140	942
11618	96	63467	3173	318	3173	953
11618	97	64128	3206	321	3206	962
11618	98	64789	3239	324	3239	972
11618	99	65450	3273	328	3273	983
11618	100	66111	3306	331	3306	992
11619	1	661	33	4	33	11
11619	2	1322	66	7	66	20
11619	3	1983	99	10	99	30
11619	4	2644	132	13	132	39
11619	5	3306	165	17	165	50
11619	6	3967	198	20	198	60
11619	7	4628	231	23	231	69
11619	8	5289	264	27	264	80
11619	9	5950	298	30	298	90
11619	10	6611	331	33	331	99
11619	11	7272	364	37	364	110
11619	12	7933	397	40	397	119
11619	13	8594	430	43	430	129
11619	14	9256	463	47	463	140
11619	15	9917	496	50	496	149
11619	16	10578	529	53	529	159
11619	17	11239	562	56	562	168
11619	18	11900	595	60	595	179
11619	19	12561	628	63	628	189
11619	20	13222	661	66	661	198
11619	21	13883	694	70	694	209
11619	22	14544	727	73	727	218
11619	23	15206	760	76	760	228
11619	24	15867	793	80	793	239
11619	25	16528	826	83	826	248
11619	26	17189	859	86	859	258
11619	27	17850	893	90	893	269
11619	28	18511	926	93	926	278
11619	29	19172	959	96	959	288
11619	30	19833	992	99	992	297
11619	31	20494	1025	103	1025	308
11619	32	21156	1058	106	1058	318
11619	33	21817	1091	109	1091	327
11619	34	22478	1124	113	1124	338
11619	35	23139	1157	116	1157	347
11619	36	23800	1190	119	1190	357
11619	37	24461	1223	123	1223	368
11619	38	25122	1256	126	1256	377
11619	39	25783	1289	129	1289	387
11619	40	26444	1322	132	1322	396
11619	41	27106	1355	136	1355	407
11619	42	27767	1388	139	1388	417
11619	43	28428	1421	142	1421	426
11619	44	29089	1454	146	1454	437
11619	45	29750	1488	149	1488	447
11619	46	30411	1521	152	1521	456
11619	47	31072	1554	156	1554	467
11619	48	31733	1587	159	1587	476
11619	49	32394	1620	162	1620	486
11619	50	33056	1653	166	1653	497
11619	51	33717	1686	169	1686	506
11619	52	34378	1719	172	1719	516
11619	53	35039	1752	175	1752	525
11619	54	35700	1785	179	1785	536
11619	55	36361	1818	182	1818	546
11619	56	37022	1851	185	1851	555
11619	57	37683	1884	189	1884	566
11619	58	38344	1917	192	1917	575
11619	59	39006	1950	195	1950	585
11619	60	39667	1983	199	1983	596
11619	61	40328	2016	202	2016	605
11619	62	40989	2049	205	2049	615
11619	63	41650	2083	209	2083	626
11619	64	42311	2116	212	2116	635
11619	65	42972	2149	215	2149	645
11619	66	43633	2182	218	2182	654
11619	67	44294	2215	222	2215	665
11619	68	44956	2248	225	2248	675
11619	69	45617	2281	228	2281	684
11619	70	46278	2314	232	2314	695
11619	71	46939	2347	235	2347	704
11619	72	47600	2380	238	2380	714
11619	73	48261	2413	242	2413	725
11619	74	48922	2446	245	2446	734
11619	75	49583	2479	248	2479	744
11619	76	50244	2512	251	2512	753
11619	77	50906	2545	255	2545	764
11619	78	51567	2578	258	2578	774
11619	79	52228	2611	261	2611	783
11619	80	52889	2644	265	2644	794
11619	81	53550	2678	268	2678	804
11619	82	54211	2711	271	2711	813
11619	83	54872	2744	275	2744	824
11619	84	55533	2777	278	2777	833
11619	85	56194	2810	281	2810	843
11619	86	56856	2843	285	2843	854
11619	87	57517	2876	288	2876	863
11619	88	58178	2909	291	2909	873
11619	89	58839	2942	294	2942	882
11619	90	59500	2975	298	2975	893
11619	91	60161	3008	301	3008	903
11619	92	60822	3041	304	3041	912
11619	93	61483	3074	308	3074	923
11619	94	62144	3107	311	3107	932
11619	95	62806	3140	314	3140	942
11619	96	63467	3173	318	3173	953
11619	97	64128	3206	321	3206	962
11619	98	64789	3239	324	3239	972
11619	99	65450	3273	328	3273	983
11619	100	66111	3306	331	3306	992
11620	1	661	33	4	33	11
11620	2	1322	66	7	66	20
11620	3	1983	99	10	99	30
11620	4	2644	132	13	132	39
11620	5	3306	165	17	165	50
11620	6	3967	198	20	198	60
11620	7	4628	231	23	231	69
11620	8	5289	264	27	264	80
11620	9	5950	298	30	298	90
11620	10	6611	331	33	331	99
11620	11	7272	364	37	364	110
11620	12	7933	397	40	397	119
11620	13	8594	430	43	430	129
11620	14	9256	463	47	463	140
11620	15	9917	496	50	496	149
11620	16	10578	529	53	529	159
11620	17	11239	562	56	562	168
11620	18	11900	595	60	595	179
11620	19	12561	628	63	628	189
11620	20	13222	661	66	661	198
11620	21	13883	694	70	694	209
11620	22	14544	727	73	727	218
11620	23	15206	760	76	760	228
11620	24	15867	793	80	793	239
11620	25	16528	826	83	826	248
11620	26	17189	859	86	859	258
11620	27	17850	893	90	893	269
11620	28	18511	926	93	926	278
11620	29	19172	959	96	959	288
11620	30	19833	992	99	992	297
11620	31	20494	1025	103	1025	308
11620	32	21156	1058	106	1058	318
11620	33	21817	1091	109	1091	327
11620	34	22478	1124	113	1124	338
11620	35	23139	1157	116	1157	347
11620	36	23800	1190	119	1190	357
11620	37	24461	1223	123	1223	368
11620	38	25122	1256	126	1256	377
11620	39	25783	1289	129	1289	387
11620	40	26444	1322	132	1322	396
11620	41	27106	1355	136	1355	407
11620	42	27767	1388	139	1388	417
11620	43	28428	1421	142	1421	426
11620	44	29089	1454	146	1454	437
11620	45	29750	1488	149	1488	447
11620	46	30411	1521	152	1521	456
11620	47	31072	1554	156	1554	467
11620	48	31733	1587	159	1587	476
11620	49	32394	1620	162	1620	486
11620	50	33056	1653	166	1653	497
11620	51	33717	1686	169	1686	506
11620	52	34378	1719	172	1719	516
11620	53	35039	1752	175	1752	525
11620	54	35700	1785	179	1785	536
11620	55	36361	1818	182	1818	546
11620	56	37022	1851	185	1851	555
11620	57	37683	1884	189	1884	566
11620	58	38344	1917	192	1917	575
11620	59	39006	1950	195	1950	585
11620	60	39667	1983	199	1983	596
11620	61	40328	2016	202	2016	605
11620	62	40989	2049	205	2049	615
11620	63	41650	2083	209	2083	626
11620	64	42311	2116	212	2116	635
11620	65	42972	2149	215	2149	645
11620	66	43633	2182	218	2182	654
11620	67	44294	2215	222	2215	665
11620	68	44956	2248	225	2248	675
11620	69	45617	2281	228	2281	684
11620	70	46278	2314	232	2314	695
11620	71	46939	2347	235	2347	704
11620	72	47600	2380	238	2380	714
11620	73	48261	2413	242	2413	725
11620	74	48922	2446	245	2446	734
11620	75	49583	2479	248	2479	744
11620	76	50244	2512	251	2512	753
11620	77	50906	2545	255	2545	764
11620	78	51567	2578	258	2578	774
11620	79	52228	2611	261	2611	783
11620	80	52889	2644	265	2644	794
11620	81	53550	2678	268	2678	804
11620	82	54211	2711	271	2711	813
11620	83	54872	2744	275	2744	824
11620	84	55533	2777	278	2777	833
11620	85	56194	2810	281	2810	843
11620	86	56856	2843	285	2843	854
11620	87	57517	2876	288	2876	863
11620	88	58178	2909	291	2909	873
11620	89	58839	2942	294	2942	882
11620	90	59500	2975	298	2975	893
11620	91	60161	3008	301	3008	903
11620	92	60822	3041	304	3041	912
11620	93	61483	3074	308	3074	923
11620	94	62144	3107	311	3107	932
11620	95	62806	3140	314	3140	942
11620	96	63467	3173	318	3173	953
11620	97	64128	3206	321	3206	962
11620	98	64789	3239	324	3239	972
11620	99	65450	3273	328	3273	983
11620	100	66111	3306	331	3306	992
11621	1	661	33	4	33	11
11621	2	1322	66	7	66	20
11621	3	1983	99	10	99	30
11621	4	2644	132	13	132	39
11621	5	3306	165	17	165	50
11621	6	3967	198	20	198	60
11621	7	4628	231	23	231	69
11621	8	5289	264	27	264	80
11621	9	5950	298	30	298	90
11621	10	6611	331	33	331	99
11621	11	7272	364	37	364	110
11621	12	7933	397	40	397	119
11621	13	8594	430	43	430	129
11621	14	9256	463	47	463	140
11621	15	9917	496	50	496	149
11621	16	10578	529	53	529	159
11621	17	11239	562	56	562	168
11621	18	11900	595	60	595	179
11621	19	12561	628	63	628	189
11621	20	13222	661	66	661	198
11621	21	13883	694	70	694	209
11621	22	14544	727	73	727	218
11621	23	15206	760	76	760	228
11621	24	15867	793	80	793	239
11621	25	16528	826	83	826	248
11621	26	17189	859	86	859	258
11621	27	17850	893	90	893	269
11621	28	18511	926	93	926	278
11621	29	19172	959	96	959	288
11621	30	19833	992	99	992	297
11621	31	20494	1025	103	1025	308
11621	32	21156	1058	106	1058	318
11621	33	21817	1091	109	1091	327
11621	34	22478	1124	113	1124	338
11621	35	23139	1157	116	1157	347
11621	36	23800	1190	119	1190	357
11621	37	24461	1223	123	1223	368
11621	38	25122	1256	126	1256	377
11621	39	25783	1289	129	1289	387
11621	40	26444	1322	132	1322	396
11621	41	27106	1355	136	1355	407
11621	42	27767	1388	139	1388	417
11621	43	28428	1421	142	1421	426
11621	44	29089	1454	146	1454	437
11621	45	29750	1488	149	1488	447
11621	46	30411	1521	152	1521	456
11621	47	31072	1554	156	1554	467
11621	48	31733	1587	159	1587	476
11621	49	32394	1620	162	1620	486
11621	50	33056	1653	166	1653	497
11621	51	33717	1686	169	1686	506
11621	52	34378	1719	172	1719	516
11621	53	35039	1752	175	1752	525
11621	54	35700	1785	179	1785	536
11621	55	36361	1818	182	1818	546
11621	56	37022	1851	185	1851	555
11621	57	37683	1884	189	1884	566
11621	58	38344	1917	192	1917	575
11621	59	39006	1950	195	1950	585
11621	60	39667	1983	199	1983	596
11621	61	40328	2016	202	2016	605
11621	62	40989	2049	205	2049	615
11621	63	41650	2083	209	2083	626
11621	64	42311	2116	212	2116	635
11621	65	42972	2149	215	2149	645
11621	66	43633	2182	218	2182	654
11621	67	44294	2215	222	2215	665
11621	68	44956	2248	225	2248	675
11621	69	45617	2281	228	2281	684
11621	70	46278	2314	232	2314	695
11621	71	46939	2347	235	2347	704
11621	72	47600	2380	238	2380	714
11621	73	48261	2413	242	2413	725
11621	74	48922	2446	245	2446	734
11621	75	49583	2479	248	2479	744
11621	76	50244	2512	251	2512	753
11621	77	50906	2545	255	2545	764
11621	78	51567	2578	258	2578	774
11621	79	52228	2611	261	2611	783
11621	80	52889	2644	265	2644	794
11621	81	53550	2678	268	2678	804
11621	82	54211	2711	271	2711	813
11621	83	54872	2744	275	2744	824
11621	84	55533	2777	278	2777	833
11621	85	56194	2810	281	2810	843
11621	86	56856	2843	285	2843	854
11621	87	57517	2876	288	2876	863
11621	88	58178	2909	291	2909	873
11621	89	58839	2942	294	2942	882
11621	90	59500	2975	298	2975	893
11621	91	60161	3008	301	3008	903
11621	92	60822	3041	304	3041	912
11621	93	61483	3074	308	3074	923
11621	94	62144	3107	311	3107	932
11621	95	62806	3140	314	3140	942
11621	96	63467	3173	318	3173	953
11621	97	64128	3206	321	3206	962
11621	98	64789	3239	324	3239	972
11621	99	65450	3273	328	3273	983
11621	100	66111	3306	331	3306	992
11681	1	331	66	7	66	4
11681	2	661	132	13	132	7
11681	3	992	198	20	198	10
11681	4	1322	264	26	264	13
11681	5	1653	330	33	330	17
11681	6	1984	396	40	396	20
11681	7	2314	462	46	462	23
11681	8	2645	528	53	528	27
11681	9	2975	596	60	596	30
11681	10	3306	662	66	662	33
11681	11	3636	728	73	728	37
11681	12	3967	794	79	794	40
11681	13	4297	860	86	860	43
11681	14	4628	926	93	926	47
11681	15	4959	992	99	992	50
11681	16	5289	1058	106	1058	53
11681	17	5620	1124	112	1124	56
11681	18	5950	1190	119	1190	60
11681	19	6281	1256	126	1256	63
11681	20	6611	1322	132	1322	66
11681	21	6942	1388	139	1388	70
11681	22	7272	1454	145	1454	73
11681	23	7603	1520	152	1520	76
11681	24	7934	1586	159	1586	80
11681	25	8264	1652	165	1652	83
11681	26	8595	1718	172	1718	86
11681	27	8925	1786	179	1786	90
11681	28	9256	1852	185	1852	93
11681	29	9586	1918	192	1918	96
11681	30	9917	1984	198	1984	99
11681	31	10247	2050	205	2050	103
11681	32	10578	2116	212	2116	106
11681	33	10909	2182	218	2182	109
11681	34	11239	2248	225	2248	113
11681	35	11570	2314	231	2314	116
11681	36	11900	2380	238	2380	119
11681	37	12231	2446	245	2446	123
11681	38	12561	2512	251	2512	126
11681	39	12892	2578	258	2578	129
11681	40	13222	2644	264	2644	132
11681	41	13553	2710	271	2710	136
11681	42	13884	2776	278	2776	139
11681	43	14214	2842	284	2842	142
11681	44	14545	2908	291	2908	146
11681	45	14875	2976	298	2976	149
11681	46	15206	3042	304	3042	152
11681	47	15536	3108	311	3108	156
11681	48	15867	3174	317	3174	159
11681	49	16197	3240	324	3240	162
11681	50	16528	3306	331	3306	166
11681	51	16859	3372	337	3372	169
11681	52	17189	3438	344	3438	172
11681	53	17520	3504	350	3504	175
11681	54	17850	3570	357	3570	179
11681	55	18181	3636	364	3636	182
11681	56	18511	3702	370	3702	185
11681	57	18842	3768	377	3768	189
11681	58	19172	3834	383	3834	192
11681	59	19503	3900	390	3900	195
11681	60	19834	3966	397	3966	199
11681	61	20164	4032	403	4032	202
11681	62	20495	4098	410	4098	205
11681	63	20825	4166	417	4166	209
11681	64	21156	4232	423	4232	212
11681	65	21486	4298	430	4298	215
11681	66	21817	4364	436	4364	218
11681	67	22147	4430	443	4430	222
11681	68	22478	4496	450	4496	225
11681	69	22809	4562	456	4562	228
11681	70	23139	4628	463	4628	232
11681	71	23470	4694	469	4694	235
11681	72	23800	4760	476	4760	238
11681	73	24131	4826	483	4826	242
11681	74	24461	4892	489	4892	245
11681	75	24792	4958	496	4958	248
11681	76	25122	5024	502	5024	251
11681	77	25453	5090	509	5090	255
11681	78	25784	5156	516	5156	258
11681	79	26114	5222	522	5222	261
11681	80	26445	5288	529	5288	265
11681	81	26775	5356	536	5356	268
11681	82	27106	5422	542	5422	271
11681	83	27436	5488	549	5488	275
11681	84	27767	5554	555	5554	278
11681	85	28097	5620	562	5620	281
11681	86	28428	5686	569	5686	285
11681	87	28759	5752	575	5752	288
11681	88	29089	5818	582	5818	291
11681	89	29420	5884	588	5884	294
11681	90	29750	5950	595	5950	298
11681	91	30081	6016	602	6016	301
11681	92	30411	6082	608	6082	304
11681	93	30742	6148	615	6148	308
11681	94	31072	6214	621	6214	311
11681	95	31403	6280	628	6280	314
11681	96	31734	6346	635	6346	318
11681	97	32064	6412	641	6412	321
11681	98	32395	6478	648	6478	324
11681	99	32725	6546	655	6546	328
11681	100	33056	6612	661	6612	331
11682	1	331	66	7	66	4
11682	2	661	132	13	132	7
11682	3	992	198	20	198	10
11682	4	1322	264	26	264	13
11682	5	1653	330	33	330	17
11682	6	1984	396	40	396	20
11682	7	2314	462	46	462	23
11682	8	2645	528	53	528	27
11682	9	2975	596	60	596	30
11682	10	3306	662	66	662	33
11682	11	3636	728	73	728	37
11682	12	3967	794	79	794	40
11682	13	4297	860	86	860	43
11682	14	4628	926	93	926	47
11682	15	4959	992	99	992	50
11682	16	5289	1058	106	1058	53
11682	17	5620	1124	112	1124	56
11682	18	5950	1190	119	1190	60
11682	19	6281	1256	126	1256	63
11682	20	6611	1322	132	1322	66
11682	21	6942	1388	139	1388	70
11682	22	7272	1454	145	1454	73
11682	23	7603	1520	152	1520	76
11682	24	7934	1586	159	1586	80
11682	25	8264	1652	165	1652	83
11682	26	8595	1718	172	1718	86
11682	27	8925	1786	179	1786	90
11682	28	9256	1852	185	1852	93
11682	29	9586	1918	192	1918	96
11682	30	9917	1984	198	1984	99
11682	31	10247	2050	205	2050	103
11682	32	10578	2116	212	2116	106
11682	33	10909	2182	218	2182	109
11682	34	11239	2248	225	2248	113
11682	35	11570	2314	231	2314	116
11682	36	11900	2380	238	2380	119
11682	37	12231	2446	245	2446	123
11682	38	12561	2512	251	2512	126
11682	39	12892	2578	258	2578	129
11682	40	13222	2644	264	2644	132
11682	41	13553	2710	271	2710	136
11682	42	13884	2776	278	2776	139
11682	43	14214	2842	284	2842	142
11682	44	14545	2908	291	2908	146
11682	45	14875	2976	298	2976	149
11682	46	15206	3042	304	3042	152
11682	47	15536	3108	311	3108	156
11682	48	15867	3174	317	3174	159
11682	49	16197	3240	324	3240	162
11682	50	16528	3306	331	3306	166
11682	51	16859	3372	337	3372	169
11682	52	17189	3438	344	3438	172
11682	53	17520	3504	350	3504	175
11682	54	17850	3570	357	3570	179
11682	55	18181	3636	364	3636	182
11682	56	18511	3702	370	3702	185
11682	57	18842	3768	377	3768	189
11682	58	19172	3834	383	3834	192
11682	59	19503	3900	390	3900	195
11682	60	19834	3966	397	3966	199
11682	61	20164	4032	403	4032	202
11682	62	20495	4098	410	4098	205
11682	63	20825	4166	417	4166	209
11682	64	21156	4232	423	4232	212
11682	65	21486	4298	430	4298	215
11682	66	21817	4364	436	4364	218
11682	67	22147	4430	443	4430	222
11682	68	22478	4496	450	4496	225
11682	69	22809	4562	456	4562	228
11682	70	23139	4628	463	4628	232
11682	71	23470	4694	469	4694	235
11682	72	23800	4760	476	4760	238
11682	73	24131	4826	483	4826	242
11682	74	24461	4892	489	4892	245
11682	75	24792	4958	496	4958	248
11682	76	25122	5024	502	5024	251
11682	77	25453	5090	509	5090	255
11682	78	25784	5156	516	5156	258
11682	79	26114	5222	522	5222	261
11682	80	26445	5288	529	5288	265
11682	81	26775	5356	536	5356	268
11682	82	27106	5422	542	5422	271
11682	83	27436	5488	549	5488	275
11682	84	27767	5554	555	5554	278
11682	85	28097	5620	562	5620	281
11682	86	28428	5686	569	5686	285
11682	87	28759	5752	575	5752	288
11682	88	29089	5818	582	5818	291
11682	89	29420	5884	588	5884	294
11682	90	29750	5950	595	5950	298
11682	91	30081	6016	602	6016	301
11682	92	30411	6082	608	6082	304
11682	93	30742	6148	615	6148	308
11682	94	31072	6214	621	6214	311
11682	95	31403	6280	628	6280	314
11682	96	31734	6346	635	6346	318
11682	97	32064	6412	641	6412	321
11682	98	32395	6478	648	6478	324
11682	99	32725	6546	655	6546	328
11682	100	33056	6612	661	6612	331
11683	1	331	66	7	66	4
11683	2	661	132	13	132	7
11683	3	992	198	20	198	10
11683	4	1322	264	26	264	13
11683	5	1653	330	33	330	17
11683	6	1984	396	40	396	20
11683	7	2314	462	46	462	23
11683	8	2645	528	53	528	27
11683	9	2975	596	60	596	30
11683	10	3306	662	66	662	33
11683	11	3636	728	73	728	37
11683	12	3967	794	79	794	40
11683	13	4297	860	86	860	43
11683	14	4628	926	93	926	47
11683	15	4959	992	99	992	50
11683	16	5289	1058	106	1058	53
11683	17	5620	1124	112	1124	56
11683	18	5950	1190	119	1190	60
11683	19	6281	1256	126	1256	63
11683	20	6611	1322	132	1322	66
11683	21	6942	1388	139	1388	70
11683	22	7272	1454	145	1454	73
11683	23	7603	1520	152	1520	76
11683	24	7934	1586	159	1586	80
11683	25	8264	1652	165	1652	83
11683	26	8595	1718	172	1718	86
11683	27	8925	1786	179	1786	90
11683	28	9256	1852	185	1852	93
11683	29	9586	1918	192	1918	96
11683	30	9917	1984	198	1984	99
11683	31	10247	2050	205	2050	103
11683	32	10578	2116	212	2116	106
11683	33	10909	2182	218	2182	109
11683	34	11239	2248	225	2248	113
11683	35	11570	2314	231	2314	116
11683	36	11900	2380	238	2380	119
11683	37	12231	2446	245	2446	123
11683	38	12561	2512	251	2512	126
11683	39	12892	2578	258	2578	129
11683	40	13222	2644	264	2644	132
11683	41	13553	2710	271	2710	136
11683	42	13884	2776	278	2776	139
11683	43	14214	2842	284	2842	142
11683	44	14545	2908	291	2908	146
11683	45	14875	2976	298	2976	149
11683	46	15206	3042	304	3042	152
11683	47	15536	3108	311	3108	156
11683	48	15867	3174	317	3174	159
11683	49	16197	3240	324	3240	162
11683	50	16528	3306	331	3306	166
11683	51	16859	3372	337	3372	169
11683	52	17189	3438	344	3438	172
11683	53	17520	3504	350	3504	175
11683	54	17850	3570	357	3570	179
11683	55	18181	3636	364	3636	182
11683	56	18511	3702	370	3702	185
11683	57	18842	3768	377	3768	189
11683	58	19172	3834	383	3834	192
11683	59	19503	3900	390	3900	195
11683	60	19834	3966	397	3966	199
11683	61	20164	4032	403	4032	202
11683	62	20495	4098	410	4098	205
11683	63	20825	4166	417	4166	209
11683	64	21156	4232	423	4232	212
11683	65	21486	4298	430	4298	215
11683	66	21817	4364	436	4364	218
11683	67	22147	4430	443	4430	222
11683	68	22478	4496	450	4496	225
11683	69	22809	4562	456	4562	228
11683	70	23139	4628	463	4628	232
11683	71	23470	4694	469	4694	235
11683	72	23800	4760	476	4760	238
11683	73	24131	4826	483	4826	242
11683	74	24461	4892	489	4892	245
11683	75	24792	4958	496	4958	248
11683	76	25122	5024	502	5024	251
11683	77	25453	5090	509	5090	255
11683	78	25784	5156	516	5156	258
11683	79	26114	5222	522	5222	261
11683	80	26445	5288	529	5288	265
11683	81	26775	5356	536	5356	268
11683	82	27106	5422	542	5422	271
11683	83	27436	5488	549	5488	275
11683	84	27767	5554	555	5554	278
11683	85	28097	5620	562	5620	281
11683	86	28428	5686	569	5686	285
11683	87	28759	5752	575	5752	288
11683	88	29089	5818	582	5818	291
11683	89	29420	5884	588	5884	294
11683	90	29750	5950	595	5950	298
11683	91	30081	6016	602	6016	301
11683	92	30411	6082	608	6082	304
11683	93	30742	6148	615	6148	308
11683	94	31072	6214	621	6214	311
11683	95	31403	6280	628	6280	314
11683	96	31734	6346	635	6346	318
11683	97	32064	6412	641	6412	321
11683	98	32395	6478	648	6478	324
11683	99	32725	6546	655	6546	328
11683	100	33056	6612	661	6612	331
11684	1	331	66	7	66	4
11684	2	661	132	13	132	7
11684	3	992	198	20	198	10
11684	4	1322	264	26	264	13
11684	5	1653	330	33	330	17
11684	6	1984	396	40	396	20
11684	7	2314	462	46	462	23
11684	8	2645	528	53	528	27
11684	9	2975	596	60	596	30
11684	10	3306	662	66	662	33
11684	11	3636	728	73	728	37
11684	12	3967	794	79	794	40
11684	13	4297	860	86	860	43
11684	14	4628	926	93	926	47
11684	15	4959	992	99	992	50
11684	16	5289	1058	106	1058	53
11684	17	5620	1124	112	1124	56
11684	18	5950	1190	119	1190	60
11684	19	6281	1256	126	1256	63
11684	20	6611	1322	132	1322	66
11684	21	6942	1388	139	1388	70
11684	22	7272	1454	145	1454	73
11684	23	7603	1520	152	1520	76
11684	24	7934	1586	159	1586	80
11684	25	8264	1652	165	1652	83
11684	26	8595	1718	172	1718	86
11684	27	8925	1786	179	1786	90
11684	28	9256	1852	185	1852	93
11684	29	9586	1918	192	1918	96
11684	30	9917	1984	198	1984	99
11684	31	10247	2050	205	2050	103
11684	32	10578	2116	212	2116	106
11684	33	10909	2182	218	2182	109
11684	34	11239	2248	225	2248	113
11684	35	11570	2314	231	2314	116
11684	36	11900	2380	238	2380	119
11684	37	12231	2446	245	2446	123
11684	38	12561	2512	251	2512	126
11684	39	12892	2578	258	2578	129
11684	40	13222	2644	264	2644	132
11684	41	13553	2710	271	2710	136
11684	42	13884	2776	278	2776	139
11684	43	14214	2842	284	2842	142
11684	44	14545	2908	291	2908	146
11684	45	14875	2976	298	2976	149
11684	46	15206	3042	304	3042	152
11684	47	15536	3108	311	3108	156
11684	48	15867	3174	317	3174	159
11684	49	16197	3240	324	3240	162
11684	50	16528	3306	331	3306	166
11684	51	16859	3372	337	3372	169
11684	52	17189	3438	344	3438	172
11684	53	17520	3504	350	3504	175
11684	54	17850	3570	357	3570	179
11684	55	18181	3636	364	3636	182
11684	56	18511	3702	370	3702	185
11684	57	18842	3768	377	3768	189
11684	58	19172	3834	383	3834	192
11684	59	19503	3900	390	3900	195
11684	60	19834	3966	397	3966	199
11684	61	20164	4032	403	4032	202
11684	62	20495	4098	410	4098	205
11684	63	20825	4166	417	4166	209
11684	64	21156	4232	423	4232	212
11684	65	21486	4298	430	4298	215
11684	66	21817	4364	436	4364	218
11684	67	22147	4430	443	4430	222
11684	68	22478	4496	450	4496	225
11684	69	22809	4562	456	4562	228
11684	70	23139	4628	463	4628	232
11684	71	23470	4694	469	4694	235
11684	72	23800	4760	476	4760	238
11684	73	24131	4826	483	4826	242
11684	74	24461	4892	489	4892	245
11684	75	24792	4958	496	4958	248
11684	76	25122	5024	502	5024	251
11684	77	25453	5090	509	5090	255
11684	78	25784	5156	516	5156	258
11684	79	26114	5222	522	5222	261
11684	80	26445	5288	529	5288	265
11684	81	26775	5356	536	5356	268
11684	82	27106	5422	542	5422	271
11684	83	27436	5488	549	5488	275
11684	84	27767	5554	555	5554	278
11684	85	28097	5620	562	5620	281
11684	86	28428	5686	569	5686	285
11684	87	28759	5752	575	5752	288
11684	88	29089	5818	582	5818	291
11684	89	29420	5884	588	5884	294
11684	90	29750	5950	595	5950	298
11684	91	30081	6016	602	6016	301
11684	92	30411	6082	608	6082	304
11684	93	30742	6148	615	6148	308
11684	94	31072	6214	621	6214	311
11684	95	31403	6280	628	6280	314
11684	96	31734	6346	635	6346	318
11684	97	32064	6412	641	6412	321
11684	98	32395	6478	648	6478	324
11684	99	32725	6546	655	6546	328
11684	100	33056	6612	661	6612	331
11685	1	331	66	7	66	4
11685	2	661	132	13	132	7
11685	3	992	198	20	198	10
11685	4	1322	264	26	264	13
11685	5	1653	330	33	330	17
11685	6	1984	396	40	396	20
11685	7	2314	462	46	462	23
11685	8	2645	528	53	528	27
11685	9	2975	596	60	596	30
11685	10	3306	662	66	662	33
11685	11	3636	728	73	728	37
11685	12	3967	794	79	794	40
11685	13	4297	860	86	860	43
11685	14	4628	926	93	926	47
11685	15	4959	992	99	992	50
11685	16	5289	1058	106	1058	53
11685	17	5620	1124	112	1124	56
11685	18	5950	1190	119	1190	60
11685	19	6281	1256	126	1256	63
11685	20	6611	1322	132	1322	66
11685	21	6942	1388	139	1388	70
11685	22	7272	1454	145	1454	73
11685	23	7603	1520	152	1520	76
11685	24	7934	1586	159	1586	80
11685	25	8264	1652	165	1652	83
11685	26	8595	1718	172	1718	86
11685	27	8925	1786	179	1786	90
11685	28	9256	1852	185	1852	93
11685	29	9586	1918	192	1918	96
11685	30	9917	1984	198	1984	99
11685	31	10247	2050	205	2050	103
11685	32	10578	2116	212	2116	106
11685	33	10909	2182	218	2182	109
11685	34	11239	2248	225	2248	113
11685	35	11570	2314	231	2314	116
11685	36	11900	2380	238	2380	119
11685	37	12231	2446	245	2446	123
11685	38	12561	2512	251	2512	126
11685	39	12892	2578	258	2578	129
11685	40	13222	2644	264	2644	132
11685	41	13553	2710	271	2710	136
11685	42	13884	2776	278	2776	139
11685	43	14214	2842	284	2842	142
11685	44	14545	2908	291	2908	146
11685	45	14875	2976	298	2976	149
11685	46	15206	3042	304	3042	152
11685	47	15536	3108	311	3108	156
11685	48	15867	3174	317	3174	159
11685	49	16197	3240	324	3240	162
11685	50	16528	3306	331	3306	166
11685	51	16859	3372	337	3372	169
11685	52	17189	3438	344	3438	172
11685	53	17520	3504	350	3504	175
11685	54	17850	3570	357	3570	179
11685	55	18181	3636	364	3636	182
11685	56	18511	3702	370	3702	185
11685	57	18842	3768	377	3768	189
11685	58	19172	3834	383	3834	192
11685	59	19503	3900	390	3900	195
11685	60	19834	3966	397	3966	199
11685	61	20164	4032	403	4032	202
11685	62	20495	4098	410	4098	205
11685	63	20825	4166	417	4166	209
11685	64	21156	4232	423	4232	212
11685	65	21486	4298	430	4298	215
11685	66	21817	4364	436	4364	218
11685	67	22147	4430	443	4430	222
11685	68	22478	4496	450	4496	225
11685	69	22809	4562	456	4562	228
11685	70	23139	4628	463	4628	232
11685	71	23470	4694	469	4694	235
11685	72	23800	4760	476	4760	238
11685	73	24131	4826	483	4826	242
11685	74	24461	4892	489	4892	245
11685	75	24792	4958	496	4958	248
11685	76	25122	5024	502	5024	251
11685	77	25453	5090	509	5090	255
11685	78	25784	5156	516	5156	258
11685	79	26114	5222	522	5222	261
11685	80	26445	5288	529	5288	265
11685	81	26775	5356	536	5356	268
11685	82	27106	5422	542	5422	271
11685	83	27436	5488	549	5488	275
11685	84	27767	5554	555	5554	278
11685	85	28097	5620	562	5620	281
11685	86	28428	5686	569	5686	285
11685	87	28759	5752	575	5752	288
11685	88	29089	5818	582	5818	291
11685	89	29420	5884	588	5884	294
11685	90	29750	5950	595	5950	298
11685	91	30081	6016	602	6016	301
11685	92	30411	6082	608	6082	304
11685	93	30742	6148	615	6148	308
11685	94	31072	6214	621	6214	311
11685	95	31403	6280	628	6280	314
11685	96	31734	6346	635	6346	318
11685	97	32064	6412	641	6412	321
11685	98	32395	6478	648	6478	324
11685	99	32725	6546	655	6546	328
11685	100	33056	6612	661	6612	331
11697	1	331	66	5	66	5
11697	2	661	132	10	132	10
11697	3	992	198	15	198	15
11697	4	1322	264	20	264	20
11697	5	1653	330	25	330	25
11697	6	1984	396	30	396	30
11697	7	2314	462	35	462	35
11697	8	2645	528	40	528	40
11697	9	2975	596	45	596	45
11697	10	3306	662	50	662	50
11697	11	3636	728	55	728	55
11697	12	3967	794	59	794	59
11697	13	4297	860	65	860	65
11697	14	4628	926	70	926	70
11697	15	4959	992	74	992	74
11697	16	5289	1058	80	1058	80
11697	17	5620	1124	84	1124	84
11697	18	5950	1190	89	1190	89
11697	19	6281	1256	95	1256	95
11697	20	6611	1322	99	1322	99
11697	21	6942	1388	104	1388	104
11697	22	7272	1454	109	1454	109
11697	23	7603	1520	114	1520	114
11697	24	7934	1586	119	1586	119
11697	25	8264	1652	124	1652	124
11697	26	8595	1718	129	1718	129
11697	27	8925	1786	134	1786	134
11697	28	9256	1852	139	1852	139
11697	29	9586	1918	144	1918	144
11697	30	9917	1984	149	1984	149
11697	31	10247	2050	154	2050	154
11697	32	10578	2116	159	2116	159
11697	33	10909	2182	164	2182	164
11697	34	11239	2248	169	2248	169
11697	35	11570	2314	173	2314	173
11697	36	11900	2380	179	2380	179
11697	37	12231	2446	184	2446	184
11697	38	12561	2512	188	2512	188
11697	39	12892	2578	194	2578	194
11697	40	13222	2644	198	2644	198
11697	41	13553	2710	203	2710	203
11697	42	13884	2776	209	2776	209
11697	43	14214	2842	213	2842	213
11697	44	14545	2908	218	2908	218
11697	45	14875	2976	224	2976	224
11697	46	15206	3042	228	3042	228
11697	47	15536	3108	233	3108	233
11697	48	15867	3174	238	3174	238
11697	49	16197	3240	243	3240	243
11697	50	16528	3306	248	3306	248
11697	51	16859	3372	253	3372	253
11697	52	17189	3438	258	3438	258
11697	53	17520	3504	263	3504	263
11697	54	17850	3570	268	3570	268
11697	55	18181	3636	273	3636	273
11697	56	18511	3702	278	3702	278
11697	57	18842	3768	283	3768	283
11697	58	19172	3834	287	3834	287
11697	59	19503	3900	293	3900	293
11697	60	19834	3966	298	3966	298
11697	61	20164	4032	302	4032	302
11697	62	20495	4098	308	4098	308
11697	63	20825	4166	313	4166	313
11697	64	21156	4232	317	4232	317
11697	65	21486	4298	323	4298	323
11697	66	21817	4364	327	4364	327
11697	67	22147	4430	332	4430	332
11697	68	22478	4496	338	4496	338
11697	69	22809	4562	342	4562	342
11697	70	23139	4628	347	4628	347
11697	71	23470	4694	352	4694	352
11697	72	23800	4760	357	4760	357
11697	73	24131	4826	362	4826	362
11697	74	24461	4892	367	4892	367
11697	75	24792	4958	372	4958	372
11697	76	25122	5024	377	5024	377
11697	77	25453	5090	382	5090	382
11697	78	25784	5156	387	5156	387
11697	79	26114	5222	392	5222	392
11697	80	26445	5288	397	5288	397
11697	81	26775	5356	402	5356	402
11697	82	27106	5422	407	5422	407
11697	83	27436	5488	412	5488	412
11697	84	27767	5554	416	5554	416
11697	85	28097	5620	422	5620	422
11697	86	28428	5686	427	5686	427
11697	87	28759	5752	431	5752	431
11697	88	29089	5818	437	5818	437
11697	89	29420	5884	441	5884	441
11697	90	29750	5950	446	5950	446
11697	91	30081	6016	452	6016	452
11697	92	30411	6082	456	6082	456
11697	93	30742	6148	461	6148	461
11697	94	31072	6214	466	6214	466
11697	95	31403	6280	471	6280	471
11697	96	31734	6346	476	6346	476
11697	97	32064	6412	481	6412	481
11697	98	32395	6478	486	6478	486
11697	99	32725	6546	491	6546	491
11697	100	33056	6612	496	6612	496
11698	1	331	66	5	66	5
11698	2	661	132	10	132	10
11698	3	992	198	15	198	15
11698	4	1322	264	20	264	20
11698	5	1653	330	25	330	25
11698	6	1984	396	30	396	30
11698	7	2314	462	35	462	35
11698	8	2645	528	40	528	40
11698	9	2975	596	45	596	45
11698	10	3306	662	50	662	50
11698	11	3636	728	55	728	55
11698	12	3967	794	59	794	59
11698	13	4297	860	65	860	65
11698	14	4628	926	70	926	70
11698	15	4959	992	74	992	74
11698	16	5289	1058	80	1058	80
11698	17	5620	1124	84	1124	84
11698	18	5950	1190	89	1190	89
11698	19	6281	1256	95	1256	95
11698	20	6611	1322	99	1322	99
11698	21	6942	1388	104	1388	104
11698	22	7272	1454	109	1454	109
11698	23	7603	1520	114	1520	114
11698	24	7934	1586	119	1586	119
11698	25	8264	1652	124	1652	124
11698	26	8595	1718	129	1718	129
11698	27	8925	1786	134	1786	134
11698	28	9256	1852	139	1852	139
11698	29	9586	1918	144	1918	144
11698	30	9917	1984	149	1984	149
11698	31	10247	2050	154	2050	154
11698	32	10578	2116	159	2116	159
11698	33	10909	2182	164	2182	164
11698	34	11239	2248	169	2248	169
11698	35	11570	2314	173	2314	173
11698	36	11900	2380	179	2380	179
11698	37	12231	2446	184	2446	184
11698	38	12561	2512	188	2512	188
11698	39	12892	2578	194	2578	194
11698	40	13222	2644	198	2644	198
11698	41	13553	2710	203	2710	203
11698	42	13884	2776	209	2776	209
11698	43	14214	2842	213	2842	213
11698	44	14545	2908	218	2908	218
11698	45	14875	2976	224	2976	224
11698	46	15206	3042	228	3042	228
11698	47	15536	3108	233	3108	233
11698	48	15867	3174	238	3174	238
11698	49	16197	3240	243	3240	243
11698	50	16528	3306	248	3306	248
11698	51	16859	3372	253	3372	253
11698	52	17189	3438	258	3438	258
11698	53	17520	3504	263	3504	263
11698	54	17850	3570	268	3570	268
11698	55	18181	3636	273	3636	273
11698	56	18511	3702	278	3702	278
11698	57	18842	3768	283	3768	283
11698	58	19172	3834	287	3834	287
11698	59	19503	3900	293	3900	293
11698	60	19834	3966	298	3966	298
11698	61	20164	4032	302	4032	302
11698	62	20495	4098	308	4098	308
11698	63	20825	4166	313	4166	313
11698	64	21156	4232	317	4232	317
11698	65	21486	4298	323	4298	323
11698	66	21817	4364	327	4364	327
11698	67	22147	4430	332	4430	332
11698	68	22478	4496	338	4496	338
11698	69	22809	4562	342	4562	342
11698	70	23139	4628	347	4628	347
11698	71	23470	4694	352	4694	352
11698	72	23800	4760	357	4760	357
11698	73	24131	4826	362	4826	362
11698	74	24461	4892	367	4892	367
11698	75	24792	4958	372	4958	372
11698	76	25122	5024	377	5024	377
11698	77	25453	5090	382	5090	382
11698	78	25784	5156	387	5156	387
11698	79	26114	5222	392	5222	392
11698	80	26445	5288	397	5288	397
11698	81	26775	5356	402	5356	402
11698	82	27106	5422	407	5422	407
11698	83	27436	5488	412	5488	412
11698	84	27767	5554	416	5554	416
11698	85	28097	5620	422	5620	422
11698	86	28428	5686	427	5686	427
11698	87	28759	5752	431	5752	431
11698	88	29089	5818	437	5818	437
11698	89	29420	5884	441	5884	441
11698	90	29750	5950	446	5950	446
11698	91	30081	6016	452	6016	452
11698	92	30411	6082	456	6082	456
11698	93	30742	6148	461	6148	461
11698	94	31072	6214	466	6214	466
11698	95	31403	6280	471	6280	471
11698	96	31734	6346	476	6346	476
11698	97	32064	6412	481	6412	481
11698	98	32395	6478	486	6478	486
11698	99	32725	6546	491	6546	491
11698	100	33056	6612	496	6612	496
11699	1	331	66	5	66	5
11699	2	661	132	10	132	10
11699	3	992	198	15	198	15
11699	4	1322	264	20	264	20
11699	5	1653	330	25	330	25
11699	6	1984	396	30	396	30
11699	7	2314	462	35	462	35
11699	8	2645	528	40	528	40
11699	9	2975	596	45	596	45
11699	10	3306	662	50	662	50
11699	11	3636	728	55	728	55
11699	12	3967	794	59	794	59
11699	13	4297	860	65	860	65
11699	14	4628	926	70	926	70
11699	15	4959	992	74	992	74
11699	16	5289	1058	80	1058	80
11699	17	5620	1124	84	1124	84
11699	18	5950	1190	89	1190	89
11699	19	6281	1256	95	1256	95
11699	20	6611	1322	99	1322	99
11699	21	6942	1388	104	1388	104
11699	22	7272	1454	109	1454	109
11699	23	7603	1520	114	1520	114
11699	24	7934	1586	119	1586	119
11699	25	8264	1652	124	1652	124
11699	26	8595	1718	129	1718	129
11699	27	8925	1786	134	1786	134
11699	28	9256	1852	139	1852	139
11699	29	9586	1918	144	1918	144
11699	30	9917	1984	149	1984	149
11699	31	10247	2050	154	2050	154
11699	32	10578	2116	159	2116	159
11699	33	10909	2182	164	2182	164
11699	34	11239	2248	169	2248	169
11699	35	11570	2314	173	2314	173
11699	36	11900	2380	179	2380	179
11699	37	12231	2446	184	2446	184
11699	38	12561	2512	188	2512	188
11699	39	12892	2578	194	2578	194
11699	40	13222	2644	198	2644	198
11699	41	13553	2710	203	2710	203
11699	42	13884	2776	209	2776	209
11699	43	14214	2842	213	2842	213
11699	44	14545	2908	218	2908	218
11699	45	14875	2976	224	2976	224
11699	46	15206	3042	228	3042	228
11699	47	15536	3108	233	3108	233
11699	48	15867	3174	238	3174	238
11699	49	16197	3240	243	3240	243
11699	50	16528	3306	248	3306	248
11699	51	16859	3372	253	3372	253
11699	52	17189	3438	258	3438	258
11699	53	17520	3504	263	3504	263
11699	54	17850	3570	268	3570	268
11699	55	18181	3636	273	3636	273
11699	56	18511	3702	278	3702	278
11699	57	18842	3768	283	3768	283
11699	58	19172	3834	287	3834	287
11699	59	19503	3900	293	3900	293
11699	60	19834	3966	298	3966	298
11699	61	20164	4032	302	4032	302
11699	62	20495	4098	308	4098	308
11699	63	20825	4166	313	4166	313
11699	64	21156	4232	317	4232	317
11699	65	21486	4298	323	4298	323
11699	66	21817	4364	327	4364	327
11699	67	22147	4430	332	4430	332
11699	68	22478	4496	338	4496	338
11699	69	22809	4562	342	4562	342
11699	70	23139	4628	347	4628	347
11699	71	23470	4694	352	4694	352
11699	72	23800	4760	357	4760	357
11699	73	24131	4826	362	4826	362
11699	74	24461	4892	367	4892	367
11699	75	24792	4958	372	4958	372
11699	76	25122	5024	377	5024	377
11699	77	25453	5090	382	5090	382
11699	78	25784	5156	387	5156	387
11699	79	26114	5222	392	5222	392
11699	80	26445	5288	397	5288	397
11699	81	26775	5356	402	5356	402
11699	82	27106	5422	407	5422	407
11699	83	27436	5488	412	5488	412
11699	84	27767	5554	416	5554	416
11699	85	28097	5620	422	5620	422
11699	86	28428	5686	427	5686	427
11699	87	28759	5752	431	5752	431
11699	88	29089	5818	437	5818	437
11699	89	29420	5884	441	5884	441
11699	90	29750	5950	446	5950	446
11699	91	30081	6016	452	6016	452
11699	92	30411	6082	456	6082	456
11699	93	30742	6148	461	6148	461
11699	94	31072	6214	466	6214	466
11699	95	31403	6280	471	6280	471
11699	96	31734	6346	476	6346	476
11699	97	32064	6412	481	6412	481
11699	98	32395	6478	486	6478	486
11699	99	32725	6546	491	6546	491
11699	100	33056	6612	496	6612	496
11700	1	331	66	5	66	5
11700	2	661	132	10	132	10
11700	3	992	198	15	198	15
11700	4	1322	264	20	264	20
11700	5	1653	330	25	330	25
11700	6	1984	396	30	396	30
11700	7	2314	462	35	462	35
11700	8	2645	528	40	528	40
11700	9	2975	596	45	596	45
11700	10	3306	662	50	662	50
11700	11	3636	728	55	728	55
11700	12	3967	794	59	794	59
11700	13	4297	860	65	860	65
11700	14	4628	926	70	926	70
11700	15	4959	992	74	992	74
11700	16	5289	1058	80	1058	80
11700	17	5620	1124	84	1124	84
11700	18	5950	1190	89	1190	89
11700	19	6281	1256	95	1256	95
11700	20	6611	1322	99	1322	99
11700	21	6942	1388	104	1388	104
11700	22	7272	1454	109	1454	109
11700	23	7603	1520	114	1520	114
11700	24	7934	1586	119	1586	119
11700	25	8264	1652	124	1652	124
11700	26	8595	1718	129	1718	129
11700	27	8925	1786	134	1786	134
11700	28	9256	1852	139	1852	139
11700	29	9586	1918	144	1918	144
11700	30	9917	1984	149	1984	149
11700	31	10247	2050	154	2050	154
11700	32	10578	2116	159	2116	159
11700	33	10909	2182	164	2182	164
11700	34	11239	2248	169	2248	169
11700	35	11570	2314	173	2314	173
11700	36	11900	2380	179	2380	179
11700	37	12231	2446	184	2446	184
11700	38	12561	2512	188	2512	188
11700	39	12892	2578	194	2578	194
11700	40	13222	2644	198	2644	198
11700	41	13553	2710	203	2710	203
11700	42	13884	2776	209	2776	209
11700	43	14214	2842	213	2842	213
11700	44	14545	2908	218	2908	218
11700	45	14875	2976	224	2976	224
11700	46	15206	3042	228	3042	228
11700	47	15536	3108	233	3108	233
11700	48	15867	3174	238	3174	238
11700	49	16197	3240	243	3240	243
11700	50	16528	3306	248	3306	248
11700	51	16859	3372	253	3372	253
11700	52	17189	3438	258	3438	258
11700	53	17520	3504	263	3504	263
11700	54	17850	3570	268	3570	268
11700	55	18181	3636	273	3636	273
11700	56	18511	3702	278	3702	278
11700	57	18842	3768	283	3768	283
11700	58	19172	3834	287	3834	287
11700	59	19503	3900	293	3900	293
11700	60	19834	3966	298	3966	298
11700	61	20164	4032	302	4032	302
11700	62	20495	4098	308	4098	308
11700	63	20825	4166	313	4166	313
11700	64	21156	4232	317	4232	317
11700	65	21486	4298	323	4298	323
11700	66	21817	4364	327	4364	327
11700	67	22147	4430	332	4430	332
11700	68	22478	4496	338	4496	338
11700	69	22809	4562	342	4562	342
11700	70	23139	4628	347	4628	347
11700	71	23470	4694	352	4694	352
11700	72	23800	4760	357	4760	357
11700	73	24131	4826	362	4826	362
11700	74	24461	4892	367	4892	367
11700	75	24792	4958	372	4958	372
11700	76	25122	5024	377	5024	377
11700	77	25453	5090	382	5090	382
11700	78	25784	5156	387	5156	387
11700	79	26114	5222	392	5222	392
11700	80	26445	5288	397	5288	397
11700	81	26775	5356	402	5356	402
11700	82	27106	5422	407	5422	407
11700	83	27436	5488	412	5488	412
11700	84	27767	5554	416	5554	416
11700	85	28097	5620	422	5620	422
11700	86	28428	5686	427	5686	427
11700	87	28759	5752	431	5752	431
11700	88	29089	5818	437	5818	437
11700	89	29420	5884	441	5884	441
11700	90	29750	5950	446	5950	446
11700	91	30081	6016	452	6016	452
11700	92	30411	6082	456	6082	456
11700	93	30742	6148	461	6148	461
11700	94	31072	6214	466	6214	466
11700	95	31403	6280	471	6280	471
11700	96	31734	6346	476	6346	476
11700	97	32064	6412	481	6412	481
11700	98	32395	6478	486	6478	486
11700	99	32725	6546	491	6546	491
11700	100	33056	6612	496	6612	496
11701	1	331	66	5	66	5
11701	2	661	132	10	132	10
11701	3	992	198	15	198	15
11701	4	1322	264	20	264	20
11701	5	1653	330	25	330	25
11701	6	1984	396	30	396	30
11701	7	2314	462	35	462	35
11701	8	2645	528	40	528	40
11701	9	2975	596	45	596	45
11701	10	3306	662	50	662	50
11701	11	3636	728	55	728	55
11701	12	3967	794	59	794	59
11701	13	4297	860	65	860	65
11701	14	4628	926	70	926	70
11701	15	4959	992	74	992	74
11701	16	5289	1058	80	1058	80
11701	17	5620	1124	84	1124	84
11701	18	5950	1190	89	1190	89
11701	19	6281	1256	95	1256	95
11701	20	6611	1322	99	1322	99
11701	21	6942	1388	104	1388	104
11701	22	7272	1454	109	1454	109
11701	23	7603	1520	114	1520	114
11701	24	7934	1586	119	1586	119
11701	25	8264	1652	124	1652	124
11701	26	8595	1718	129	1718	129
11701	27	8925	1786	134	1786	134
11701	28	9256	1852	139	1852	139
11701	29	9586	1918	144	1918	144
11701	30	9917	1984	149	1984	149
11701	31	10247	2050	154	2050	154
11701	32	10578	2116	159	2116	159
11701	33	10909	2182	164	2182	164
11701	34	11239	2248	169	2248	169
11701	35	11570	2314	173	2314	173
11701	36	11900	2380	179	2380	179
11701	37	12231	2446	184	2446	184
11701	38	12561	2512	188	2512	188
11701	39	12892	2578	194	2578	194
11701	40	13222	2644	198	2644	198
11701	41	13553	2710	203	2710	203
11701	42	13884	2776	209	2776	209
11701	43	14214	2842	213	2842	213
11701	44	14545	2908	218	2908	218
11701	45	14875	2976	224	2976	224
11701	46	15206	3042	228	3042	228
11701	47	15536	3108	233	3108	233
11701	48	15867	3174	238	3174	238
11701	49	16197	3240	243	3240	243
11701	50	16528	3306	248	3306	248
11701	51	16859	3372	253	3372	253
11701	52	17189	3438	258	3438	258
11701	53	17520	3504	263	3504	263
11701	54	17850	3570	268	3570	268
11701	55	18181	3636	273	3636	273
11701	56	18511	3702	278	3702	278
11701	57	18842	3768	283	3768	283
11701	58	19172	3834	287	3834	287
11701	59	19503	3900	293	3900	293
11701	60	19834	3966	298	3966	298
11701	61	20164	4032	302	4032	302
11701	62	20495	4098	308	4098	308
11701	63	20825	4166	313	4166	313
11701	64	21156	4232	317	4232	317
11701	65	21486	4298	323	4298	323
11701	66	21817	4364	327	4364	327
11701	67	22147	4430	332	4430	332
11701	68	22478	4496	338	4496	338
11701	69	22809	4562	342	4562	342
11701	70	23139	4628	347	4628	347
11701	71	23470	4694	352	4694	352
11701	72	23800	4760	357	4760	357
11701	73	24131	4826	362	4826	362
11701	74	24461	4892	367	4892	367
11701	75	24792	4958	372	4958	372
11701	76	25122	5024	377	5024	377
11701	77	25453	5090	382	5090	382
11701	78	25784	5156	387	5156	387
11701	79	26114	5222	392	5222	392
11701	80	26445	5288	397	5288	397
11701	81	26775	5356	402	5356	402
11701	82	27106	5422	407	5422	407
11701	83	27436	5488	412	5488	412
11701	84	27767	5554	416	5554	416
11701	85	28097	5620	422	5620	422
11701	86	28428	5686	427	5686	427
11701	87	28759	5752	431	5752	431
11701	88	29089	5818	437	5818	437
11701	89	29420	5884	441	5884	441
11701	90	29750	5950	446	5950	446
11701	91	30081	6016	452	6016	452
11701	92	30411	6082	456	6082	456
11701	93	30742	6148	461	6148	461
11701	94	31072	6214	466	6214	466
11701	95	31403	6280	471	6280	471
11701	96	31734	6346	476	6346	476
11701	97	32064	6412	481	6412	481
11701	98	32395	6478	486	6478	486
11701	99	32725	6546	491	6546	491
11701	100	33056	6612	496	6612	496
11837	1	331	56	9	56	4
11837	2	661	112	17	112	7
11837	3	992	168	26	168	10
11837	4	1322	224	34	224	13
11837	5	1653	281	43	281	17
11837	6	1984	337	52	337	20
11837	7	2314	393	60	393	23
11837	8	2645	449	69	449	27
11837	9	2975	507	78	507	30
11837	10	3306	563	86	563	33
11837	11	3636	619	95	619	37
11837	12	3967	675	103	675	40
11837	13	4297	731	112	731	43
11837	14	4628	787	121	787	47
11837	15	4959	843	129	843	50
11837	16	5289	899	138	899	53
11837	17	5620	955	146	955	56
11837	18	5950	1012	155	1012	60
11837	19	6281	1068	164	1068	63
11837	20	6611	1124	172	1124	66
11837	21	6942	1180	181	1180	70
11837	22	7272	1236	189	1236	73
11837	23	7603	1292	198	1292	76
11837	24	7934	1348	207	1348	80
11837	25	8264	1404	215	1404	83
11837	26	8595	1460	224	1460	86
11837	27	8925	1518	233	1518	90
11837	28	9256	1574	241	1574	93
11837	29	9586	1630	250	1630	96
11837	30	9917	1686	257	1686	99
11837	31	10247	1743	267	1743	103
11837	32	10578	1799	276	1799	106
11837	33	10909	1855	283	1855	109
11837	34	11239	1911	293	1911	113
11837	35	11570	1967	300	1967	116
11837	36	11900	2023	309	2023	119
11837	37	12231	2079	319	2079	123
11837	38	12561	2135	326	2135	126
11837	39	12892	2191	335	2191	129
11837	40	13222	2247	343	2247	132
11837	41	13553	2304	352	2304	136
11837	42	13884	2360	361	2360	139
11837	43	14214	2416	369	2416	142
11837	44	14545	2472	378	2472	146
11837	45	14875	2530	387	2530	149
11837	46	15206	2586	395	2586	152
11837	47	15536	2642	404	2642	156
11837	48	15867	2698	412	2698	159
11837	49	16197	2754	421	2754	162
11837	50	16528	2810	430	2810	166
11837	51	16859	2866	438	2866	169
11837	52	17189	2922	447	2922	172
11837	53	17520	2978	455	2978	175
11837	54	17850	3035	464	3035	179
11837	55	18181	3091	473	3091	182
11837	56	18511	3147	481	3147	185
11837	57	18842	3203	490	3203	189
11837	58	19172	3259	498	3259	192
11837	59	19503	3315	507	3315	195
11837	60	19834	3371	516	3371	199
11837	61	20164	3427	524	3427	202
11837	62	20495	3483	533	3483	205
11837	63	20825	3541	542	3541	209
11837	64	21156	3597	550	3597	212
11837	65	21486	3653	559	3653	215
11837	66	21817	3709	567	3709	218
11837	67	22147	3766	576	3766	222
11837	68	22478	3822	585	3822	225
11837	69	22809	3878	593	3878	228
11837	70	23139	3934	602	3934	232
11837	71	23470	3990	610	3990	235
11837	72	23800	4046	619	4046	238
11837	73	24131	4102	628	4102	242
11837	74	24461	4158	636	4158	245
11837	75	24792	4214	645	4214	248
11837	76	25122	4270	653	4270	251
11837	77	25453	4327	662	4327	255
11837	78	25784	4383	671	4383	258
11837	79	26114	4439	679	4439	261
11837	80	26445	4495	688	4495	265
11837	81	26775	4553	697	4553	268
11837	82	27106	4609	705	4609	271
11837	83	27436	4665	714	4665	275
11837	84	27767	4721	722	4721	278
11837	85	28097	4777	731	4777	281
11837	86	28428	4833	740	4833	285
11837	87	28759	4889	748	4889	288
11837	88	29089	4945	757	4945	291
11837	89	29420	5001	764	5001	294
11837	90	29750	5058	774	5058	298
11837	91	30081	5114	783	5114	301
11837	92	30411	5170	790	5170	304
11837	93	30742	5226	800	5226	308
11837	94	31072	5282	807	5282	311
11837	95	31403	5338	816	5338	314
11837	96	31734	5394	826	5394	318
11837	97	32064	5450	833	5450	321
11837	98	32395	5506	842	5506	324
11837	99	32725	5564	852	5564	328
11837	100	33056	5620	859	5620	331
11838	1	331	56	9	56	4
11838	2	661	112	17	112	7
11838	3	992	168	26	168	10
11838	4	1322	224	34	224	13
11838	5	1653	281	43	281	17
11838	6	1984	337	52	337	20
11838	7	2314	393	60	393	23
11838	8	2645	449	69	449	27
11838	9	2975	507	78	507	30
11838	10	3306	563	86	563	33
11838	11	3636	619	95	619	37
11838	12	3967	675	103	675	40
11838	13	4297	731	112	731	43
11838	14	4628	787	121	787	47
11838	15	4959	843	129	843	50
11838	16	5289	899	138	899	53
11838	17	5620	955	146	955	56
11838	18	5950	1012	155	1012	60
11838	19	6281	1068	164	1068	63
11838	20	6611	1124	172	1124	66
11838	21	6942	1180	181	1180	70
11838	22	7272	1236	189	1236	73
11838	23	7603	1292	198	1292	76
11838	24	7934	1348	207	1348	80
11838	25	8264	1404	215	1404	83
11838	26	8595	1460	224	1460	86
11838	27	8925	1518	233	1518	90
11838	28	9256	1574	241	1574	93
11838	29	9586	1630	250	1630	96
11838	30	9917	1686	257	1686	99
11838	31	10247	1743	267	1743	103
11838	32	10578	1799	276	1799	106
11838	33	10909	1855	283	1855	109
11838	34	11239	1911	293	1911	113
11838	35	11570	1967	300	1967	116
11838	36	11900	2023	309	2023	119
11838	37	12231	2079	319	2079	123
11838	38	12561	2135	326	2135	126
11838	39	12892	2191	335	2191	129
11838	40	13222	2247	343	2247	132
11838	41	13553	2304	352	2304	136
11838	42	13884	2360	361	2360	139
11838	43	14214	2416	369	2416	142
11838	44	14545	2472	378	2472	146
11838	45	14875	2530	387	2530	149
11838	46	15206	2586	395	2586	152
11838	47	15536	2642	404	2642	156
11838	48	15867	2698	412	2698	159
11838	49	16197	2754	421	2754	162
11838	50	16528	2810	430	2810	166
11838	51	16859	2866	438	2866	169
11838	52	17189	2922	447	2922	172
11838	53	17520	2978	455	2978	175
11838	54	17850	3035	464	3035	179
11838	55	18181	3091	473	3091	182
11838	56	18511	3147	481	3147	185
11838	57	18842	3203	490	3203	189
11838	58	19172	3259	498	3259	192
11838	59	19503	3315	507	3315	195
11838	60	19834	3371	516	3371	199
11838	61	20164	3427	524	3427	202
11838	62	20495	3483	533	3483	205
11838	63	20825	3541	542	3541	209
11838	64	21156	3597	550	3597	212
11838	65	21486	3653	559	3653	215
11838	66	21817	3709	567	3709	218
11838	67	22147	3766	576	3766	222
11838	68	22478	3822	585	3822	225
11838	69	22809	3878	593	3878	228
11838	70	23139	3934	602	3934	232
11838	71	23470	3990	610	3990	235
11838	72	23800	4046	619	4046	238
11838	73	24131	4102	628	4102	242
11838	74	24461	4158	636	4158	245
11838	75	24792	4214	645	4214	248
11838	76	25122	4270	653	4270	251
11838	77	25453	4327	662	4327	255
11838	78	25784	4383	671	4383	258
11838	79	26114	4439	679	4439	261
11838	80	26445	4495	688	4495	265
11838	81	26775	4553	697	4553	268
11838	82	27106	4609	705	4609	271
11838	83	27436	4665	714	4665	275
11838	84	27767	4721	722	4721	278
11838	85	28097	4777	731	4777	281
11838	86	28428	4833	740	4833	285
11838	87	28759	4889	748	4889	288
11838	88	29089	4945	757	4945	291
11838	89	29420	5001	764	5001	294
11838	90	29750	5058	774	5058	298
11838	91	30081	5114	783	5114	301
11838	92	30411	5170	790	5170	304
11838	93	30742	5226	800	5226	308
11838	94	31072	5282	807	5282	311
11838	95	31403	5338	816	5338	314
11838	96	31734	5394	826	5394	318
11838	97	32064	5450	833	5450	321
11838	98	32395	5506	842	5506	324
11838	99	32725	5564	852	5564	328
11838	100	33056	5620	859	5620	331
11839	1	331	56	9	56	4
11839	2	661	112	17	112	7
11839	3	992	168	26	168	10
11839	4	1322	224	34	224	13
11839	5	1653	281	43	281	17
11839	6	1984	337	52	337	20
11839	7	2314	393	60	393	23
11839	8	2645	449	69	449	27
11839	9	2975	507	78	507	30
11839	10	3306	563	86	563	33
11839	11	3636	619	95	619	37
11839	12	3967	675	103	675	40
11839	13	4297	731	112	731	43
11839	14	4628	787	121	787	47
11839	15	4959	843	129	843	50
11839	16	5289	899	138	899	53
11839	17	5620	955	146	955	56
11839	18	5950	1012	155	1012	60
11839	19	6281	1068	164	1068	63
11839	20	6611	1124	172	1124	66
11839	21	6942	1180	181	1180	70
11839	22	7272	1236	189	1236	73
11839	23	7603	1292	198	1292	76
11839	24	7934	1348	207	1348	80
11839	25	8264	1404	215	1404	83
11839	26	8595	1460	224	1460	86
11839	27	8925	1518	233	1518	90
11839	28	9256	1574	241	1574	93
11839	29	9586	1630	250	1630	96
11839	30	9917	1686	257	1686	99
11839	31	10247	1743	267	1743	103
11839	32	10578	1799	276	1799	106
11839	33	10909	1855	283	1855	109
11839	34	11239	1911	293	1911	113
11839	35	11570	1967	300	1967	116
11839	36	11900	2023	309	2023	119
11839	37	12231	2079	319	2079	123
11839	38	12561	2135	326	2135	126
11839	39	12892	2191	335	2191	129
11839	40	13222	2247	343	2247	132
11839	41	13553	2304	352	2304	136
11839	42	13884	2360	361	2360	139
11839	43	14214	2416	369	2416	142
11839	44	14545	2472	378	2472	146
11839	45	14875	2530	387	2530	149
11839	46	15206	2586	395	2586	152
11839	47	15536	2642	404	2642	156
11839	48	15867	2698	412	2698	159
11839	49	16197	2754	421	2754	162
11839	50	16528	2810	430	2810	166
11839	51	16859	2866	438	2866	169
11839	52	17189	2922	447	2922	172
11839	53	17520	2978	455	2978	175
11839	54	17850	3035	464	3035	179
11839	55	18181	3091	473	3091	182
11839	56	18511	3147	481	3147	185
11839	57	18842	3203	490	3203	189
11839	58	19172	3259	498	3259	192
11839	59	19503	3315	507	3315	195
11839	60	19834	3371	516	3371	199
11839	61	20164	3427	524	3427	202
11839	62	20495	3483	533	3483	205
11839	63	20825	3541	542	3541	209
11839	64	21156	3597	550	3597	212
11839	65	21486	3653	559	3653	215
11839	66	21817	3709	567	3709	218
11839	67	22147	3766	576	3766	222
11839	68	22478	3822	585	3822	225
11839	69	22809	3878	593	3878	228
11839	70	23139	3934	602	3934	232
11839	71	23470	3990	610	3990	235
11839	72	23800	4046	619	4046	238
11839	73	24131	4102	628	4102	242
11839	74	24461	4158	636	4158	245
11839	75	24792	4214	645	4214	248
11839	76	25122	4270	653	4270	251
11839	77	25453	4327	662	4327	255
11839	78	25784	4383	671	4383	258
11839	79	26114	4439	679	4439	261
11839	80	26445	4495	688	4495	265
11839	81	26775	4553	697	4553	268
11839	82	27106	4609	705	4609	271
11839	83	27436	4665	714	4665	275
11839	84	27767	4721	722	4721	278
11839	85	28097	4777	731	4777	281
11839	86	28428	4833	740	4833	285
11839	87	28759	4889	748	4889	288
11839	88	29089	4945	757	4945	291
11839	89	29420	5001	764	5001	294
11839	90	29750	5058	774	5058	298
11839	91	30081	5114	783	5114	301
11839	92	30411	5170	790	5170	304
11839	93	30742	5226	800	5226	308
11839	94	31072	5282	807	5282	311
11839	95	31403	5338	816	5338	314
11839	96	31734	5394	826	5394	318
11839	97	32064	5450	833	5450	321
11839	98	32395	5506	842	5506	324
11839	99	32725	5564	852	5564	328
11839	100	33056	5620	859	5620	331
11840	1	331	56	9	56	4
11840	2	661	112	17	112	7
11840	3	992	168	26	168	10
11840	4	1322	224	34	224	13
11840	5	1653	281	43	281	17
11840	6	1984	337	52	337	20
11840	7	2314	393	60	393	23
11840	8	2645	449	69	449	27
11840	9	2975	507	78	507	30
11840	10	3306	563	86	563	33
11840	11	3636	619	95	619	37
11840	12	3967	675	103	675	40
11840	13	4297	731	112	731	43
11840	14	4628	787	121	787	47
11840	15	4959	843	129	843	50
11840	16	5289	899	138	899	53
11840	17	5620	955	146	955	56
11840	18	5950	1012	155	1012	60
11840	19	6281	1068	164	1068	63
11840	20	6611	1124	172	1124	66
11840	21	6942	1180	181	1180	70
11840	22	7272	1236	189	1236	73
11840	23	7603	1292	198	1292	76
11840	24	7934	1348	207	1348	80
11840	25	8264	1404	215	1404	83
11840	26	8595	1460	224	1460	86
11840	27	8925	1518	233	1518	90
11840	28	9256	1574	241	1574	93
11840	29	9586	1630	250	1630	96
11840	30	9917	1686	257	1686	99
11840	31	10247	1743	267	1743	103
11840	32	10578	1799	276	1799	106
11840	33	10909	1855	283	1855	109
11840	34	11239	1911	293	1911	113
11840	35	11570	1967	300	1967	116
11840	36	11900	2023	309	2023	119
11840	37	12231	2079	319	2079	123
11840	38	12561	2135	326	2135	126
11840	39	12892	2191	335	2191	129
11840	40	13222	2247	343	2247	132
11840	41	13553	2304	352	2304	136
11840	42	13884	2360	361	2360	139
11840	43	14214	2416	369	2416	142
11840	44	14545	2472	378	2472	146
11840	45	14875	2530	387	2530	149
11840	46	15206	2586	395	2586	152
11840	47	15536	2642	404	2642	156
11840	48	15867	2698	412	2698	159
11840	49	16197	2754	421	2754	162
11840	50	16528	2810	430	2810	166
11840	51	16859	2866	438	2866	169
11840	52	17189	2922	447	2922	172
11840	53	17520	2978	455	2978	175
11840	54	17850	3035	464	3035	179
11840	55	18181	3091	473	3091	182
11840	56	18511	3147	481	3147	185
11840	57	18842	3203	490	3203	189
11840	58	19172	3259	498	3259	192
11840	59	19503	3315	507	3315	195
11840	60	19834	3371	516	3371	199
11840	61	20164	3427	524	3427	202
11840	62	20495	3483	533	3483	205
11840	63	20825	3541	542	3541	209
11840	64	21156	3597	550	3597	212
11840	65	21486	3653	559	3653	215
11840	66	21817	3709	567	3709	218
11840	67	22147	3766	576	3766	222
11840	68	22478	3822	585	3822	225
11840	69	22809	3878	593	3878	228
11840	70	23139	3934	602	3934	232
11840	71	23470	3990	610	3990	235
11840	72	23800	4046	619	4046	238
11840	73	24131	4102	628	4102	242
11840	74	24461	4158	636	4158	245
11840	75	24792	4214	645	4214	248
11840	76	25122	4270	653	4270	251
11840	77	25453	4327	662	4327	255
11840	78	25784	4383	671	4383	258
11840	79	26114	4439	679	4439	261
11840	80	26445	4495	688	4495	265
11840	81	26775	4553	697	4553	268
11840	82	27106	4609	705	4609	271
11840	83	27436	4665	714	4665	275
11840	84	27767	4721	722	4721	278
11840	85	28097	4777	731	4777	281
11840	86	28428	4833	740	4833	285
11840	87	28759	4889	748	4889	288
11840	88	29089	4945	757	4945	291
11840	89	29420	5001	764	5001	294
11840	90	29750	5058	774	5058	298
11840	91	30081	5114	783	5114	301
11840	92	30411	5170	790	5170	304
11840	93	30742	5226	800	5226	308
11840	94	31072	5282	807	5282	311
11840	95	31403	5338	816	5338	314
11840	96	31734	5394	826	5394	318
11840	97	32064	5450	833	5450	321
11840	98	32395	5506	842	5506	324
11840	99	32725	5564	852	5564	328
11840	100	33056	5620	859	5620	331
11841	1	331	56	9	56	4
11841	2	661	112	17	112	7
11841	3	992	168	26	168	10
11841	4	1322	224	34	224	13
11841	5	1653	281	43	281	17
11841	6	1984	337	52	337	20
11841	7	2314	393	60	393	23
11841	8	2645	449	69	449	27
11841	9	2975	507	78	507	30
11841	10	3306	563	86	563	33
11841	11	3636	619	95	619	37
11841	12	3967	675	103	675	40
11841	13	4297	731	112	731	43
11841	14	4628	787	121	787	47
11841	15	4959	843	129	843	50
11841	16	5289	899	138	899	53
11841	17	5620	955	146	955	56
11841	18	5950	1012	155	1012	60
11841	19	6281	1068	164	1068	63
11841	20	6611	1124	172	1124	66
11841	21	6942	1180	181	1180	70
11841	22	7272	1236	189	1236	73
11841	23	7603	1292	198	1292	76
11841	24	7934	1348	207	1348	80
11841	25	8264	1404	215	1404	83
11841	26	8595	1460	224	1460	86
11841	27	8925	1518	233	1518	90
11841	28	9256	1574	241	1574	93
11841	29	9586	1630	250	1630	96
11841	30	9917	1686	257	1686	99
11841	31	10247	1743	267	1743	103
11841	32	10578	1799	276	1799	106
11841	33	10909	1855	283	1855	109
11841	34	11239	1911	293	1911	113
11841	35	11570	1967	300	1967	116
11841	36	11900	2023	309	2023	119
11841	37	12231	2079	319	2079	123
11841	38	12561	2135	326	2135	126
11841	39	12892	2191	335	2191	129
11841	40	13222	2247	343	2247	132
11841	41	13553	2304	352	2304	136
11841	42	13884	2360	361	2360	139
11841	43	14214	2416	369	2416	142
11841	44	14545	2472	378	2472	146
11841	45	14875	2530	387	2530	149
11841	46	15206	2586	395	2586	152
11841	47	15536	2642	404	2642	156
11841	48	15867	2698	412	2698	159
11841	49	16197	2754	421	2754	162
11841	50	16528	2810	430	2810	166
11841	51	16859	2866	438	2866	169
11841	52	17189	2922	447	2922	172
11841	53	17520	2978	455	2978	175
11841	54	17850	3035	464	3035	179
11841	55	18181	3091	473	3091	182
11841	56	18511	3147	481	3147	185
11841	57	18842	3203	490	3203	189
11841	58	19172	3259	498	3259	192
11841	59	19503	3315	507	3315	195
11841	60	19834	3371	516	3371	199
11841	61	20164	3427	524	3427	202
11841	62	20495	3483	533	3483	205
11841	63	20825	3541	542	3541	209
11841	64	21156	3597	550	3597	212
11841	65	21486	3653	559	3653	215
11841	66	21817	3709	567	3709	218
11841	67	22147	3766	576	3766	222
11841	68	22478	3822	585	3822	225
11841	69	22809	3878	593	3878	228
11841	70	23139	3934	602	3934	232
11841	71	23470	3990	610	3990	235
11841	72	23800	4046	619	4046	238
11841	73	24131	4102	628	4102	242
11841	74	24461	4158	636	4158	245
11841	75	24792	4214	645	4214	248
11841	76	25122	4270	653	4270	251
11841	77	25453	4327	662	4327	255
11841	78	25784	4383	671	4383	258
11841	79	26114	4439	679	4439	261
11841	80	26445	4495	688	4495	265
11841	81	26775	4553	697	4553	268
11841	82	27106	4609	705	4609	271
11841	83	27436	4665	714	4665	275
11841	84	27767	4721	722	4721	278
11841	85	28097	4777	731	4777	281
11841	86	28428	4833	740	4833	285
11841	87	28759	4889	748	4889	288
11841	88	29089	4945	757	4945	291
11841	89	29420	5001	764	5001	294
11841	90	29750	5058	774	5058	298
11841	91	30081	5114	783	5114	301
11841	92	30411	5170	790	5170	304
11841	93	30742	5226	800	5226	308
11841	94	31072	5282	807	5282	311
11841	95	31403	5338	816	5338	314
11841	96	31734	5394	826	5394	318
11841	97	32064	5450	833	5450	321
11841	98	32395	5506	842	5506	324
11841	99	32725	5564	852	5564	328
11841	100	33056	5620	859	5620	331
11842	1	1124	17	4	17	9
11842	2	2247	33	7	33	17
11842	3	3371	50	10	50	26
11842	4	4495	66	13	66	34
11842	5	5620	83	17	83	43
11842	6	6744	99	20	99	52
11842	7	7868	116	23	116	60
11842	8	8991	132	27	132	69
11842	9	10115	149	30	149	78
11842	10	11239	166	33	166	86
11842	11	12362	182	37	182	95
11842	12	13486	199	40	199	103
11842	13	14610	215	43	215	112
11842	14	15735	232	47	232	121
11842	15	16859	248	50	248	129
11842	16	17983	265	53	265	138
11842	17	19106	281	56	281	146
11842	18	20230	298	60	298	155
11842	19	21354	314	63	314	164
11842	20	22477	331	66	331	172
11842	21	23601	347	70	347	181
11842	22	24725	364	73	364	189
11842	23	25850	380	76	380	198
11842	24	26974	397	80	397	207
11842	25	28098	413	83	413	215
11842	26	29221	430	86	430	224
11842	27	30345	447	90	447	233
11842	28	31469	463	93	463	241
11842	29	32592	480	96	480	250
11842	30	33716	496	99	496	257
11842	31	34840	513	103	513	267
11842	32	35965	529	106	529	276
11842	33	37089	546	109	546	283
11842	34	38213	562	113	562	293
11842	35	39336	579	116	579	300
11842	36	40460	595	119	595	309
11842	37	41584	612	123	612	319
11842	38	42707	628	126	628	326
11842	39	43831	645	129	645	335
11842	40	44955	661	132	661	343
11842	41	46080	678	136	678	352
11842	42	47204	694	139	694	361
11842	43	48328	711	142	711	369
11842	44	49451	727	146	727	378
11842	45	50575	744	149	744	387
11842	46	51699	761	152	761	395
11842	47	52822	777	156	777	404
11842	48	53946	794	159	794	412
11842	49	55070	810	162	810	421
11842	50	56195	827	166	827	430
11842	51	57319	843	169	843	438
11842	52	58443	860	172	860	447
11842	53	59566	876	175	876	455
11842	54	60690	893	179	893	464
11842	55	61814	909	182	909	473
11842	56	62937	926	185	926	481
11842	57	64061	942	189	942	490
11842	58	65185	959	192	959	498
11842	59	66310	975	195	975	507
11842	60	67434	992	199	992	516
11842	61	68558	1008	202	1008	524
11842	62	69681	1025	205	1025	533
11842	63	70805	1042	209	1042	542
11842	64	71929	1058	212	1058	550
11842	65	73052	1075	215	1075	559
11842	66	74176	1091	218	1091	567
11842	67	75300	1108	222	1108	576
11842	68	76425	1124	225	1124	585
11842	69	77549	1141	228	1141	593
11842	70	78673	1157	232	1157	602
11842	71	79796	1174	235	1174	610
11842	72	80920	1190	238	1190	619
11842	73	82044	1207	242	1207	628
11842	74	83167	1223	245	1223	636
11842	75	84291	1240	248	1240	645
11842	76	85415	1256	251	1256	653
11842	77	86540	1273	255	1273	662
11842	78	87664	1289	258	1289	671
11842	79	88788	1306	261	1306	679
11842	80	89911	1322	265	1322	688
11842	81	91035	1339	268	1339	697
11842	82	92159	1356	271	1356	705
11842	83	93282	1372	275	1372	714
11842	84	94406	1389	278	1389	722
11842	85	95530	1405	281	1405	731
11842	86	96655	1422	285	1422	740
11842	87	97779	1438	288	1438	748
11842	88	98903	1455	291	1455	757
11842	89	100026	1471	294	1471	764
11842	90	101150	1488	298	1488	774
11842	91	102274	1504	301	1504	783
11842	92	103397	1521	304	1521	790
11842	93	104521	1537	308	1537	800
11842	94	105645	1554	311	1554	807
11842	95	106770	1570	314	1570	816
11842	96	107894	1587	318	1587	826
11842	97	109018	1603	321	1603	833
11842	98	110141	1620	324	1620	842
11842	99	111265	1637	328	1637	852
11842	100	112389	1653	331	1653	859
11843	1	1124	17	4	17	9
11843	2	2247	33	7	33	17
11843	3	3371	50	10	50	26
11843	4	4495	66	13	66	34
11843	5	5620	83	17	83	43
11843	6	6744	99	20	99	52
11843	7	7868	116	23	116	60
11843	8	8991	132	27	132	69
11843	9	10115	149	30	149	78
11843	10	11239	166	33	166	86
11843	11	12362	182	37	182	95
11843	12	13486	199	40	199	103
11843	13	14610	215	43	215	112
11843	14	15735	232	47	232	121
11843	15	16859	248	50	248	129
11843	16	17983	265	53	265	138
11843	17	19106	281	56	281	146
11843	18	20230	298	60	298	155
11843	19	21354	314	63	314	164
11843	20	22477	331	66	331	172
11843	21	23601	347	70	347	181
11843	22	24725	364	73	364	189
11843	23	25850	380	76	380	198
11843	24	26974	397	80	397	207
11843	25	28098	413	83	413	215
11843	26	29221	430	86	430	224
11843	27	30345	447	90	447	233
11843	28	31469	463	93	463	241
11843	29	32592	480	96	480	250
11843	30	33716	496	99	496	257
11843	31	34840	513	103	513	267
11843	32	35965	529	106	529	276
11843	33	37089	546	109	546	283
11843	34	38213	562	113	562	293
11843	35	39336	579	116	579	300
11843	36	40460	595	119	595	309
11843	37	41584	612	123	612	319
11843	38	42707	628	126	628	326
11843	39	43831	645	129	645	335
11843	40	44955	661	132	661	343
11843	41	46080	678	136	678	352
11843	42	47204	694	139	694	361
11843	43	48328	711	142	711	369
11843	44	49451	727	146	727	378
11843	45	50575	744	149	744	387
11843	46	51699	761	152	761	395
11843	47	52822	777	156	777	404
11843	48	53946	794	159	794	412
11843	49	55070	810	162	810	421
11843	50	56195	827	166	827	430
11843	51	57319	843	169	843	438
11843	52	58443	860	172	860	447
11843	53	59566	876	175	876	455
11843	54	60690	893	179	893	464
11843	55	61814	909	182	909	473
11843	56	62937	926	185	926	481
11843	57	64061	942	189	942	490
11843	58	65185	959	192	959	498
11843	59	66310	975	195	975	507
11843	60	67434	992	199	992	516
11843	61	68558	1008	202	1008	524
11843	62	69681	1025	205	1025	533
11843	63	70805	1042	209	1042	542
11843	64	71929	1058	212	1058	550
11843	65	73052	1075	215	1075	559
11843	66	74176	1091	218	1091	567
11843	67	75300	1108	222	1108	576
11843	68	76425	1124	225	1124	585
11843	69	77549	1141	228	1141	593
11843	70	78673	1157	232	1157	602
11843	71	79796	1174	235	1174	610
11843	72	80920	1190	238	1190	619
11843	73	82044	1207	242	1207	628
11843	74	83167	1223	245	1223	636
11843	75	84291	1240	248	1240	645
11843	76	85415	1256	251	1256	653
11843	77	86540	1273	255	1273	662
11843	78	87664	1289	258	1289	671
11843	79	88788	1306	261	1306	679
11843	80	89911	1322	265	1322	688
11843	81	91035	1339	268	1339	697
11843	82	92159	1356	271	1356	705
11843	83	93282	1372	275	1372	714
11843	84	94406	1389	278	1389	722
11843	85	95530	1405	281	1405	731
11843	86	96655	1422	285	1422	740
11843	87	97779	1438	288	1438	748
11843	88	98903	1455	291	1455	757
11843	89	100026	1471	294	1471	764
11843	90	101150	1488	298	1488	774
11843	91	102274	1504	301	1504	783
11843	92	103397	1521	304	1521	790
11843	93	104521	1537	308	1537	800
11843	94	105645	1554	311	1554	807
11843	95	106770	1570	314	1570	816
11843	96	107894	1587	318	1587	826
11843	97	109018	1603	321	1603	833
11843	98	110141	1620	324	1620	842
11843	99	111265	1637	328	1637	852
11843	100	112389	1653	331	1653	859
11844	1	1124	17	4	17	9
11844	2	2247	33	7	33	17
11844	3	3371	50	10	50	26
11844	4	4495	66	13	66	34
11844	5	5620	83	17	83	43
11844	6	6744	99	20	99	52
11844	7	7868	116	23	116	60
11844	8	8991	132	27	132	69
11844	9	10115	149	30	149	78
11844	10	11239	166	33	166	86
11844	11	12362	182	37	182	95
11844	12	13486	199	40	199	103
11844	13	14610	215	43	215	112
11844	14	15735	232	47	232	121
11844	15	16859	248	50	248	129
11844	16	17983	265	53	265	138
11844	17	19106	281	56	281	146
11844	18	20230	298	60	298	155
11844	19	21354	314	63	314	164
11844	20	22477	331	66	331	172
11844	21	23601	347	70	347	181
11844	22	24725	364	73	364	189
11844	23	25850	380	76	380	198
11844	24	26974	397	80	397	207
11844	25	28098	413	83	413	215
11844	26	29221	430	86	430	224
11844	27	30345	447	90	447	233
11844	28	31469	463	93	463	241
11844	29	32592	480	96	480	250
11844	30	33716	496	99	496	257
11844	31	34840	513	103	513	267
11844	32	35965	529	106	529	276
11844	33	37089	546	109	546	283
11844	34	38213	562	113	562	293
11844	35	39336	579	116	579	300
11844	36	40460	595	119	595	309
11844	37	41584	612	123	612	319
11844	38	42707	628	126	628	326
11844	39	43831	645	129	645	335
11844	40	44955	661	132	661	343
11844	41	46080	678	136	678	352
11844	42	47204	694	139	694	361
11844	43	48328	711	142	711	369
11844	44	49451	727	146	727	378
11844	45	50575	744	149	744	387
11844	46	51699	761	152	761	395
11844	47	52822	777	156	777	404
11844	48	53946	794	159	794	412
11844	49	55070	810	162	810	421
11844	50	56195	827	166	827	430
11844	51	57319	843	169	843	438
11844	52	58443	860	172	860	447
11844	53	59566	876	175	876	455
11844	54	60690	893	179	893	464
11844	55	61814	909	182	909	473
11844	56	62937	926	185	926	481
11844	57	64061	942	189	942	490
11844	58	65185	959	192	959	498
11844	59	66310	975	195	975	507
11844	60	67434	992	199	992	516
11844	61	68558	1008	202	1008	524
11844	62	69681	1025	205	1025	533
11844	63	70805	1042	209	1042	542
11844	64	71929	1058	212	1058	550
11844	65	73052	1075	215	1075	559
11844	66	74176	1091	218	1091	567
11844	67	75300	1108	222	1108	576
11844	68	76425	1124	225	1124	585
11844	69	77549	1141	228	1141	593
11844	70	78673	1157	232	1157	602
11844	71	79796	1174	235	1174	610
11844	72	80920	1190	238	1190	619
11844	73	82044	1207	242	1207	628
11844	74	83167	1223	245	1223	636
11844	75	84291	1240	248	1240	645
11844	76	85415	1256	251	1256	653
11844	77	86540	1273	255	1273	662
11844	78	87664	1289	258	1289	671
11844	79	88788	1306	261	1306	679
11844	80	89911	1322	265	1322	688
11844	81	91035	1339	268	1339	697
11844	82	92159	1356	271	1356	705
11844	83	93282	1372	275	1372	714
11844	84	94406	1389	278	1389	722
11844	85	95530	1405	281	1405	731
11844	86	96655	1422	285	1422	740
11844	87	97779	1438	288	1438	748
11844	88	98903	1455	291	1455	757
11844	89	100026	1471	294	1471	764
11844	90	101150	1488	298	1488	774
11844	91	102274	1504	301	1504	783
11844	92	103397	1521	304	1521	790
11844	93	104521	1537	308	1537	800
11844	94	105645	1554	311	1554	807
11844	95	106770	1570	314	1570	816
11844	96	107894	1587	318	1587	826
11844	97	109018	1603	321	1603	833
11844	98	110141	1620	324	1620	842
11844	99	111265	1637	328	1637	852
11844	100	112389	1653	331	1653	859
11845	1	1124	17	4	17	9
11845	2	2247	33	7	33	17
11845	3	3371	50	10	50	26
11845	4	4495	66	13	66	34
11845	5	5620	83	17	83	43
11845	6	6744	99	20	99	52
11845	7	7868	116	23	116	60
11845	8	8991	132	27	132	69
11845	9	10115	149	30	149	78
11845	10	11239	166	33	166	86
11845	11	12362	182	37	182	95
11845	12	13486	199	40	199	103
11845	13	14610	215	43	215	112
11845	14	15735	232	47	232	121
11845	15	16859	248	50	248	129
11845	16	17983	265	53	265	138
11845	17	19106	281	56	281	146
11845	18	20230	298	60	298	155
11845	19	21354	314	63	314	164
11845	20	22477	331	66	331	172
11845	21	23601	347	70	347	181
11845	22	24725	364	73	364	189
11845	23	25850	380	76	380	198
11845	24	26974	397	80	397	207
11845	25	28098	413	83	413	215
11845	26	29221	430	86	430	224
11845	27	30345	447	90	447	233
11845	28	31469	463	93	463	241
11845	29	32592	480	96	480	250
11845	30	33716	496	99	496	257
11845	31	34840	513	103	513	267
11845	32	35965	529	106	529	276
11845	33	37089	546	109	546	283
11845	34	38213	562	113	562	293
11845	35	39336	579	116	579	300
11845	36	40460	595	119	595	309
11845	37	41584	612	123	612	319
11845	38	42707	628	126	628	326
11845	39	43831	645	129	645	335
11845	40	44955	661	132	661	343
11845	41	46080	678	136	678	352
11845	42	47204	694	139	694	361
11845	43	48328	711	142	711	369
11845	44	49451	727	146	727	378
11845	45	50575	744	149	744	387
11845	46	51699	761	152	761	395
11845	47	52822	777	156	777	404
11845	48	53946	794	159	794	412
11845	49	55070	810	162	810	421
11845	50	56195	827	166	827	430
11845	51	57319	843	169	843	438
11845	52	58443	860	172	860	447
11845	53	59566	876	175	876	455
11845	54	60690	893	179	893	464
11845	55	61814	909	182	909	473
11845	56	62937	926	185	926	481
11845	57	64061	942	189	942	490
11845	58	65185	959	192	959	498
11845	59	66310	975	195	975	507
11845	60	67434	992	199	992	516
11845	61	68558	1008	202	1008	524
11845	62	69681	1025	205	1025	533
11845	63	70805	1042	209	1042	542
11845	64	71929	1058	212	1058	550
11845	65	73052	1075	215	1075	559
11845	66	74176	1091	218	1091	567
11845	67	75300	1108	222	1108	576
11845	68	76425	1124	225	1124	585
11845	69	77549	1141	228	1141	593
11845	70	78673	1157	232	1157	602
11845	71	79796	1174	235	1174	610
11845	72	80920	1190	238	1190	619
11845	73	82044	1207	242	1207	628
11845	74	83167	1223	245	1223	636
11845	75	84291	1240	248	1240	645
11845	76	85415	1256	251	1256	653
11845	77	86540	1273	255	1273	662
11845	78	87664	1289	258	1289	671
11845	79	88788	1306	261	1306	679
11845	80	89911	1322	265	1322	688
11845	81	91035	1339	268	1339	697
11845	82	92159	1356	271	1356	705
11845	83	93282	1372	275	1372	714
11845	84	94406	1389	278	1389	722
11845	85	95530	1405	281	1405	731
11845	86	96655	1422	285	1422	740
11845	87	97779	1438	288	1438	748
11845	88	98903	1455	291	1455	757
11845	89	100026	1471	294	1471	764
11845	90	101150	1488	298	1488	774
11845	91	102274	1504	301	1504	783
11845	92	103397	1521	304	1521	790
11845	93	104521	1537	308	1537	800
11845	94	105645	1554	311	1554	807
11845	95	106770	1570	314	1570	816
11845	96	107894	1587	318	1587	826
11845	97	109018	1603	321	1603	833
11845	98	110141	1620	324	1620	842
11845	99	111265	1637	328	1637	852
11845	100	112389	1653	331	1653	859
11846	1	1124	17	4	17	9
11846	2	2247	33	7	33	17
11846	3	3371	50	10	50	26
11846	4	4495	66	13	66	34
11846	5	5620	83	17	83	43
11846	6	6744	99	20	99	52
11846	7	7868	116	23	116	60
11846	8	8991	132	27	132	69
11846	9	10115	149	30	149	78
11846	10	11239	166	33	166	86
11846	11	12362	182	37	182	95
11846	12	13486	199	40	199	103
11846	13	14610	215	43	215	112
11846	14	15735	232	47	232	121
11846	15	16859	248	50	248	129
11846	16	17983	265	53	265	138
11846	17	19106	281	56	281	146
11846	18	20230	298	60	298	155
11846	19	21354	314	63	314	164
11846	20	22477	331	66	331	172
11846	21	23601	347	70	347	181
11846	22	24725	364	73	364	189
11846	23	25850	380	76	380	198
11846	24	26974	397	80	397	207
11846	25	28098	413	83	413	215
11846	26	29221	430	86	430	224
11846	27	30345	447	90	447	233
11846	28	31469	463	93	463	241
11846	29	32592	480	96	480	250
11846	30	33716	496	99	496	257
11846	31	34840	513	103	513	267
11846	32	35965	529	106	529	276
11846	33	37089	546	109	546	283
11846	34	38213	562	113	562	293
11846	35	39336	579	116	579	300
11846	36	40460	595	119	595	309
11846	37	41584	612	123	612	319
11846	38	42707	628	126	628	326
11846	39	43831	645	129	645	335
11846	40	44955	661	132	661	343
11846	41	46080	678	136	678	352
11846	42	47204	694	139	694	361
11846	43	48328	711	142	711	369
11846	44	49451	727	146	727	378
11846	45	50575	744	149	744	387
11846	46	51699	761	152	761	395
11846	47	52822	777	156	777	404
11846	48	53946	794	159	794	412
11846	49	55070	810	162	810	421
11846	50	56195	827	166	827	430
11846	51	57319	843	169	843	438
11846	52	58443	860	172	860	447
11846	53	59566	876	175	876	455
11846	54	60690	893	179	893	464
11846	55	61814	909	182	909	473
11846	56	62937	926	185	926	481
11846	57	64061	942	189	942	490
11846	58	65185	959	192	959	498
11846	59	66310	975	195	975	507
11846	60	67434	992	199	992	516
11846	61	68558	1008	202	1008	524
11846	62	69681	1025	205	1025	533
11846	63	70805	1042	209	1042	542
11846	64	71929	1058	212	1058	550
11846	65	73052	1075	215	1075	559
11846	66	74176	1091	218	1091	567
11846	67	75300	1108	222	1108	576
11846	68	76425	1124	225	1124	585
11846	69	77549	1141	228	1141	593
11846	70	78673	1157	232	1157	602
11846	71	79796	1174	235	1174	610
11846	72	80920	1190	238	1190	619
11846	73	82044	1207	242	1207	628
11846	74	83167	1223	245	1223	636
11846	75	84291	1240	248	1240	645
11846	76	85415	1256	251	1256	653
11846	77	86540	1273	255	1273	662
11846	78	87664	1289	258	1289	671
11846	79	88788	1306	261	1306	679
11846	80	89911	1322	265	1322	688
11846	81	91035	1339	268	1339	697
11846	82	92159	1356	271	1356	705
11846	83	93282	1372	275	1372	714
11846	84	94406	1389	278	1389	722
11846	85	95530	1405	281	1405	731
11846	86	96655	1422	285	1422	740
11846	87	97779	1438	288	1438	748
11846	88	98903	1455	291	1455	757
11846	89	100026	1471	294	1471	764
11846	90	101150	1488	298	1488	774
11846	91	102274	1504	301	1504	783
11846	92	103397	1521	304	1521	790
11846	93	104521	1537	308	1537	800
11846	94	105645	1554	311	1554	807
11846	95	106770	1570	314	1570	816
11846	96	107894	1587	318	1587	826
11846	97	109018	1603	321	1603	833
11846	98	110141	1620	324	1620	842
11846	99	111265	1637	328	1637	852
11846	100	112389	1653	331	1653	859
12677	1	331	50	7	50	7
12677	2	661	99	13	99	13
12677	3	992	149	20	149	20
12677	4	1322	198	26	198	26
12677	5	1653	248	33	248	33
12677	6	1984	297	40	297	40
12677	7	2314	347	46	347	46
12677	8	2645	396	53	396	53
12677	9	2975	447	60	447	60
12677	10	3306	497	66	497	66
12677	11	3636	546	73	546	73
12677	12	3967	596	79	596	79
12677	13	4297	645	86	645	86
12677	14	4628	695	93	695	93
12677	15	4959	744	99	744	99
12677	16	5289	794	106	794	106
12677	17	5620	843	112	843	112
12677	18	5950	893	119	893	119
12677	19	6281	942	126	942	126
12677	20	6611	992	132	992	132
12677	21	6942	1041	139	1041	139
12677	22	7272	1091	145	1091	145
12677	23	7603	1140	152	1140	152
12677	24	7934	1190	159	1190	159
12677	25	8264	1239	165	1239	165
12677	26	8595	1289	172	1289	172
12677	27	8925	1340	179	1340	179
12677	28	9256	1389	185	1389	185
12677	29	9586	1439	192	1439	192
12677	30	9917	1488	198	1488	198
12677	31	10247	1538	205	1538	205
12677	32	10578	1587	212	1587	212
12677	33	10909	1637	218	1637	218
12677	34	11239	1686	225	1686	225
12677	35	11570	1736	231	1736	231
12677	36	11900	1785	238	1785	238
12677	37	12231	1835	245	1835	245
12677	38	12561	1884	251	1884	251
12677	39	12892	1934	258	1934	258
12677	40	13222	1983	264	1983	264
12677	41	13553	2033	271	2033	271
12677	42	13884	2082	278	2082	278
12677	43	14214	2132	284	2132	284
12677	44	14545	2181	291	2181	291
12677	45	14875	2232	298	2232	298
12677	46	15206	2282	304	2282	304
12677	47	15536	2331	311	2331	311
12677	48	15867	2381	317	2381	317
12677	49	16197	2430	324	2430	324
12677	50	16528	2480	331	2480	331
12677	51	16859	2529	337	2529	337
12677	52	17189	2579	344	2579	344
12677	53	17520	2628	350	2628	350
12677	54	17850	2678	357	2678	357
12677	55	18181	2727	364	2727	364
12677	56	18511	2777	370	2777	370
12677	57	18842	2826	377	2826	377
12677	58	19172	2876	383	2876	383
12677	59	19503	2925	390	2925	390
12677	60	19834	2975	397	2975	397
12677	61	20164	3024	403	3024	403
12677	62	20495	3074	410	3074	410
12677	63	20825	3125	417	3125	417
12677	64	21156	3174	423	3174	423
12677	65	21486	3224	430	3224	430
12677	66	21817	3273	436	3273	436
12677	67	22147	3323	443	3323	443
12677	68	22478	3372	450	3372	450
12677	69	22809	3422	456	3422	456
12677	70	23139	3471	463	3471	463
12677	71	23470	3521	469	3521	469
12677	72	23800	3570	476	3570	476
12677	73	24131	3620	483	3620	483
12677	74	24461	3669	489	3669	489
12677	75	24792	3719	496	3719	496
12677	76	25122	3768	502	3768	502
12677	77	25453	3818	509	3818	509
12677	78	25784	3867	516	3867	516
12677	79	26114	3917	522	3917	522
12677	80	26445	3966	529	3966	529
12677	81	26775	4017	536	4017	536
12677	82	27106	4067	542	4067	542
12677	83	27436	4116	549	4116	549
12677	84	27767	4166	555	4166	555
12677	85	28097	4215	562	4215	562
12677	86	28428	4265	569	4265	569
12677	87	28759	4314	575	4314	575
12677	88	29089	4364	582	4364	582
12677	89	29420	4413	588	4413	588
12677	90	29750	4463	595	4463	595
12677	91	30081	4512	602	4512	602
12677	92	30411	4562	608	4562	608
12677	93	30742	4611	615	4611	615
12677	94	31072	4661	621	4661	621
12677	95	31403	4710	628	4710	628
12677	96	31734	4760	635	4760	635
12677	97	32064	4809	641	4809	641
12677	98	32395	4859	648	4859	648
12677	99	32725	4910	655	4910	655
12677	100	33056	4959	661	4959	661
12678	1	331	50	7	50	7
12678	2	661	99	13	99	13
12678	3	992	149	20	149	20
12678	4	1322	198	26	198	26
12678	5	1653	248	33	248	33
12678	6	1984	297	40	297	40
12678	7	2314	347	46	347	46
12678	8	2645	396	53	396	53
12678	9	2975	447	60	447	60
12678	10	3306	497	66	497	66
12678	11	3636	546	73	546	73
12678	12	3967	596	79	596	79
12678	13	4297	645	86	645	86
12678	14	4628	695	93	695	93
12678	15	4959	744	99	744	99
12678	16	5289	794	106	794	106
12678	17	5620	843	112	843	112
12678	18	5950	893	119	893	119
12678	19	6281	942	126	942	126
12678	20	6611	992	132	992	132
12678	21	6942	1041	139	1041	139
12678	22	7272	1091	145	1091	145
12678	23	7603	1140	152	1140	152
12678	24	7934	1190	159	1190	159
12678	25	8264	1239	165	1239	165
12678	26	8595	1289	172	1289	172
12678	27	8925	1340	179	1340	179
12678	28	9256	1389	185	1389	185
12678	29	9586	1439	192	1439	192
12678	30	9917	1488	198	1488	198
12678	31	10247	1538	205	1538	205
12678	32	10578	1587	212	1587	212
12678	33	10909	1637	218	1637	218
12678	34	11239	1686	225	1686	225
12678	35	11570	1736	231	1736	231
12678	36	11900	1785	238	1785	238
12678	37	12231	1835	245	1835	245
12678	38	12561	1884	251	1884	251
12678	39	12892	1934	258	1934	258
12678	40	13222	1983	264	1983	264
12678	41	13553	2033	271	2033	271
12678	42	13884	2082	278	2082	278
12678	43	14214	2132	284	2132	284
12678	44	14545	2181	291	2181	291
12678	45	14875	2232	298	2232	298
12678	46	15206	2282	304	2282	304
12678	47	15536	2331	311	2331	311
12678	48	15867	2381	317	2381	317
12678	49	16197	2430	324	2430	324
12678	50	16528	2480	331	2480	331
12678	51	16859	2529	337	2529	337
12678	52	17189	2579	344	2579	344
12678	53	17520	2628	350	2628	350
12678	54	17850	2678	357	2678	357
12678	55	18181	2727	364	2727	364
12678	56	18511	2777	370	2777	370
12678	57	18842	2826	377	2826	377
12678	58	19172	2876	383	2876	383
12678	59	19503	2925	390	2925	390
12678	60	19834	2975	397	2975	397
12678	61	20164	3024	403	3024	403
12678	62	20495	3074	410	3074	410
12678	63	20825	3125	417	3125	417
12678	64	21156	3174	423	3174	423
12678	65	21486	3224	430	3224	430
12678	66	21817	3273	436	3273	436
12678	67	22147	3323	443	3323	443
12678	68	22478	3372	450	3372	450
12678	69	22809	3422	456	3422	456
12678	70	23139	3471	463	3471	463
12678	71	23470	3521	469	3521	469
12678	72	23800	3570	476	3570	476
12678	73	24131	3620	483	3620	483
12678	74	24461	3669	489	3669	489
12678	75	24792	3719	496	3719	496
12678	76	25122	3768	502	3768	502
12678	77	25453	3818	509	3818	509
12678	78	25784	3867	516	3867	516
12678	79	26114	3917	522	3917	522
12678	80	26445	3966	529	3966	529
12678	81	26775	4017	536	4017	536
12678	82	27106	4067	542	4067	542
12678	83	27436	4116	549	4116	549
12678	84	27767	4166	555	4166	555
12678	85	28097	4215	562	4215	562
12678	86	28428	4265	569	4265	569
12678	87	28759	4314	575	4314	575
12678	88	29089	4364	582	4364	582
12678	89	29420	4413	588	4413	588
12678	90	29750	4463	595	4463	595
12678	91	30081	4512	602	4512	602
12678	92	30411	4562	608	4562	608
12678	93	30742	4611	615	4611	615
12678	94	31072	4661	621	4661	621
12678	95	31403	4710	628	4710	628
12678	96	31734	4760	635	4760	635
12678	97	32064	4809	641	4809	641
12678	98	32395	4859	648	4859	648
12678	99	32725	4910	655	4910	655
12678	100	33056	4959	661	4959	661
12679	1	331	50	7	50	7
12679	2	661	99	13	99	13
12679	3	992	149	20	149	20
12679	4	1322	198	26	198	26
12679	5	1653	248	33	248	33
12679	6	1984	297	40	297	40
12679	7	2314	347	46	347	46
12679	8	2645	396	53	396	53
12679	9	2975	447	60	447	60
12679	10	3306	497	66	497	66
12679	11	3636	546	73	546	73
12679	12	3967	596	79	596	79
12679	13	4297	645	86	645	86
12679	14	4628	695	93	695	93
12679	15	4959	744	99	744	99
12679	16	5289	794	106	794	106
12679	17	5620	843	112	843	112
12679	18	5950	893	119	893	119
12679	19	6281	942	126	942	126
12679	20	6611	992	132	992	132
12679	21	6942	1041	139	1041	139
12679	22	7272	1091	145	1091	145
12679	23	7603	1140	152	1140	152
12679	24	7934	1190	159	1190	159
12679	25	8264	1239	165	1239	165
12679	26	8595	1289	172	1289	172
12679	27	8925	1340	179	1340	179
12679	28	9256	1389	185	1389	185
12679	29	9586	1439	192	1439	192
12679	30	9917	1488	198	1488	198
12679	31	10247	1538	205	1538	205
12679	32	10578	1587	212	1587	212
12679	33	10909	1637	218	1637	218
12679	34	11239	1686	225	1686	225
12679	35	11570	1736	231	1736	231
12679	36	11900	1785	238	1785	238
12679	37	12231	1835	245	1835	245
12679	38	12561	1884	251	1884	251
12679	39	12892	1934	258	1934	258
12679	40	13222	1983	264	1983	264
12679	41	13553	2033	271	2033	271
12679	42	13884	2082	278	2082	278
12679	43	14214	2132	284	2132	284
12679	44	14545	2181	291	2181	291
12679	45	14875	2232	298	2232	298
12679	46	15206	2282	304	2282	304
12679	47	15536	2331	311	2331	311
12679	48	15867	2381	317	2381	317
12679	49	16197	2430	324	2430	324
12679	50	16528	2480	331	2480	331
12679	51	16859	2529	337	2529	337
12679	52	17189	2579	344	2579	344
12679	53	17520	2628	350	2628	350
12679	54	17850	2678	357	2678	357
12679	55	18181	2727	364	2727	364
12679	56	18511	2777	370	2777	370
12679	57	18842	2826	377	2826	377
12679	58	19172	2876	383	2876	383
12679	59	19503	2925	390	2925	390
12679	60	19834	2975	397	2975	397
12679	61	20164	3024	403	3024	403
12679	62	20495	3074	410	3074	410
12679	63	20825	3125	417	3125	417
12679	64	21156	3174	423	3174	423
12679	65	21486	3224	430	3224	430
12679	66	21817	3273	436	3273	436
12679	67	22147	3323	443	3323	443
12679	68	22478	3372	450	3372	450
12679	69	22809	3422	456	3422	456
12679	70	23139	3471	463	3471	463
12679	71	23470	3521	469	3521	469
12679	72	23800	3570	476	3570	476
12679	73	24131	3620	483	3620	483
12679	74	24461	3669	489	3669	489
12679	75	24792	3719	496	3719	496
12679	76	25122	3768	502	3768	502
12679	77	25453	3818	509	3818	509
12679	78	25784	3867	516	3867	516
12679	79	26114	3917	522	3917	522
12679	80	26445	3966	529	3966	529
12679	81	26775	4017	536	4017	536
12679	82	27106	4067	542	4067	542
12679	83	27436	4116	549	4116	549
12679	84	27767	4166	555	4166	555
12679	85	28097	4215	562	4215	562
12679	86	28428	4265	569	4265	569
12679	87	28759	4314	575	4314	575
12679	88	29089	4364	582	4364	582
12679	89	29420	4413	588	4413	588
12679	90	29750	4463	595	4463	595
12679	91	30081	4512	602	4512	602
12679	92	30411	4562	608	4562	608
12679	93	30742	4611	615	4611	615
12679	94	31072	4661	621	4661	621
12679	95	31403	4710	628	4710	628
12679	96	31734	4760	635	4760	635
12679	97	32064	4809	641	4809	641
12679	98	32395	4859	648	4859	648
12679	99	32725	4910	655	4910	655
12679	100	33056	4959	661	4959	661
12680	1	331	50	7	50	7
12680	2	661	99	13	99	13
12680	3	992	149	20	149	20
12680	4	1322	198	26	198	26
12680	5	1653	248	33	248	33
12680	6	1984	297	40	297	40
12680	7	2314	347	46	347	46
12680	8	2645	396	53	396	53
12680	9	2975	447	60	447	60
12680	10	3306	497	66	497	66
12680	11	3636	546	73	546	73
12680	12	3967	596	79	596	79
12680	13	4297	645	86	645	86
12680	14	4628	695	93	695	93
12680	15	4959	744	99	744	99
12680	16	5289	794	106	794	106
12680	17	5620	843	112	843	112
12680	18	5950	893	119	893	119
12680	19	6281	942	126	942	126
12680	20	6611	992	132	992	132
12680	21	6942	1041	139	1041	139
12680	22	7272	1091	145	1091	145
12680	23	7603	1140	152	1140	152
12680	24	7934	1190	159	1190	159
12680	25	8264	1239	165	1239	165
12680	26	8595	1289	172	1289	172
12680	27	8925	1340	179	1340	179
12680	28	9256	1389	185	1389	185
12680	29	9586	1439	192	1439	192
12680	30	9917	1488	198	1488	198
12680	31	10247	1538	205	1538	205
12680	32	10578	1587	212	1587	212
12680	33	10909	1637	218	1637	218
12680	34	11239	1686	225	1686	225
12680	35	11570	1736	231	1736	231
12680	36	11900	1785	238	1785	238
12680	37	12231	1835	245	1835	245
12680	38	12561	1884	251	1884	251
12680	39	12892	1934	258	1934	258
12680	40	13222	1983	264	1983	264
12680	41	13553	2033	271	2033	271
12680	42	13884	2082	278	2082	278
12680	43	14214	2132	284	2132	284
12680	44	14545	2181	291	2181	291
12680	45	14875	2232	298	2232	298
12680	46	15206	2282	304	2282	304
12680	47	15536	2331	311	2331	311
12680	48	15867	2381	317	2381	317
12680	49	16197	2430	324	2430	324
12680	50	16528	2480	331	2480	331
12680	51	16859	2529	337	2529	337
12680	52	17189	2579	344	2579	344
12680	53	17520	2628	350	2628	350
12680	54	17850	2678	357	2678	357
12680	55	18181	2727	364	2727	364
12680	56	18511	2777	370	2777	370
12680	57	18842	2826	377	2826	377
12680	58	19172	2876	383	2876	383
12680	59	19503	2925	390	2925	390
12680	60	19834	2975	397	2975	397
12680	61	20164	3024	403	3024	403
12680	62	20495	3074	410	3074	410
12680	63	20825	3125	417	3125	417
12680	64	21156	3174	423	3174	423
12680	65	21486	3224	430	3224	430
12680	66	21817	3273	436	3273	436
12680	67	22147	3323	443	3323	443
12680	68	22478	3372	450	3372	450
12680	69	22809	3422	456	3422	456
12680	70	23139	3471	463	3471	463
12680	71	23470	3521	469	3521	469
12680	72	23800	3570	476	3570	476
12680	73	24131	3620	483	3620	483
12680	74	24461	3669	489	3669	489
12680	75	24792	3719	496	3719	496
12680	76	25122	3768	502	3768	502
12680	77	25453	3818	509	3818	509
12680	78	25784	3867	516	3867	516
12680	79	26114	3917	522	3917	522
12680	80	26445	3966	529	3966	529
12680	81	26775	4017	536	4017	536
12680	82	27106	4067	542	4067	542
12680	83	27436	4116	549	4116	549
12680	84	27767	4166	555	4166	555
12680	85	28097	4215	562	4215	562
12680	86	28428	4265	569	4265	569
12680	87	28759	4314	575	4314	575
12680	88	29089	4364	582	4364	582
12680	89	29420	4413	588	4413	588
12680	90	29750	4463	595	4463	595
12680	91	30081	4512	602	4512	602
12680	92	30411	4562	608	4562	608
12680	93	30742	4611	615	4611	615
12680	94	31072	4661	621	4661	621
12680	95	31403	4710	628	4710	628
12680	96	31734	4760	635	4760	635
12680	97	32064	4809	641	4809	641
12680	98	32395	4859	648	4859	648
12680	99	32725	4910	655	4910	655
12680	100	33056	4959	661	4959	661
12681	1	331	50	7	50	7
12681	2	661	99	13	99	13
12681	3	992	149	20	149	20
12681	4	1322	198	26	198	26
12681	5	1653	248	33	248	33
12681	6	1984	297	40	297	40
12681	7	2314	347	46	347	46
12681	8	2645	396	53	396	53
12681	9	2975	447	60	447	60
12681	10	3306	497	66	497	66
12681	11	3636	546	73	546	73
12681	12	3967	596	79	596	79
12681	13	4297	645	86	645	86
12681	14	4628	695	93	695	93
12681	15	4959	744	99	744	99
12681	16	5289	794	106	794	106
12681	17	5620	843	112	843	112
12681	18	5950	893	119	893	119
12681	19	6281	942	126	942	126
12681	20	6611	992	132	992	132
12681	21	6942	1041	139	1041	139
12681	22	7272	1091	145	1091	145
12681	23	7603	1140	152	1140	152
12681	24	7934	1190	159	1190	159
12681	25	8264	1239	165	1239	165
12681	26	8595	1289	172	1289	172
12681	27	8925	1340	179	1340	179
12681	28	9256	1389	185	1389	185
12681	29	9586	1439	192	1439	192
12681	30	9917	1488	198	1488	198
12681	31	10247	1538	205	1538	205
12681	32	10578	1587	212	1587	212
12681	33	10909	1637	218	1637	218
12681	34	11239	1686	225	1686	225
12681	35	11570	1736	231	1736	231
12681	36	11900	1785	238	1785	238
12681	37	12231	1835	245	1835	245
12681	38	12561	1884	251	1884	251
12681	39	12892	1934	258	1934	258
12681	40	13222	1983	264	1983	264
12681	41	13553	2033	271	2033	271
12681	42	13884	2082	278	2082	278
12681	43	14214	2132	284	2132	284
12681	44	14545	2181	291	2181	291
12681	45	14875	2232	298	2232	298
12681	46	15206	2282	304	2282	304
12681	47	15536	2331	311	2331	311
12681	48	15867	2381	317	2381	317
12681	49	16197	2430	324	2430	324
12681	50	16528	2480	331	2480	331
12681	51	16859	2529	337	2529	337
12681	52	17189	2579	344	2579	344
12681	53	17520	2628	350	2628	350
12681	54	17850	2678	357	2678	357
12681	55	18181	2727	364	2727	364
12681	56	18511	2777	370	2777	370
12681	57	18842	2826	377	2826	377
12681	58	19172	2876	383	2876	383
12681	59	19503	2925	390	2925	390
12681	60	19834	2975	397	2975	397
12681	61	20164	3024	403	3024	403
12681	62	20495	3074	410	3074	410
12681	63	20825	3125	417	3125	417
12681	64	21156	3174	423	3174	423
12681	65	21486	3224	430	3224	430
12681	66	21817	3273	436	3273	436
12681	67	22147	3323	443	3323	443
12681	68	22478	3372	450	3372	450
12681	69	22809	3422	456	3422	456
12681	70	23139	3471	463	3471	463
12681	71	23470	3521	469	3521	469
12681	72	23800	3570	476	3570	476
12681	73	24131	3620	483	3620	483
12681	74	24461	3669	489	3669	489
12681	75	24792	3719	496	3719	496
12681	76	25122	3768	502	3768	502
12681	77	25453	3818	509	3818	509
12681	78	25784	3867	516	3867	516
12681	79	26114	3917	522	3917	522
12681	80	26445	3966	529	3966	529
12681	81	26775	4017	536	4017	536
12681	82	27106	4067	542	4067	542
12681	83	27436	4116	549	4116	549
12681	84	27767	4166	555	4166	555
12681	85	28097	4215	562	4215	562
12681	86	28428	4265	569	4265	569
12681	87	28759	4314	575	4314	575
12681	88	29089	4364	582	4364	582
12681	89	29420	4413	588	4413	588
12681	90	29750	4463	595	4463	595
12681	91	30081	4512	602	4512	602
12681	92	30411	4562	608	4562	608
12681	93	30742	4611	615	4611	615
12681	94	31072	4661	621	4661	621
12681	95	31403	4710	628	4710	628
12681	96	31734	4760	635	4760	635
12681	97	32064	4809	641	4809	641
12681	98	32395	4859	648	4859	648
12681	99	32725	4910	655	4910	655
12681	100	33056	4959	661	4959	661
12696	1	661	50	7	50	4
12696	2	1322	99	13	99	7
12696	3	1983	149	20	149	10
12696	4	2644	198	26	198	13
12696	5	3306	248	33	248	17
12696	6	3967	297	40	297	20
12696	7	4628	347	46	347	23
12696	8	5289	396	53	396	27
12696	9	5950	447	60	447	30
12696	10	6611	497	66	497	33
12696	11	7272	546	73	546	37
12696	12	7933	596	79	596	40
12696	13	8594	645	86	645	43
12696	14	9256	695	93	695	47
12696	15	9917	744	99	744	50
12696	16	10578	794	106	794	53
12696	17	11239	843	112	843	56
12696	18	11900	893	119	893	60
12696	19	12561	942	126	942	63
12696	20	13222	992	132	992	66
12696	21	13883	1041	139	1041	70
12696	22	14544	1091	145	1091	73
12696	23	15206	1140	152	1140	76
12696	24	15867	1190	159	1190	80
12696	25	16528	1239	165	1239	83
12696	26	17189	1289	172	1289	86
12696	27	17850	1340	179	1340	90
12696	28	18511	1389	185	1389	93
12696	29	19172	1439	192	1439	96
12696	30	19833	1488	198	1488	99
12696	31	20494	1538	205	1538	103
12696	32	21156	1587	212	1587	106
12696	33	21817	1637	218	1637	109
12696	34	22478	1686	225	1686	113
12696	35	23139	1736	231	1736	116
12696	36	23800	1785	238	1785	119
12696	37	24461	1835	245	1835	123
12696	38	25122	1884	251	1884	126
12696	39	25783	1934	258	1934	129
12696	40	26444	1983	264	1983	132
12696	41	27106	2033	271	2033	136
12696	42	27767	2082	278	2082	139
12696	43	28428	2132	284	2132	142
12696	44	29089	2181	291	2181	146
12696	45	29750	2232	298	2232	149
12696	46	30411	2282	304	2282	152
12696	47	31072	2331	311	2331	156
12696	48	31733	2381	317	2381	159
12696	49	32394	2430	324	2430	162
12696	50	33056	2480	331	2480	166
12696	51	33717	2529	337	2529	169
12696	52	34378	2579	344	2579	172
12696	53	35039	2628	350	2628	175
12696	54	35700	2678	357	2678	179
12696	55	36361	2727	364	2727	182
12696	56	37022	2777	370	2777	185
12696	57	37683	2826	377	2826	189
12696	58	38344	2876	383	2876	192
12696	59	39006	2925	390	2925	195
12696	60	39667	2975	397	2975	199
12696	61	40328	3024	403	3024	202
12696	62	40989	3074	410	3074	205
12696	63	41650	3125	417	3125	209
12696	64	42311	3174	423	3174	212
12696	65	42972	3224	430	3224	215
12696	66	43633	3273	436	3273	218
12696	67	44294	3323	443	3323	222
12696	68	44956	3372	450	3372	225
12696	69	45617	3422	456	3422	228
12696	70	46278	3471	463	3471	232
12696	71	46939	3521	469	3521	235
12696	72	47600	3570	476	3570	238
12696	73	48261	3620	483	3620	242
12696	74	48922	3669	489	3669	245
12696	75	49583	3719	496	3719	248
12696	76	50244	3768	502	3768	251
12696	77	50906	3818	509	3818	255
12696	78	51567	3867	516	3867	258
12696	79	52228	3917	522	3917	261
12696	80	52889	3966	529	3966	265
12696	81	53550	4017	536	4017	268
12696	82	54211	4067	542	4067	271
12696	83	54872	4116	549	4116	275
12696	84	55533	4166	555	4166	278
12696	85	56194	4215	562	4215	281
12696	86	56856	4265	569	4265	285
12696	87	57517	4314	575	4314	288
12696	88	58178	4364	582	4364	291
12696	89	58839	4413	588	4413	294
12696	90	59500	4463	595	4463	298
12696	91	60161	4512	602	4512	301
12696	92	60822	4562	608	4562	304
12696	93	61483	4611	615	4611	308
12696	94	62144	4661	621	4661	311
12696	95	62806	4710	628	4710	314
12696	96	63467	4760	635	4760	318
12696	97	64128	4809	641	4809	321
12696	98	64789	4859	648	4859	324
12696	99	65450	4910	655	4910	328
12696	100	66111	4959	661	4959	331
12697	1	661	50	7	50	4
12697	2	1322	99	13	99	7
12697	3	1983	149	20	149	10
12697	4	2644	198	26	198	13
12697	5	3306	248	33	248	17
12697	6	3967	297	40	297	20
12697	7	4628	347	46	347	23
12697	8	5289	396	53	396	27
12697	9	5950	447	60	447	30
12697	10	6611	497	66	497	33
12697	11	7272	546	73	546	37
12697	12	7933	596	79	596	40
12697	13	8594	645	86	645	43
12697	14	9256	695	93	695	47
12697	15	9917	744	99	744	50
12697	16	10578	794	106	794	53
12697	17	11239	843	112	843	56
12697	18	11900	893	119	893	60
12697	19	12561	942	126	942	63
12697	20	13222	992	132	992	66
12697	21	13883	1041	139	1041	70
12697	22	14544	1091	145	1091	73
12697	23	15206	1140	152	1140	76
12697	24	15867	1190	159	1190	80
12697	25	16528	1239	165	1239	83
12697	26	17189	1289	172	1289	86
12697	27	17850	1340	179	1340	90
12697	28	18511	1389	185	1389	93
12697	29	19172	1439	192	1439	96
12697	30	19833	1488	198	1488	99
12697	31	20494	1538	205	1538	103
12697	32	21156	1587	212	1587	106
12697	33	21817	1637	218	1637	109
12697	34	22478	1686	225	1686	113
12697	35	23139	1736	231	1736	116
12697	36	23800	1785	238	1785	119
12697	37	24461	1835	245	1835	123
12697	38	25122	1884	251	1884	126
12697	39	25783	1934	258	1934	129
12697	40	26444	1983	264	1983	132
12697	41	27106	2033	271	2033	136
12697	42	27767	2082	278	2082	139
12697	43	28428	2132	284	2132	142
12697	44	29089	2181	291	2181	146
12697	45	29750	2232	298	2232	149
12697	46	30411	2282	304	2282	152
12697	47	31072	2331	311	2331	156
12697	48	31733	2381	317	2381	159
12697	49	32394	2430	324	2430	162
12697	50	33056	2480	331	2480	166
12697	51	33717	2529	337	2529	169
12697	52	34378	2579	344	2579	172
12697	53	35039	2628	350	2628	175
12697	54	35700	2678	357	2678	179
12697	55	36361	2727	364	2727	182
12697	56	37022	2777	370	2777	185
12697	57	37683	2826	377	2826	189
12697	58	38344	2876	383	2876	192
12697	59	39006	2925	390	2925	195
12697	60	39667	2975	397	2975	199
12697	61	40328	3024	403	3024	202
12697	62	40989	3074	410	3074	205
12697	63	41650	3125	417	3125	209
12697	64	42311	3174	423	3174	212
12697	65	42972	3224	430	3224	215
12697	66	43633	3273	436	3273	218
12697	67	44294	3323	443	3323	222
12697	68	44956	3372	450	3372	225
12697	69	45617	3422	456	3422	228
12697	70	46278	3471	463	3471	232
12697	71	46939	3521	469	3521	235
12697	72	47600	3570	476	3570	238
12697	73	48261	3620	483	3620	242
12697	74	48922	3669	489	3669	245
12697	75	49583	3719	496	3719	248
12697	76	50244	3768	502	3768	251
12697	77	50906	3818	509	3818	255
12697	78	51567	3867	516	3867	258
12697	79	52228	3917	522	3917	261
12697	80	52889	3966	529	3966	265
12697	81	53550	4017	536	4017	268
12697	82	54211	4067	542	4067	271
12697	83	54872	4116	549	4116	275
12697	84	55533	4166	555	4166	278
12697	85	56194	4215	562	4215	281
12697	86	56856	4265	569	4265	285
12697	87	57517	4314	575	4314	288
12697	88	58178	4364	582	4364	291
12697	89	58839	4413	588	4413	294
12697	90	59500	4463	595	4463	298
12697	91	60161	4512	602	4512	301
12697	92	60822	4562	608	4562	304
12697	93	61483	4611	615	4611	308
12697	94	62144	4661	621	4661	311
12697	95	62806	4710	628	4710	314
12697	96	63467	4760	635	4760	318
12697	97	64128	4809	641	4809	321
12697	98	64789	4859	648	4859	324
12697	99	65450	4910	655	4910	328
12697	100	66111	4959	661	4959	331
12698	1	661	50	7	50	4
12698	2	1322	99	13	99	7
12698	3	1983	149	20	149	10
12698	4	2644	198	26	198	13
12698	5	3306	248	33	248	17
12698	6	3967	297	40	297	20
12698	7	4628	347	46	347	23
12698	8	5289	396	53	396	27
12698	9	5950	447	60	447	30
12698	10	6611	497	66	497	33
12698	11	7272	546	73	546	37
12698	12	7933	596	79	596	40
12698	13	8594	645	86	645	43
12698	14	9256	695	93	695	47
12698	15	9917	744	99	744	50
12698	16	10578	794	106	794	53
12698	17	11239	843	112	843	56
12698	18	11900	893	119	893	60
12698	19	12561	942	126	942	63
12698	20	13222	992	132	992	66
12698	21	13883	1041	139	1041	70
12698	22	14544	1091	145	1091	73
12698	23	15206	1140	152	1140	76
12698	24	15867	1190	159	1190	80
12698	25	16528	1239	165	1239	83
12698	26	17189	1289	172	1289	86
12698	27	17850	1340	179	1340	90
12698	28	18511	1389	185	1389	93
12698	29	19172	1439	192	1439	96
12698	30	19833	1488	198	1488	99
12698	31	20494	1538	205	1538	103
12698	32	21156	1587	212	1587	106
12698	33	21817	1637	218	1637	109
12698	34	22478	1686	225	1686	113
12698	35	23139	1736	231	1736	116
12698	36	23800	1785	238	1785	119
12698	37	24461	1835	245	1835	123
12698	38	25122	1884	251	1884	126
12698	39	25783	1934	258	1934	129
12698	40	26444	1983	264	1983	132
12698	41	27106	2033	271	2033	136
12698	42	27767	2082	278	2082	139
12698	43	28428	2132	284	2132	142
12698	44	29089	2181	291	2181	146
12698	45	29750	2232	298	2232	149
12698	46	30411	2282	304	2282	152
12698	47	31072	2331	311	2331	156
12698	48	31733	2381	317	2381	159
12698	49	32394	2430	324	2430	162
12698	50	33056	2480	331	2480	166
12698	51	33717	2529	337	2529	169
12698	52	34378	2579	344	2579	172
12698	53	35039	2628	350	2628	175
12698	54	35700	2678	357	2678	179
12698	55	36361	2727	364	2727	182
12698	56	37022	2777	370	2777	185
12698	57	37683	2826	377	2826	189
12698	58	38344	2876	383	2876	192
12698	59	39006	2925	390	2925	195
12698	60	39667	2975	397	2975	199
12698	61	40328	3024	403	3024	202
12698	62	40989	3074	410	3074	205
12698	63	41650	3125	417	3125	209
12698	64	42311	3174	423	3174	212
12698	65	42972	3224	430	3224	215
12698	66	43633	3273	436	3273	218
12698	67	44294	3323	443	3323	222
12698	68	44956	3372	450	3372	225
12698	69	45617	3422	456	3422	228
12698	70	46278	3471	463	3471	232
12698	71	46939	3521	469	3521	235
12698	72	47600	3570	476	3570	238
12698	73	48261	3620	483	3620	242
12698	74	48922	3669	489	3669	245
12698	75	49583	3719	496	3719	248
12698	76	50244	3768	502	3768	251
12698	77	50906	3818	509	3818	255
12698	78	51567	3867	516	3867	258
12698	79	52228	3917	522	3917	261
12698	80	52889	3966	529	3966	265
12698	81	53550	4017	536	4017	268
12698	82	54211	4067	542	4067	271
12698	83	54872	4116	549	4116	275
12698	84	55533	4166	555	4166	278
12698	85	56194	4215	562	4215	281
12698	86	56856	4265	569	4265	285
12698	87	57517	4314	575	4314	288
12698	88	58178	4364	582	4364	291
12698	89	58839	4413	588	4413	294
12698	90	59500	4463	595	4463	298
12698	91	60161	4512	602	4512	301
12698	92	60822	4562	608	4562	304
12698	93	61483	4611	615	4611	308
12698	94	62144	4661	621	4661	311
12698	95	62806	4710	628	4710	314
12698	96	63467	4760	635	4760	318
12698	97	64128	4809	641	4809	321
12698	98	64789	4859	648	4859	324
12698	99	65450	4910	655	4910	328
12698	100	66111	4959	661	4959	331
12699	1	661	50	7	50	4
12699	2	1322	99	13	99	7
12699	3	1983	149	20	149	10
12699	4	2644	198	26	198	13
12699	5	3306	248	33	248	17
12699	6	3967	297	40	297	20
12699	7	4628	347	46	347	23
12699	8	5289	396	53	396	27
12699	9	5950	447	60	447	30
12699	10	6611	497	66	497	33
12699	11	7272	546	73	546	37
12699	12	7933	596	79	596	40
12699	13	8594	645	86	645	43
12699	14	9256	695	93	695	47
12699	15	9917	744	99	744	50
12699	16	10578	794	106	794	53
12699	17	11239	843	112	843	56
12699	18	11900	893	119	893	60
12699	19	12561	942	126	942	63
12699	20	13222	992	132	992	66
12699	21	13883	1041	139	1041	70
12699	22	14544	1091	145	1091	73
12699	23	15206	1140	152	1140	76
12699	24	15867	1190	159	1190	80
12699	25	16528	1239	165	1239	83
12699	26	17189	1289	172	1289	86
12699	27	17850	1340	179	1340	90
12699	28	18511	1389	185	1389	93
12699	29	19172	1439	192	1439	96
12699	30	19833	1488	198	1488	99
12699	31	20494	1538	205	1538	103
12699	32	21156	1587	212	1587	106
12699	33	21817	1637	218	1637	109
12699	34	22478	1686	225	1686	113
12699	35	23139	1736	231	1736	116
12699	36	23800	1785	238	1785	119
12699	37	24461	1835	245	1835	123
12699	38	25122	1884	251	1884	126
12699	39	25783	1934	258	1934	129
12699	40	26444	1983	264	1983	132
12699	41	27106	2033	271	2033	136
12699	42	27767	2082	278	2082	139
12699	43	28428	2132	284	2132	142
12699	44	29089	2181	291	2181	146
12699	45	29750	2232	298	2232	149
12699	46	30411	2282	304	2282	152
12699	47	31072	2331	311	2331	156
12699	48	31733	2381	317	2381	159
12699	49	32394	2430	324	2430	162
12699	50	33056	2480	331	2480	166
12699	51	33717	2529	337	2529	169
12699	52	34378	2579	344	2579	172
12699	53	35039	2628	350	2628	175
12699	54	35700	2678	357	2678	179
12699	55	36361	2727	364	2727	182
12699	56	37022	2777	370	2777	185
12699	57	37683	2826	377	2826	189
12699	58	38344	2876	383	2876	192
12699	59	39006	2925	390	2925	195
12699	60	39667	2975	397	2975	199
12699	61	40328	3024	403	3024	202
12699	62	40989	3074	410	3074	205
12699	63	41650	3125	417	3125	209
12699	64	42311	3174	423	3174	212
12699	65	42972	3224	430	3224	215
12699	66	43633	3273	436	3273	218
12699	67	44294	3323	443	3323	222
12699	68	44956	3372	450	3372	225
12699	69	45617	3422	456	3422	228
12699	70	46278	3471	463	3471	232
12699	71	46939	3521	469	3521	235
12699	72	47600	3570	476	3570	238
12699	73	48261	3620	483	3620	242
12699	74	48922	3669	489	3669	245
12699	75	49583	3719	496	3719	248
12699	76	50244	3768	502	3768	251
12699	77	50906	3818	509	3818	255
12699	78	51567	3867	516	3867	258
12699	79	52228	3917	522	3917	261
12699	80	52889	3966	529	3966	265
12699	81	53550	4017	536	4017	268
12699	82	54211	4067	542	4067	271
12699	83	54872	4116	549	4116	275
12699	84	55533	4166	555	4166	278
12699	85	56194	4215	562	4215	281
12699	86	56856	4265	569	4265	285
12699	87	57517	4314	575	4314	288
12699	88	58178	4364	582	4364	291
12699	89	58839	4413	588	4413	294
12699	90	59500	4463	595	4463	298
12699	91	60161	4512	602	4512	301
12699	92	60822	4562	608	4562	304
12699	93	61483	4611	615	4611	308
12699	94	62144	4661	621	4661	311
12699	95	62806	4710	628	4710	314
12699	96	63467	4760	635	4760	318
12699	97	64128	4809	641	4809	321
12699	98	64789	4859	648	4859	324
12699	99	65450	4910	655	4910	328
12699	100	66111	4959	661	4959	331
12700	1	661	50	7	50	4
12700	2	1322	99	13	99	7
12700	3	1983	149	20	149	10
12700	4	2644	198	26	198	13
12700	5	3306	248	33	248	17
12700	6	3967	297	40	297	20
12700	7	4628	347	46	347	23
12700	8	5289	396	53	396	27
12700	9	5950	447	60	447	30
12700	10	6611	497	66	497	33
12700	11	7272	546	73	546	37
12700	12	7933	596	79	596	40
12700	13	8594	645	86	645	43
12700	14	9256	695	93	695	47
12700	15	9917	744	99	744	50
12700	16	10578	794	106	794	53
12700	17	11239	843	112	843	56
12700	18	11900	893	119	893	60
12700	19	12561	942	126	942	63
12700	20	13222	992	132	992	66
12700	21	13883	1041	139	1041	70
12700	22	14544	1091	145	1091	73
12700	23	15206	1140	152	1140	76
12700	24	15867	1190	159	1190	80
12700	25	16528	1239	165	1239	83
12700	26	17189	1289	172	1289	86
12700	27	17850	1340	179	1340	90
12700	28	18511	1389	185	1389	93
12700	29	19172	1439	192	1439	96
12700	30	19833	1488	198	1488	99
12700	31	20494	1538	205	1538	103
12700	32	21156	1587	212	1587	106
12700	33	21817	1637	218	1637	109
12700	34	22478	1686	225	1686	113
12700	35	23139	1736	231	1736	116
12700	36	23800	1785	238	1785	119
12700	37	24461	1835	245	1835	123
12700	38	25122	1884	251	1884	126
12700	39	25783	1934	258	1934	129
12700	40	26444	1983	264	1983	132
12700	41	27106	2033	271	2033	136
12700	42	27767	2082	278	2082	139
12700	43	28428	2132	284	2132	142
12700	44	29089	2181	291	2181	146
12700	45	29750	2232	298	2232	149
12700	46	30411	2282	304	2282	152
12700	47	31072	2331	311	2331	156
12700	48	31733	2381	317	2381	159
12700	49	32394	2430	324	2430	162
12700	50	33056	2480	331	2480	166
12700	51	33717	2529	337	2529	169
12700	52	34378	2579	344	2579	172
12700	53	35039	2628	350	2628	175
12700	54	35700	2678	357	2678	179
12700	55	36361	2727	364	2727	182
12700	56	37022	2777	370	2777	185
12700	57	37683	2826	377	2826	189
12700	58	38344	2876	383	2876	192
12700	59	39006	2925	390	2925	195
12700	60	39667	2975	397	2975	199
12700	61	40328	3024	403	3024	202
12700	62	40989	3074	410	3074	205
12700	63	41650	3125	417	3125	209
12700	64	42311	3174	423	3174	212
12700	65	42972	3224	430	3224	215
12700	66	43633	3273	436	3273	218
12700	67	44294	3323	443	3323	222
12700	68	44956	3372	450	3372	225
12700	69	45617	3422	456	3422	228
12700	70	46278	3471	463	3471	232
12700	71	46939	3521	469	3521	235
12700	72	47600	3570	476	3570	238
12700	73	48261	3620	483	3620	242
12700	74	48922	3669	489	3669	245
12700	75	49583	3719	496	3719	248
12700	76	50244	3768	502	3768	251
12700	77	50906	3818	509	3818	255
12700	78	51567	3867	516	3867	258
12700	79	52228	3917	522	3917	261
12700	80	52889	3966	529	3966	265
12700	81	53550	4017	536	4017	268
12700	82	54211	4067	542	4067	271
12700	83	54872	4116	549	4116	275
12700	84	55533	4166	555	4166	278
12700	85	56194	4215	562	4215	281
12700	86	56856	4265	569	4265	285
12700	87	57517	4314	575	4314	288
12700	88	58178	4364	582	4364	291
12700	89	58839	4413	588	4413	294
12700	90	59500	4463	595	4463	298
12700	91	60161	4512	602	4512	301
12700	92	60822	4562	608	4562	304
12700	93	61483	4611	615	4611	308
12700	94	62144	4661	621	4661	311
12700	95	62806	4710	628	4710	314
12700	96	63467	4760	635	4760	318
12700	97	64128	4809	641	4809	321
12700	98	64789	4859	648	4859	324
12700	99	65450	4910	655	4910	328
12700	100	66111	4959	661	4959	331
12701	1	661	50	4	50	7
12701	2	1322	99	7	99	13
12701	3	1983	149	10	149	20
12701	4	2644	198	13	198	26
12701	5	3306	248	17	248	33
12701	6	3967	297	20	297	40
12701	7	4628	347	23	347	46
12701	8	5289	396	27	396	53
12701	9	5950	447	30	447	60
12701	10	6611	497	33	497	66
12701	11	7272	546	37	546	73
12701	12	7933	596	40	596	79
12701	13	8594	645	43	645	86
12701	14	9256	695	47	695	93
12701	15	9917	744	50	744	99
12701	16	10578	794	53	794	106
12701	17	11239	843	56	843	112
12701	18	11900	893	60	893	119
12701	19	12561	942	63	942	126
12701	20	13222	992	66	992	132
12701	21	13883	1041	70	1041	139
12701	22	14544	1091	73	1091	145
12701	23	15206	1140	76	1140	152
12701	24	15867	1190	80	1190	159
12701	25	16528	1239	83	1239	165
12701	26	17189	1289	86	1289	172
12701	27	17850	1340	90	1340	179
12701	28	18511	1389	93	1389	185
12701	29	19172	1439	96	1439	192
12701	30	19833	1488	99	1488	198
12701	31	20494	1538	103	1538	205
12701	32	21156	1587	106	1587	212
12701	33	21817	1637	109	1637	218
12701	34	22478	1686	113	1686	225
12701	35	23139	1736	116	1736	231
12701	36	23800	1785	119	1785	238
12701	37	24461	1835	123	1835	245
12701	38	25122	1884	126	1884	251
12701	39	25783	1934	129	1934	258
12701	40	26444	1983	132	1983	264
12701	41	27106	2033	136	2033	271
12701	42	27767	2082	139	2082	278
12701	43	28428	2132	142	2132	284
12701	44	29089	2181	146	2181	291
12701	45	29750	2232	149	2232	298
12701	46	30411	2282	152	2282	304
12701	47	31072	2331	156	2331	311
12701	48	31733	2381	159	2381	317
12701	49	32394	2430	162	2430	324
12701	50	33056	2480	166	2480	331
12701	51	33717	2529	169	2529	337
12701	52	34378	2579	172	2579	344
12701	53	35039	2628	175	2628	350
12701	54	35700	2678	179	2678	357
12701	55	36361	2727	182	2727	364
12701	56	37022	2777	185	2777	370
12701	57	37683	2826	189	2826	377
12701	58	38344	2876	192	2876	383
12701	59	39006	2925	195	2925	390
12701	60	39667	2975	199	2975	397
12701	61	40328	3024	202	3024	403
12701	62	40989	3074	205	3074	410
12701	63	41650	3125	209	3125	417
12701	64	42311	3174	212	3174	423
12701	65	42972	3224	215	3224	430
12701	66	43633	3273	218	3273	436
12701	67	44294	3323	222	3323	443
12701	68	44956	3372	225	3372	450
12701	69	45617	3422	228	3422	456
12701	70	46278	3471	232	3471	463
12701	71	46939	3521	235	3521	469
12701	72	47600	3570	238	3570	476
12701	73	48261	3620	242	3620	483
12701	74	48922	3669	245	3669	489
12701	75	49583	3719	248	3719	496
12701	76	50244	3768	251	3768	502
12701	77	50906	3818	255	3818	509
12701	78	51567	3867	258	3867	516
12701	79	52228	3917	261	3917	522
12701	80	52889	3966	265	3966	529
12701	81	53550	4017	268	4017	536
12701	82	54211	4067	271	4067	542
12701	83	54872	4116	275	4116	549
12701	84	55533	4166	278	4166	555
12701	85	56194	4215	281	4215	562
12701	86	56856	4265	285	4265	569
12701	87	57517	4314	288	4314	575
12701	88	58178	4364	291	4364	582
12701	89	58839	4413	294	4413	588
12701	90	59500	4463	298	4463	595
12701	91	60161	4512	301	4512	602
12701	92	60822	4562	304	4562	608
12701	93	61483	4611	308	4611	615
12701	94	62144	4661	311	4661	621
12701	95	62806	4710	314	4710	628
12701	96	63467	4760	318	4760	635
12701	97	64128	4809	321	4809	641
12701	98	64789	4859	324	4859	648
12701	99	65450	4910	328	4910	655
12701	100	66111	4959	331	4959	661
12702	1	661	50	4	50	7
12702	2	1322	99	7	99	13
12702	3	1983	149	10	149	20
12702	4	2644	198	13	198	26
12702	5	3306	248	17	248	33
12702	6	3967	297	20	297	40
12702	7	4628	347	23	347	46
12702	8	5289	396	27	396	53
12702	9	5950	447	30	447	60
12702	10	6611	497	33	497	66
12702	11	7272	546	37	546	73
12702	12	7933	596	40	596	79
12702	13	8594	645	43	645	86
12702	14	9256	695	47	695	93
12702	15	9917	744	50	744	99
12702	16	10578	794	53	794	106
12702	17	11239	843	56	843	112
12702	18	11900	893	60	893	119
12702	19	12561	942	63	942	126
12702	20	13222	992	66	992	132
12702	21	13883	1041	70	1041	139
12702	22	14544	1091	73	1091	145
12702	23	15206	1140	76	1140	152
12702	24	15867	1190	80	1190	159
12702	25	16528	1239	83	1239	165
12702	26	17189	1289	86	1289	172
12702	27	17850	1340	90	1340	179
12702	28	18511	1389	93	1389	185
12702	29	19172	1439	96	1439	192
12702	30	19833	1488	99	1488	198
12702	31	20494	1538	103	1538	205
12702	32	21156	1587	106	1587	212
12702	33	21817	1637	109	1637	218
12702	34	22478	1686	113	1686	225
12702	35	23139	1736	116	1736	231
12702	36	23800	1785	119	1785	238
12702	37	24461	1835	123	1835	245
12702	38	25122	1884	126	1884	251
12702	39	25783	1934	129	1934	258
12702	40	26444	1983	132	1983	264
12702	41	27106	2033	136	2033	271
12702	42	27767	2082	139	2082	278
12702	43	28428	2132	142	2132	284
12702	44	29089	2181	146	2181	291
12702	45	29750	2232	149	2232	298
12702	46	30411	2282	152	2282	304
12702	47	31072	2331	156	2331	311
12702	48	31733	2381	159	2381	317
12702	49	32394	2430	162	2430	324
12702	50	33056	2480	166	2480	331
12702	51	33717	2529	169	2529	337
12702	52	34378	2579	172	2579	344
12702	53	35039	2628	175	2628	350
12702	54	35700	2678	179	2678	357
12702	55	36361	2727	182	2727	364
12702	56	37022	2777	185	2777	370
12702	57	37683	2826	189	2826	377
12702	58	38344	2876	192	2876	383
12702	59	39006	2925	195	2925	390
12702	60	39667	2975	199	2975	397
12702	61	40328	3024	202	3024	403
12702	62	40989	3074	205	3074	410
12702	63	41650	3125	209	3125	417
12702	64	42311	3174	212	3174	423
12702	65	42972	3224	215	3224	430
12702	66	43633	3273	218	3273	436
12702	67	44294	3323	222	3323	443
12702	68	44956	3372	225	3372	450
12702	69	45617	3422	228	3422	456
12702	70	46278	3471	232	3471	463
12702	71	46939	3521	235	3521	469
12702	72	47600	3570	238	3570	476
12702	73	48261	3620	242	3620	483
12702	74	48922	3669	245	3669	489
12702	75	49583	3719	248	3719	496
12702	76	50244	3768	251	3768	502
12702	77	50906	3818	255	3818	509
12702	78	51567	3867	258	3867	516
12702	79	52228	3917	261	3917	522
12702	80	52889	3966	265	3966	529
12702	81	53550	4017	268	4017	536
12702	82	54211	4067	271	4067	542
12702	83	54872	4116	275	4116	549
12702	84	55533	4166	278	4166	555
12702	85	56194	4215	281	4215	562
12702	86	56856	4265	285	4265	569
12702	87	57517	4314	288	4314	575
12702	88	58178	4364	291	4364	582
12702	89	58839	4413	294	4413	588
12702	90	59500	4463	298	4463	595
12702	91	60161	4512	301	4512	602
12702	92	60822	4562	304	4562	608
12702	93	61483	4611	308	4611	615
12702	94	62144	4661	311	4661	621
12702	95	62806	4710	314	4710	628
12702	96	63467	4760	318	4760	635
12702	97	64128	4809	321	4809	641
12702	98	64789	4859	324	4859	648
12702	99	65450	4910	328	4910	655
12702	100	66111	4959	331	4959	661
12703	1	661	50	4	50	7
12703	2	1322	99	7	99	13
12703	3	1983	149	10	149	20
12703	4	2644	198	13	198	26
12703	5	3306	248	17	248	33
12703	6	3967	297	20	297	40
12703	7	4628	347	23	347	46
12703	8	5289	396	27	396	53
12703	9	5950	447	30	447	60
12703	10	6611	497	33	497	66
12703	11	7272	546	37	546	73
12703	12	7933	596	40	596	79
12703	13	8594	645	43	645	86
12703	14	9256	695	47	695	93
12703	15	9917	744	50	744	99
12703	16	10578	794	53	794	106
12703	17	11239	843	56	843	112
12703	18	11900	893	60	893	119
12703	19	12561	942	63	942	126
12703	20	13222	992	66	992	132
12703	21	13883	1041	70	1041	139
12703	22	14544	1091	73	1091	145
12703	23	15206	1140	76	1140	152
12703	24	15867	1190	80	1190	159
12703	25	16528	1239	83	1239	165
12703	26	17189	1289	86	1289	172
12703	27	17850	1340	90	1340	179
12703	28	18511	1389	93	1389	185
12703	29	19172	1439	96	1439	192
12703	30	19833	1488	99	1488	198
12703	31	20494	1538	103	1538	205
12703	32	21156	1587	106	1587	212
12703	33	21817	1637	109	1637	218
12703	34	22478	1686	113	1686	225
12703	35	23139	1736	116	1736	231
12703	36	23800	1785	119	1785	238
12703	37	24461	1835	123	1835	245
12703	38	25122	1884	126	1884	251
12703	39	25783	1934	129	1934	258
12703	40	26444	1983	132	1983	264
12703	41	27106	2033	136	2033	271
12703	42	27767	2082	139	2082	278
12703	43	28428	2132	142	2132	284
12703	44	29089	2181	146	2181	291
12703	45	29750	2232	149	2232	298
12703	46	30411	2282	152	2282	304
12703	47	31072	2331	156	2331	311
12703	48	31733	2381	159	2381	317
12703	49	32394	2430	162	2430	324
12703	50	33056	2480	166	2480	331
12703	51	33717	2529	169	2529	337
12703	52	34378	2579	172	2579	344
12703	53	35039	2628	175	2628	350
12703	54	35700	2678	179	2678	357
12703	55	36361	2727	182	2727	364
12703	56	37022	2777	185	2777	370
12703	57	37683	2826	189	2826	377
12703	58	38344	2876	192	2876	383
12703	59	39006	2925	195	2925	390
12703	60	39667	2975	199	2975	397
12703	61	40328	3024	202	3024	403
12703	62	40989	3074	205	3074	410
12703	63	41650	3125	209	3125	417
12703	64	42311	3174	212	3174	423
12703	65	42972	3224	215	3224	430
12703	66	43633	3273	218	3273	436
12703	67	44294	3323	222	3323	443
12703	68	44956	3372	225	3372	450
12703	69	45617	3422	228	3422	456
12703	70	46278	3471	232	3471	463
12703	71	46939	3521	235	3521	469
12703	72	47600	3570	238	3570	476
12703	73	48261	3620	242	3620	483
12703	74	48922	3669	245	3669	489
12703	75	49583	3719	248	3719	496
12703	76	50244	3768	251	3768	502
12703	77	50906	3818	255	3818	509
12703	78	51567	3867	258	3867	516
12703	79	52228	3917	261	3917	522
12703	80	52889	3966	265	3966	529
12703	81	53550	4017	268	4017	536
12703	82	54211	4067	271	4067	542
12703	83	54872	4116	275	4116	549
12703	84	55533	4166	278	4166	555
12703	85	56194	4215	281	4215	562
12703	86	56856	4265	285	4265	569
12703	87	57517	4314	288	4314	575
12703	88	58178	4364	291	4364	582
12703	89	58839	4413	294	4413	588
12703	90	59500	4463	298	4463	595
12703	91	60161	4512	301	4512	602
12703	92	60822	4562	304	4562	608
12703	93	61483	4611	308	4611	615
12703	94	62144	4661	311	4661	621
12703	95	62806	4710	314	4710	628
12703	96	63467	4760	318	4760	635
12703	97	64128	4809	321	4809	641
12703	98	64789	4859	324	4859	648
12703	99	65450	4910	328	4910	655
12703	100	66111	4959	331	4959	661
12704	1	661	50	4	50	7
12704	2	1322	99	7	99	13
12704	3	1983	149	10	149	20
12704	4	2644	198	13	198	26
12704	5	3306	248	17	248	33
12704	6	3967	297	20	297	40
12704	7	4628	347	23	347	46
12704	8	5289	396	27	396	53
12704	9	5950	447	30	447	60
12704	10	6611	497	33	497	66
12704	11	7272	546	37	546	73
12704	12	7933	596	40	596	79
12704	13	8594	645	43	645	86
12704	14	9256	695	47	695	93
12704	15	9917	744	50	744	99
12704	16	10578	794	53	794	106
12704	17	11239	843	56	843	112
12704	18	11900	893	60	893	119
12704	19	12561	942	63	942	126
12704	20	13222	992	66	992	132
12704	21	13883	1041	70	1041	139
12704	22	14544	1091	73	1091	145
12704	23	15206	1140	76	1140	152
12704	24	15867	1190	80	1190	159
12704	25	16528	1239	83	1239	165
12704	26	17189	1289	86	1289	172
12704	27	17850	1340	90	1340	179
12704	28	18511	1389	93	1389	185
12704	29	19172	1439	96	1439	192
12704	30	19833	1488	99	1488	198
12704	31	20494	1538	103	1538	205
12704	32	21156	1587	106	1587	212
12704	33	21817	1637	109	1637	218
12704	34	22478	1686	113	1686	225
12704	35	23139	1736	116	1736	231
12704	36	23800	1785	119	1785	238
12704	37	24461	1835	123	1835	245
12704	38	25122	1884	126	1884	251
12704	39	25783	1934	129	1934	258
12704	40	26444	1983	132	1983	264
12704	41	27106	2033	136	2033	271
12704	42	27767	2082	139	2082	278
12704	43	28428	2132	142	2132	284
12704	44	29089	2181	146	2181	291
12704	45	29750	2232	149	2232	298
12704	46	30411	2282	152	2282	304
12704	47	31072	2331	156	2331	311
12704	48	31733	2381	159	2381	317
12704	49	32394	2430	162	2430	324
12704	50	33056	2480	166	2480	331
12704	51	33717	2529	169	2529	337
12704	52	34378	2579	172	2579	344
12704	53	35039	2628	175	2628	350
12704	54	35700	2678	179	2678	357
12704	55	36361	2727	182	2727	364
12704	56	37022	2777	185	2777	370
12704	57	37683	2826	189	2826	377
12704	58	38344	2876	192	2876	383
12704	59	39006	2925	195	2925	390
12704	60	39667	2975	199	2975	397
12704	61	40328	3024	202	3024	403
12704	62	40989	3074	205	3074	410
12704	63	41650	3125	209	3125	417
12704	64	42311	3174	212	3174	423
12704	65	42972	3224	215	3224	430
12704	66	43633	3273	218	3273	436
12704	67	44294	3323	222	3323	443
12704	68	44956	3372	225	3372	450
12704	69	45617	3422	228	3422	456
12704	70	46278	3471	232	3471	463
12704	71	46939	3521	235	3521	469
12704	72	47600	3570	238	3570	476
12704	73	48261	3620	242	3620	483
12704	74	48922	3669	245	3669	489
12704	75	49583	3719	248	3719	496
12704	76	50244	3768	251	3768	502
12704	77	50906	3818	255	3818	509
12704	78	51567	3867	258	3867	516
12704	79	52228	3917	261	3917	522
12704	80	52889	3966	265	3966	529
12704	81	53550	4017	268	4017	536
12704	82	54211	4067	271	4067	542
12704	83	54872	4116	275	4116	549
12704	84	55533	4166	278	4166	555
12704	85	56194	4215	281	4215	562
12704	86	56856	4265	285	4265	569
12704	87	57517	4314	288	4314	575
12704	88	58178	4364	291	4364	582
12704	89	58839	4413	294	4413	588
12704	90	59500	4463	298	4463	595
12704	91	60161	4512	301	4512	602
12704	92	60822	4562	304	4562	608
12704	93	61483	4611	308	4611	615
12704	94	62144	4661	311	4661	621
12704	95	62806	4710	314	4710	628
12704	96	63467	4760	318	4760	635
12704	97	64128	4809	321	4809	641
12704	98	64789	4859	324	4859	648
12704	99	65450	4910	328	4910	655
12704	100	66111	4959	331	4959	661
12705	1	661	50	4	50	7
12705	2	1322	99	7	99	13
12705	3	1983	149	10	149	20
12705	4	2644	198	13	198	26
12705	5	3306	248	17	248	33
12705	6	3967	297	20	297	40
12705	7	4628	347	23	347	46
12705	8	5289	396	27	396	53
12705	9	5950	447	30	447	60
12705	10	6611	497	33	497	66
12705	11	7272	546	37	546	73
12705	12	7933	596	40	596	79
12705	13	8594	645	43	645	86
12705	14	9256	695	47	695	93
12705	15	9917	744	50	744	99
12705	16	10578	794	53	794	106
12705	17	11239	843	56	843	112
12705	18	11900	893	60	893	119
12705	19	12561	942	63	942	126
12705	20	13222	992	66	992	132
12705	21	13883	1041	70	1041	139
12705	22	14544	1091	73	1091	145
12705	23	15206	1140	76	1140	152
12705	24	15867	1190	80	1190	159
12705	25	16528	1239	83	1239	165
12705	26	17189	1289	86	1289	172
12705	27	17850	1340	90	1340	179
12705	28	18511	1389	93	1389	185
12705	29	19172	1439	96	1439	192
12705	30	19833	1488	99	1488	198
12705	31	20494	1538	103	1538	205
12705	32	21156	1587	106	1587	212
12705	33	21817	1637	109	1637	218
12705	34	22478	1686	113	1686	225
12705	35	23139	1736	116	1736	231
12705	36	23800	1785	119	1785	238
12705	37	24461	1835	123	1835	245
12705	38	25122	1884	126	1884	251
12705	39	25783	1934	129	1934	258
12705	40	26444	1983	132	1983	264
12705	41	27106	2033	136	2033	271
12705	42	27767	2082	139	2082	278
12705	43	28428	2132	142	2132	284
12705	44	29089	2181	146	2181	291
12705	45	29750	2232	149	2232	298
12705	46	30411	2282	152	2282	304
12705	47	31072	2331	156	2331	311
12705	48	31733	2381	159	2381	317
12705	49	32394	2430	162	2430	324
12705	50	33056	2480	166	2480	331
12705	51	33717	2529	169	2529	337
12705	52	34378	2579	172	2579	344
12705	53	35039	2628	175	2628	350
12705	54	35700	2678	179	2678	357
12705	55	36361	2727	182	2727	364
12705	56	37022	2777	185	2777	370
12705	57	37683	2826	189	2826	377
12705	58	38344	2876	192	2876	383
12705	59	39006	2925	195	2925	390
12705	60	39667	2975	199	2975	397
12705	61	40328	3024	202	3024	403
12705	62	40989	3074	205	3074	410
12705	63	41650	3125	209	3125	417
12705	64	42311	3174	212	3174	423
12705	65	42972	3224	215	3224	430
12705	66	43633	3273	218	3273	436
12705	67	44294	3323	222	3323	443
12705	68	44956	3372	225	3372	450
12705	69	45617	3422	228	3422	456
12705	70	46278	3471	232	3471	463
12705	71	46939	3521	235	3521	469
12705	72	47600	3570	238	3570	476
12705	73	48261	3620	242	3620	483
12705	74	48922	3669	245	3669	489
12705	75	49583	3719	248	3719	496
12705	76	50244	3768	251	3768	502
12705	77	50906	3818	255	3818	509
12705	78	51567	3867	258	3867	516
12705	79	52228	3917	261	3917	522
12705	80	52889	3966	265	3966	529
12705	81	53550	4017	268	4017	536
12705	82	54211	4067	271	4067	542
12705	83	54872	4116	275	4116	549
12705	84	55533	4166	278	4166	555
12705	85	56194	4215	281	4215	562
12705	86	56856	4265	285	4265	569
12705	87	57517	4314	288	4314	575
12705	88	58178	4364	291	4364	582
12705	89	58839	4413	294	4413	588
12705	90	59500	4463	298	4463	595
12705	91	60161	4512	301	4512	602
12705	92	60822	4562	304	4562	608
12705	93	61483	4611	308	4611	615
12705	94	62144	4661	311	4661	621
12705	95	62806	4710	314	4710	628
12705	96	63467	4760	318	4760	635
12705	97	64128	4809	321	4809	641
12705	98	64789	4859	324	4859	648
12705	99	65450	4910	328	4910	655
12705	100	66111	4959	331	4959	661
12910	1	661	33	7	33	7
12910	2	1322	66	13	66	13
12910	3	1983	99	20	99	20
12910	4	2644	132	26	132	26
12910	5	3306	165	33	165	33
12910	6	3967	198	40	198	40
12910	7	4628	231	46	231	46
12910	8	5289	264	53	264	53
12910	9	5950	298	60	298	60
12910	10	6611	331	66	331	66
12910	11	7272	364	73	364	73
12910	12	7933	397	79	397	79
12910	13	8594	430	86	430	86
12910	14	9256	463	93	463	93
12910	15	9917	496	99	496	99
12910	16	10578	529	106	529	106
12910	17	11239	562	112	562	112
12910	18	11900	595	119	595	119
12910	19	12561	628	126	628	126
12910	20	13222	661	132	661	132
12910	21	13883	694	139	694	139
12910	22	14544	727	145	727	145
12910	23	15206	760	152	760	152
12910	24	15867	793	159	793	159
12910	25	16528	826	165	826	165
12910	26	17189	859	172	859	172
12910	27	17850	893	179	893	179
12910	28	18511	926	185	926	185
12910	29	19172	959	192	959	192
12910	30	19833	992	198	992	198
12910	31	20494	1025	205	1025	205
12910	32	21156	1058	212	1058	212
12910	33	21817	1091	218	1091	218
12910	34	22478	1124	225	1124	225
12910	35	23139	1157	231	1157	231
12910	36	23800	1190	238	1190	238
12910	37	24461	1223	245	1223	245
12910	38	25122	1256	251	1256	251
12910	39	25783	1289	258	1289	258
12910	40	26444	1322	264	1322	264
12910	41	27106	1355	271	1355	271
12910	42	27767	1388	278	1388	278
12910	43	28428	1421	284	1421	284
12910	44	29089	1454	291	1454	291
12910	45	29750	1488	298	1488	298
12910	46	30411	1521	304	1521	304
12910	47	31072	1554	311	1554	311
12910	48	31733	1587	317	1587	317
12910	49	32394	1620	324	1620	324
12910	50	33056	1653	331	1653	331
12910	51	33717	1686	337	1686	337
12910	52	34378	1719	344	1719	344
12910	53	35039	1752	350	1752	350
12910	54	35700	1785	357	1785	357
12910	55	36361	1818	364	1818	364
12910	56	37022	1851	370	1851	370
12910	57	37683	1884	377	1884	377
12910	58	38344	1917	383	1917	383
12910	59	39006	1950	390	1950	390
12910	60	39667	1983	397	1983	397
12910	61	40328	2016	403	2016	403
12910	62	40989	2049	410	2049	410
12910	63	41650	2083	417	2083	417
12910	64	42311	2116	423	2116	423
12910	65	42972	2149	430	2149	430
12910	66	43633	2182	436	2182	436
12910	67	44294	2215	443	2215	443
12910	68	44956	2248	450	2248	450
12910	69	45617	2281	456	2281	456
12910	70	46278	2314	463	2314	463
12910	71	46939	2347	469	2347	469
12910	72	47600	2380	476	2380	476
12910	73	48261	2413	483	2413	483
12910	74	48922	2446	489	2446	489
12910	75	49583	2479	496	2479	496
12910	76	50244	2512	502	2512	502
12910	77	50906	2545	509	2545	509
12910	78	51567	2578	516	2578	516
12910	79	52228	2611	522	2611	522
12910	80	52889	2644	529	2644	529
12910	81	53550	2678	536	2678	536
12910	82	54211	2711	542	2711	542
12910	83	54872	2744	549	2744	549
12910	84	55533	2777	555	2777	555
12910	85	56194	2810	562	2810	562
12910	86	56856	2843	569	2843	569
12910	87	57517	2876	575	2876	575
12910	88	58178	2909	582	2909	582
12910	89	58839	2942	588	2942	588
12910	90	59500	2975	595	2975	595
12910	91	60161	3008	602	3008	602
12910	92	60822	3041	608	3041	608
12910	93	61483	3074	615	3074	615
12910	94	62144	3107	621	3107	621
12910	95	62806	3140	628	3140	628
12910	96	63467	3173	635	3173	635
12910	97	64128	3206	641	3206	641
12910	98	64789	3239	648	3239	648
12910	99	65450	3273	655	3273	655
12910	100	66111	3306	661	3306	661
12911	1	661	33	7	33	7
12911	2	1322	66	13	66	13
12911	3	1983	99	20	99	20
12911	4	2644	132	26	132	26
12911	5	3306	165	33	165	33
12911	6	3967	198	40	198	40
12911	7	4628	231	46	231	46
12911	8	5289	264	53	264	53
12911	9	5950	298	60	298	60
12911	10	6611	331	66	331	66
12911	11	7272	364	73	364	73
12911	12	7933	397	79	397	79
12911	13	8594	430	86	430	86
12911	14	9256	463	93	463	93
12911	15	9917	496	99	496	99
12911	16	10578	529	106	529	106
12911	17	11239	562	112	562	112
12911	18	11900	595	119	595	119
12911	19	12561	628	126	628	126
12911	20	13222	661	132	661	132
12911	21	13883	694	139	694	139
12911	22	14544	727	145	727	145
12911	23	15206	760	152	760	152
12911	24	15867	793	159	793	159
12911	25	16528	826	165	826	165
12911	26	17189	859	172	859	172
12911	27	17850	893	179	893	179
12911	28	18511	926	185	926	185
12911	29	19172	959	192	959	192
12911	30	19833	992	198	992	198
12911	31	20494	1025	205	1025	205
12911	32	21156	1058	212	1058	212
12911	33	21817	1091	218	1091	218
12911	34	22478	1124	225	1124	225
12911	35	23139	1157	231	1157	231
12911	36	23800	1190	238	1190	238
12911	37	24461	1223	245	1223	245
12911	38	25122	1256	251	1256	251
12911	39	25783	1289	258	1289	258
12911	40	26444	1322	264	1322	264
12911	41	27106	1355	271	1355	271
12911	42	27767	1388	278	1388	278
12911	43	28428	1421	284	1421	284
12911	44	29089	1454	291	1454	291
12911	45	29750	1488	298	1488	298
12911	46	30411	1521	304	1521	304
12911	47	31072	1554	311	1554	311
12911	48	31733	1587	317	1587	317
12911	49	32394	1620	324	1620	324
12911	50	33056	1653	331	1653	331
12911	51	33717	1686	337	1686	337
12911	52	34378	1719	344	1719	344
12911	53	35039	1752	350	1752	350
12911	54	35700	1785	357	1785	357
12911	55	36361	1818	364	1818	364
12911	56	37022	1851	370	1851	370
12911	57	37683	1884	377	1884	377
12911	58	38344	1917	383	1917	383
12911	59	39006	1950	390	1950	390
12911	60	39667	1983	397	1983	397
12911	61	40328	2016	403	2016	403
12911	62	40989	2049	410	2049	410
12911	63	41650	2083	417	2083	417
12911	64	42311	2116	423	2116	423
12911	65	42972	2149	430	2149	430
12911	66	43633	2182	436	2182	436
12911	67	44294	2215	443	2215	443
12911	68	44956	2248	450	2248	450
12911	69	45617	2281	456	2281	456
12911	70	46278	2314	463	2314	463
12911	71	46939	2347	469	2347	469
12911	72	47600	2380	476	2380	476
12911	73	48261	2413	483	2413	483
12911	74	48922	2446	489	2446	489
12911	75	49583	2479	496	2479	496
12911	76	50244	2512	502	2512	502
12911	77	50906	2545	509	2545	509
12911	78	51567	2578	516	2578	516
12911	79	52228	2611	522	2611	522
12911	80	52889	2644	529	2644	529
12911	81	53550	2678	536	2678	536
12911	82	54211	2711	542	2711	542
12911	83	54872	2744	549	2744	549
12911	84	55533	2777	555	2777	555
12911	85	56194	2810	562	2810	562
12911	86	56856	2843	569	2843	569
12911	87	57517	2876	575	2876	575
12911	88	58178	2909	582	2909	582
12911	89	58839	2942	588	2942	588
12911	90	59500	2975	595	2975	595
12911	91	60161	3008	602	3008	602
12911	92	60822	3041	608	3041	608
12911	93	61483	3074	615	3074	615
12911	94	62144	3107	621	3107	621
12911	95	62806	3140	628	3140	628
12911	96	63467	3173	635	3173	635
12911	97	64128	3206	641	3206	641
12911	98	64789	3239	648	3239	648
12911	99	65450	3273	655	3273	655
12911	100	66111	3306	661	3306	661
12912	1	661	33	7	33	7
12912	2	1322	66	13	66	13
12912	3	1983	99	20	99	20
12912	4	2644	132	26	132	26
12912	5	3306	165	33	165	33
12912	6	3967	198	40	198	40
12912	7	4628	231	46	231	46
12912	8	5289	264	53	264	53
12912	9	5950	298	60	298	60
12912	10	6611	331	66	331	66
12912	11	7272	364	73	364	73
12912	12	7933	397	79	397	79
12912	13	8594	430	86	430	86
12912	14	9256	463	93	463	93
12912	15	9917	496	99	496	99
12912	16	10578	529	106	529	106
12912	17	11239	562	112	562	112
12912	18	11900	595	119	595	119
12912	19	12561	628	126	628	126
12912	20	13222	661	132	661	132
12912	21	13883	694	139	694	139
12912	22	14544	727	145	727	145
12912	23	15206	760	152	760	152
12912	24	15867	793	159	793	159
12912	25	16528	826	165	826	165
12912	26	17189	859	172	859	172
12912	27	17850	893	179	893	179
12912	28	18511	926	185	926	185
12912	29	19172	959	192	959	192
12912	30	19833	992	198	992	198
12912	31	20494	1025	205	1025	205
12912	32	21156	1058	212	1058	212
12912	33	21817	1091	218	1091	218
12912	34	22478	1124	225	1124	225
12912	35	23139	1157	231	1157	231
12912	36	23800	1190	238	1190	238
12912	37	24461	1223	245	1223	245
12912	38	25122	1256	251	1256	251
12912	39	25783	1289	258	1289	258
12912	40	26444	1322	264	1322	264
12912	41	27106	1355	271	1355	271
12912	42	27767	1388	278	1388	278
12912	43	28428	1421	284	1421	284
12912	44	29089	1454	291	1454	291
12912	45	29750	1488	298	1488	298
12912	46	30411	1521	304	1521	304
12912	47	31072	1554	311	1554	311
12912	48	31733	1587	317	1587	317
12912	49	32394	1620	324	1620	324
12912	50	33056	1653	331	1653	331
12912	51	33717	1686	337	1686	337
12912	52	34378	1719	344	1719	344
12912	53	35039	1752	350	1752	350
12912	54	35700	1785	357	1785	357
12912	55	36361	1818	364	1818	364
12912	56	37022	1851	370	1851	370
12912	57	37683	1884	377	1884	377
12912	58	38344	1917	383	1917	383
12912	59	39006	1950	390	1950	390
12912	60	39667	1983	397	1983	397
12912	61	40328	2016	403	2016	403
12912	62	40989	2049	410	2049	410
12912	63	41650	2083	417	2083	417
12912	64	42311	2116	423	2116	423
12912	65	42972	2149	430	2149	430
12912	66	43633	2182	436	2182	436
12912	67	44294	2215	443	2215	443
12912	68	44956	2248	450	2248	450
12912	69	45617	2281	456	2281	456
12912	70	46278	2314	463	2314	463
12912	71	46939	2347	469	2347	469
12912	72	47600	2380	476	2380	476
12912	73	48261	2413	483	2413	483
12912	74	48922	2446	489	2446	489
12912	75	49583	2479	496	2479	496
12912	76	50244	2512	502	2512	502
12912	77	50906	2545	509	2545	509
12912	78	51567	2578	516	2578	516
12912	79	52228	2611	522	2611	522
12912	80	52889	2644	529	2644	529
12912	81	53550	2678	536	2678	536
12912	82	54211	2711	542	2711	542
12912	83	54872	2744	549	2744	549
12912	84	55533	2777	555	2777	555
12912	85	56194	2810	562	2810	562
12912	86	56856	2843	569	2843	569
12912	87	57517	2876	575	2876	575
12912	88	58178	2909	582	2909	582
12912	89	58839	2942	588	2942	588
12912	90	59500	2975	595	2975	595
12912	91	60161	3008	602	3008	602
12912	92	60822	3041	608	3041	608
12912	93	61483	3074	615	3074	615
12912	94	62144	3107	621	3107	621
12912	95	62806	3140	628	3140	628
12912	96	63467	3173	635	3173	635
12912	97	64128	3206	641	3206	641
12912	98	64789	3239	648	3239	648
12912	99	65450	3273	655	3273	655
12912	100	66111	3306	661	3306	661
12913	1	661	33	7	33	7
12913	2	1322	66	13	66	13
12913	3	1983	99	20	99	20
12913	4	2644	132	26	132	26
12913	5	3306	165	33	165	33
12913	6	3967	198	40	198	40
12913	7	4628	231	46	231	46
12913	8	5289	264	53	264	53
12913	9	5950	298	60	298	60
12913	10	6611	331	66	331	66
12913	11	7272	364	73	364	73
12913	12	7933	397	79	397	79
12913	13	8594	430	86	430	86
12913	14	9256	463	93	463	93
12913	15	9917	496	99	496	99
12913	16	10578	529	106	529	106
12913	17	11239	562	112	562	112
12913	18	11900	595	119	595	119
12913	19	12561	628	126	628	126
12913	20	13222	661	132	661	132
12913	21	13883	694	139	694	139
12913	22	14544	727	145	727	145
12913	23	15206	760	152	760	152
12913	24	15867	793	159	793	159
12913	25	16528	826	165	826	165
12913	26	17189	859	172	859	172
12913	27	17850	893	179	893	179
12913	28	18511	926	185	926	185
12913	29	19172	959	192	959	192
12913	30	19833	992	198	992	198
12913	31	20494	1025	205	1025	205
12913	32	21156	1058	212	1058	212
12913	33	21817	1091	218	1091	218
12913	34	22478	1124	225	1124	225
12913	35	23139	1157	231	1157	231
12913	36	23800	1190	238	1190	238
12913	37	24461	1223	245	1223	245
12913	38	25122	1256	251	1256	251
12913	39	25783	1289	258	1289	258
12913	40	26444	1322	264	1322	264
12913	41	27106	1355	271	1355	271
12913	42	27767	1388	278	1388	278
12913	43	28428	1421	284	1421	284
12913	44	29089	1454	291	1454	291
12913	45	29750	1488	298	1488	298
12913	46	30411	1521	304	1521	304
12913	47	31072	1554	311	1554	311
12913	48	31733	1587	317	1587	317
12913	49	32394	1620	324	1620	324
12913	50	33056	1653	331	1653	331
12913	51	33717	1686	337	1686	337
12913	52	34378	1719	344	1719	344
12913	53	35039	1752	350	1752	350
12913	54	35700	1785	357	1785	357
12913	55	36361	1818	364	1818	364
12913	56	37022	1851	370	1851	370
12913	57	37683	1884	377	1884	377
12913	58	38344	1917	383	1917	383
12913	59	39006	1950	390	1950	390
12913	60	39667	1983	397	1983	397
12913	61	40328	2016	403	2016	403
12913	62	40989	2049	410	2049	410
12913	63	41650	2083	417	2083	417
12913	64	42311	2116	423	2116	423
12913	65	42972	2149	430	2149	430
12913	66	43633	2182	436	2182	436
12913	67	44294	2215	443	2215	443
12913	68	44956	2248	450	2248	450
12913	69	45617	2281	456	2281	456
12913	70	46278	2314	463	2314	463
12913	71	46939	2347	469	2347	469
12913	72	47600	2380	476	2380	476
12913	73	48261	2413	483	2413	483
12913	74	48922	2446	489	2446	489
12913	75	49583	2479	496	2479	496
12913	76	50244	2512	502	2512	502
12913	77	50906	2545	509	2545	509
12913	78	51567	2578	516	2578	516
12913	79	52228	2611	522	2611	522
12913	80	52889	2644	529	2644	529
12913	81	53550	2678	536	2678	536
12913	82	54211	2711	542	2711	542
12913	83	54872	2744	549	2744	549
12913	84	55533	2777	555	2777	555
12913	85	56194	2810	562	2810	562
12913	86	56856	2843	569	2843	569
12913	87	57517	2876	575	2876	575
12913	88	58178	2909	582	2909	582
12913	89	58839	2942	588	2942	588
12913	90	59500	2975	595	2975	595
12913	91	60161	3008	602	3008	602
12913	92	60822	3041	608	3041	608
12913	93	61483	3074	615	3074	615
12913	94	62144	3107	621	3107	621
12913	95	62806	3140	628	3140	628
12913	96	63467	3173	635	3173	635
12913	97	64128	3206	641	3206	641
12913	98	64789	3239	648	3239	648
12913	99	65450	3273	655	3273	655
12913	100	66111	3306	661	3306	661
12914	1	661	33	7	33	7
12914	2	1322	66	13	66	13
12914	3	1983	99	20	99	20
12914	4	2644	132	26	132	26
12914	5	3306	165	33	165	33
12914	6	3967	198	40	198	40
12914	7	4628	231	46	231	46
12914	8	5289	264	53	264	53
12914	9	5950	298	60	298	60
12914	10	6611	331	66	331	66
12914	11	7272	364	73	364	73
12914	12	7933	397	79	397	79
12914	13	8594	430	86	430	86
12914	14	9256	463	93	463	93
12914	15	9917	496	99	496	99
12914	16	10578	529	106	529	106
12914	17	11239	562	112	562	112
12914	18	11900	595	119	595	119
12914	19	12561	628	126	628	126
12914	20	13222	661	132	661	132
12914	21	13883	694	139	694	139
12914	22	14544	727	145	727	145
12914	23	15206	760	152	760	152
12914	24	15867	793	159	793	159
12914	25	16528	826	165	826	165
12914	26	17189	859	172	859	172
12914	27	17850	893	179	893	179
12914	28	18511	926	185	926	185
12914	29	19172	959	192	959	192
12914	30	19833	992	198	992	198
12914	31	20494	1025	205	1025	205
12914	32	21156	1058	212	1058	212
12914	33	21817	1091	218	1091	218
12914	34	22478	1124	225	1124	225
12914	35	23139	1157	231	1157	231
12914	36	23800	1190	238	1190	238
12914	37	24461	1223	245	1223	245
12914	38	25122	1256	251	1256	251
12914	39	25783	1289	258	1289	258
12914	40	26444	1322	264	1322	264
12914	41	27106	1355	271	1355	271
12914	42	27767	1388	278	1388	278
12914	43	28428	1421	284	1421	284
12914	44	29089	1454	291	1454	291
12914	45	29750	1488	298	1488	298
12914	46	30411	1521	304	1521	304
12914	47	31072	1554	311	1554	311
12914	48	31733	1587	317	1587	317
12914	49	32394	1620	324	1620	324
12914	50	33056	1653	331	1653	331
12914	51	33717	1686	337	1686	337
12914	52	34378	1719	344	1719	344
12914	53	35039	1752	350	1752	350
12914	54	35700	1785	357	1785	357
12914	55	36361	1818	364	1818	364
12914	56	37022	1851	370	1851	370
12914	57	37683	1884	377	1884	377
12914	58	38344	1917	383	1917	383
12914	59	39006	1950	390	1950	390
12914	60	39667	1983	397	1983	397
12914	61	40328	2016	403	2016	403
12914	62	40989	2049	410	2049	410
12914	63	41650	2083	417	2083	417
12914	64	42311	2116	423	2116	423
12914	65	42972	2149	430	2149	430
12914	66	43633	2182	436	2182	436
12914	67	44294	2215	443	2215	443
12914	68	44956	2248	450	2248	450
12914	69	45617	2281	456	2281	456
12914	70	46278	2314	463	2314	463
12914	71	46939	2347	469	2347	469
12914	72	47600	2380	476	2380	476
12914	73	48261	2413	483	2413	483
12914	74	48922	2446	489	2446	489
12914	75	49583	2479	496	2479	496
12914	76	50244	2512	502	2512	502
12914	77	50906	2545	509	2545	509
12914	78	51567	2578	516	2578	516
12914	79	52228	2611	522	2611	522
12914	80	52889	2644	529	2644	529
12914	81	53550	2678	536	2678	536
12914	82	54211	2711	542	2711	542
12914	83	54872	2744	549	2744	549
12914	84	55533	2777	555	2777	555
12914	85	56194	2810	562	2810	562
12914	86	56856	2843	569	2843	569
12914	87	57517	2876	575	2876	575
12914	88	58178	2909	582	2909	582
12914	89	58839	2942	588	2942	588
12914	90	59500	2975	595	2975	595
12914	91	60161	3008	602	3008	602
12914	92	60822	3041	608	3041	608
12914	93	61483	3074	615	3074	615
12914	94	62144	3107	621	3107	621
12914	95	62806	3140	628	3140	628
12914	96	63467	3173	635	3173	635
12914	97	64128	3206	641	3206	641
12914	98	64789	3239	648	3239	648
12914	99	65450	3273	655	3273	655
12914	100	66111	3306	661	3306	661
12915	1	661	33	7	33	7
12915	2	1322	66	13	66	13
12915	3	1983	99	20	99	20
12915	4	2644	132	26	132	26
12915	5	3306	165	33	165	33
12915	6	3967	198	40	198	40
12915	7	4628	231	46	231	46
12915	8	5289	264	53	264	53
12915	9	5950	298	60	298	60
12915	10	6611	331	66	331	66
12915	11	7272	364	73	364	73
12915	12	7933	397	79	397	79
12915	13	8594	430	86	430	86
12915	14	9256	463	93	463	93
12915	15	9917	496	99	496	99
12915	16	10578	529	106	529	106
12915	17	11239	562	112	562	112
12915	18	11900	595	119	595	119
12915	19	12561	628	126	628	126
12915	20	13222	661	132	661	132
12915	21	13883	694	139	694	139
12915	22	14544	727	145	727	145
12915	23	15206	760	152	760	152
12915	24	15867	793	159	793	159
12915	25	16528	826	165	826	165
12915	26	17189	859	172	859	172
12915	27	17850	893	179	893	179
12915	28	18511	926	185	926	185
12915	29	19172	959	192	959	192
12915	30	19833	992	198	992	198
12915	31	20494	1025	205	1025	205
12915	32	21156	1058	212	1058	212
12915	33	21817	1091	218	1091	218
12915	34	22478	1124	225	1124	225
12915	35	23139	1157	231	1157	231
12915	36	23800	1190	238	1190	238
12915	37	24461	1223	245	1223	245
12915	38	25122	1256	251	1256	251
12915	39	25783	1289	258	1289	258
12915	40	26444	1322	264	1322	264
12915	41	27106	1355	271	1355	271
12915	42	27767	1388	278	1388	278
12915	43	28428	1421	284	1421	284
12915	44	29089	1454	291	1454	291
12915	45	29750	1488	298	1488	298
12915	46	30411	1521	304	1521	304
12915	47	31072	1554	311	1554	311
12915	48	31733	1587	317	1587	317
12915	49	32394	1620	324	1620	324
12915	50	33056	1653	331	1653	331
12915	51	33717	1686	337	1686	337
12915	52	34378	1719	344	1719	344
12915	53	35039	1752	350	1752	350
12915	54	35700	1785	357	1785	357
12915	55	36361	1818	364	1818	364
12915	56	37022	1851	370	1851	370
12915	57	37683	1884	377	1884	377
12915	58	38344	1917	383	1917	383
12915	59	39006	1950	390	1950	390
12915	60	39667	1983	397	1983	397
12915	61	40328	2016	403	2016	403
12915	62	40989	2049	410	2049	410
12915	63	41650	2083	417	2083	417
12915	64	42311	2116	423	2116	423
12915	65	42972	2149	430	2149	430
12915	66	43633	2182	436	2182	436
12915	67	44294	2215	443	2215	443
12915	68	44956	2248	450	2248	450
12915	69	45617	2281	456	2281	456
12915	70	46278	2314	463	2314	463
12915	71	46939	2347	469	2347	469
12915	72	47600	2380	476	2380	476
12915	73	48261	2413	483	2413	483
12915	74	48922	2446	489	2446	489
12915	75	49583	2479	496	2479	496
12915	76	50244	2512	502	2512	502
12915	77	50906	2545	509	2545	509
12915	78	51567	2578	516	2578	516
12915	79	52228	2611	522	2611	522
12915	80	52889	2644	529	2644	529
12915	81	53550	2678	536	2678	536
12915	82	54211	2711	542	2711	542
12915	83	54872	2744	549	2744	549
12915	84	55533	2777	555	2777	555
12915	85	56194	2810	562	2810	562
12915	86	56856	2843	569	2843	569
12915	87	57517	2876	575	2876	575
12915	88	58178	2909	582	2909	582
12915	89	58839	2942	588	2942	588
12915	90	59500	2975	595	2975	595
12915	91	60161	3008	602	3008	602
12915	92	60822	3041	608	3041	608
12915	93	61483	3074	615	3074	615
12915	94	62144	3107	621	3107	621
12915	95	62806	3140	628	3140	628
12915	96	63467	3173	635	3173	635
12915	97	64128	3206	641	3206	641
12915	98	64789	3239	648	3239	648
12915	99	65450	3273	655	3273	655
12915	100	66111	3306	661	3306	661
12916	1	661	33	7	33	7
12916	2	1322	66	13	66	13
12916	3	1983	99	20	99	20
12916	4	2644	132	26	132	26
12916	5	3306	165	33	165	33
12916	6	3967	198	40	198	40
12916	7	4628	231	46	231	46
12916	8	5289	264	53	264	53
12916	9	5950	298	60	298	60
12916	10	6611	331	66	331	66
12916	11	7272	364	73	364	73
12916	12	7933	397	79	397	79
12916	13	8594	430	86	430	86
12916	14	9256	463	93	463	93
12916	15	9917	496	99	496	99
12916	16	10578	529	106	529	106
12916	17	11239	562	112	562	112
12916	18	11900	595	119	595	119
12916	19	12561	628	126	628	126
12916	20	13222	661	132	661	132
12916	21	13883	694	139	694	139
12916	22	14544	727	145	727	145
12916	23	15206	760	152	760	152
12916	24	15867	793	159	793	159
12916	25	16528	826	165	826	165
12916	26	17189	859	172	859	172
12916	27	17850	893	179	893	179
12916	28	18511	926	185	926	185
12916	29	19172	959	192	959	192
12916	30	19833	992	198	992	198
12916	31	20494	1025	205	1025	205
12916	32	21156	1058	212	1058	212
12916	33	21817	1091	218	1091	218
12916	34	22478	1124	225	1124	225
12916	35	23139	1157	231	1157	231
12916	36	23800	1190	238	1190	238
12916	37	24461	1223	245	1223	245
12916	38	25122	1256	251	1256	251
12916	39	25783	1289	258	1289	258
12916	40	26444	1322	264	1322	264
12916	41	27106	1355	271	1355	271
12916	42	27767	1388	278	1388	278
12916	43	28428	1421	284	1421	284
12916	44	29089	1454	291	1454	291
12916	45	29750	1488	298	1488	298
12916	46	30411	1521	304	1521	304
12916	47	31072	1554	311	1554	311
12916	48	31733	1587	317	1587	317
12916	49	32394	1620	324	1620	324
12916	50	33056	1653	331	1653	331
12916	51	33717	1686	337	1686	337
12916	52	34378	1719	344	1719	344
12916	53	35039	1752	350	1752	350
12916	54	35700	1785	357	1785	357
12916	55	36361	1818	364	1818	364
12916	56	37022	1851	370	1851	370
12916	57	37683	1884	377	1884	377
12916	58	38344	1917	383	1917	383
12916	59	39006	1950	390	1950	390
12916	60	39667	1983	397	1983	397
12916	61	40328	2016	403	2016	403
12916	62	40989	2049	410	2049	410
12916	63	41650	2083	417	2083	417
12916	64	42311	2116	423	2116	423
12916	65	42972	2149	430	2149	430
12916	66	43633	2182	436	2182	436
12916	67	44294	2215	443	2215	443
12916	68	44956	2248	450	2248	450
12916	69	45617	2281	456	2281	456
12916	70	46278	2314	463	2314	463
12916	71	46939	2347	469	2347	469
12916	72	47600	2380	476	2380	476
12916	73	48261	2413	483	2413	483
12916	74	48922	2446	489	2446	489
12916	75	49583	2479	496	2479	496
12916	76	50244	2512	502	2512	502
12916	77	50906	2545	509	2545	509
12916	78	51567	2578	516	2578	516
12916	79	52228	2611	522	2611	522
12916	80	52889	2644	529	2644	529
12916	81	53550	2678	536	2678	536
12916	82	54211	2711	542	2711	542
12916	83	54872	2744	549	2744	549
12916	84	55533	2777	555	2777	555
12916	85	56194	2810	562	2810	562
12916	86	56856	2843	569	2843	569
12916	87	57517	2876	575	2876	575
12916	88	58178	2909	582	2909	582
12916	89	58839	2942	588	2942	588
12916	90	59500	2975	595	2975	595
12916	91	60161	3008	602	3008	602
12916	92	60822	3041	608	3041	608
12916	93	61483	3074	615	3074	615
12916	94	62144	3107	621	3107	621
12916	95	62806	3140	628	3140	628
12916	96	63467	3173	635	3173	635
12916	97	64128	3206	641	3206	641
12916	98	64789	3239	648	3239	648
12916	99	65450	3273	655	3273	655
12916	100	66111	3306	661	3306	661
12917	1	661	33	7	33	7
12917	2	1322	66	13	66	13
12917	3	1983	99	20	99	20
12917	4	2644	132	26	132	26
12917	5	3306	165	33	165	33
12917	6	3967	198	40	198	40
12917	7	4628	231	46	231	46
12917	8	5289	264	53	264	53
12917	9	5950	298	60	298	60
12917	10	6611	331	66	331	66
12917	11	7272	364	73	364	73
12917	12	7933	397	79	397	79
12917	13	8594	430	86	430	86
12917	14	9256	463	93	463	93
12917	15	9917	496	99	496	99
12917	16	10578	529	106	529	106
12917	17	11239	562	112	562	112
12917	18	11900	595	119	595	119
12917	19	12561	628	126	628	126
12917	20	13222	661	132	661	132
12917	21	13883	694	139	694	139
12917	22	14544	727	145	727	145
12917	23	15206	760	152	760	152
12917	24	15867	793	159	793	159
12917	25	16528	826	165	826	165
12917	26	17189	859	172	859	172
12917	27	17850	893	179	893	179
12917	28	18511	926	185	926	185
12917	29	19172	959	192	959	192
12917	30	19833	992	198	992	198
12917	31	20494	1025	205	1025	205
12917	32	21156	1058	212	1058	212
12917	33	21817	1091	218	1091	218
12917	34	22478	1124	225	1124	225
12917	35	23139	1157	231	1157	231
12917	36	23800	1190	238	1190	238
12917	37	24461	1223	245	1223	245
12917	38	25122	1256	251	1256	251
12917	39	25783	1289	258	1289	258
12917	40	26444	1322	264	1322	264
12917	41	27106	1355	271	1355	271
12917	42	27767	1388	278	1388	278
12917	43	28428	1421	284	1421	284
12917	44	29089	1454	291	1454	291
12917	45	29750	1488	298	1488	298
12917	46	30411	1521	304	1521	304
12917	47	31072	1554	311	1554	311
12917	48	31733	1587	317	1587	317
12917	49	32394	1620	324	1620	324
12917	50	33056	1653	331	1653	331
12917	51	33717	1686	337	1686	337
12917	52	34378	1719	344	1719	344
12917	53	35039	1752	350	1752	350
12917	54	35700	1785	357	1785	357
12917	55	36361	1818	364	1818	364
12917	56	37022	1851	370	1851	370
12917	57	37683	1884	377	1884	377
12917	58	38344	1917	383	1917	383
12917	59	39006	1950	390	1950	390
12917	60	39667	1983	397	1983	397
12917	61	40328	2016	403	2016	403
12917	62	40989	2049	410	2049	410
12917	63	41650	2083	417	2083	417
12917	64	42311	2116	423	2116	423
12917	65	42972	2149	430	2149	430
12917	66	43633	2182	436	2182	436
12917	67	44294	2215	443	2215	443
12917	68	44956	2248	450	2248	450
12917	69	45617	2281	456	2281	456
12917	70	46278	2314	463	2314	463
12917	71	46939	2347	469	2347	469
12917	72	47600	2380	476	2380	476
12917	73	48261	2413	483	2413	483
12917	74	48922	2446	489	2446	489
12917	75	49583	2479	496	2479	496
12917	76	50244	2512	502	2512	502
12917	77	50906	2545	509	2545	509
12917	78	51567	2578	516	2578	516
12917	79	52228	2611	522	2611	522
12917	80	52889	2644	529	2644	529
12917	81	53550	2678	536	2678	536
12917	82	54211	2711	542	2711	542
12917	83	54872	2744	549	2744	549
12917	84	55533	2777	555	2777	555
12917	85	56194	2810	562	2810	562
12917	86	56856	2843	569	2843	569
12917	87	57517	2876	575	2876	575
12917	88	58178	2909	582	2909	582
12917	89	58839	2942	588	2942	588
12917	90	59500	2975	595	2975	595
12917	91	60161	3008	602	3008	602
12917	92	60822	3041	608	3041	608
12917	93	61483	3074	615	3074	615
12917	94	62144	3107	621	3107	621
12917	95	62806	3140	628	3140	628
12917	96	63467	3173	635	3173	635
12917	97	64128	3206	641	3206	641
12917	98	64789	3239	648	3239	648
12917	99	65450	3273	655	3273	655
12917	100	66111	3306	661	3306	661
12918	1	661	33	7	33	7
12918	2	1322	66	13	66	13
12918	3	1983	99	20	99	20
12918	4	2644	132	26	132	26
12918	5	3306	165	33	165	33
12918	6	3967	198	40	198	40
12918	7	4628	231	46	231	46
12918	8	5289	264	53	264	53
12918	9	5950	298	60	298	60
12918	10	6611	331	66	331	66
12918	11	7272	364	73	364	73
12918	12	7933	397	79	397	79
12918	13	8594	430	86	430	86
12918	14	9256	463	93	463	93
12918	15	9917	496	99	496	99
12918	16	10578	529	106	529	106
12918	17	11239	562	112	562	112
12918	18	11900	595	119	595	119
12918	19	12561	628	126	628	126
12918	20	13222	661	132	661	132
12918	21	13883	694	139	694	139
12918	22	14544	727	145	727	145
12918	23	15206	760	152	760	152
12918	24	15867	793	159	793	159
12918	25	16528	826	165	826	165
12918	26	17189	859	172	859	172
12918	27	17850	893	179	893	179
12918	28	18511	926	185	926	185
12918	29	19172	959	192	959	192
12918	30	19833	992	198	992	198
12918	31	20494	1025	205	1025	205
12918	32	21156	1058	212	1058	212
12918	33	21817	1091	218	1091	218
12918	34	22478	1124	225	1124	225
12918	35	23139	1157	231	1157	231
12918	36	23800	1190	238	1190	238
12918	37	24461	1223	245	1223	245
12918	38	25122	1256	251	1256	251
12918	39	25783	1289	258	1289	258
12918	40	26444	1322	264	1322	264
12918	41	27106	1355	271	1355	271
12918	42	27767	1388	278	1388	278
12918	43	28428	1421	284	1421	284
12918	44	29089	1454	291	1454	291
12918	45	29750	1488	298	1488	298
12918	46	30411	1521	304	1521	304
12918	47	31072	1554	311	1554	311
12918	48	31733	1587	317	1587	317
12918	49	32394	1620	324	1620	324
12918	50	33056	1653	331	1653	331
12918	51	33717	1686	337	1686	337
12918	52	34378	1719	344	1719	344
12918	53	35039	1752	350	1752	350
12918	54	35700	1785	357	1785	357
12918	55	36361	1818	364	1818	364
12918	56	37022	1851	370	1851	370
12918	57	37683	1884	377	1884	377
12918	58	38344	1917	383	1917	383
12918	59	39006	1950	390	1950	390
12918	60	39667	1983	397	1983	397
12918	61	40328	2016	403	2016	403
12918	62	40989	2049	410	2049	410
12918	63	41650	2083	417	2083	417
12918	64	42311	2116	423	2116	423
12918	65	42972	2149	430	2149	430
12918	66	43633	2182	436	2182	436
12918	67	44294	2215	443	2215	443
12918	68	44956	2248	450	2248	450
12918	69	45617	2281	456	2281	456
12918	70	46278	2314	463	2314	463
12918	71	46939	2347	469	2347	469
12918	72	47600	2380	476	2380	476
12918	73	48261	2413	483	2413	483
12918	74	48922	2446	489	2446	489
12918	75	49583	2479	496	2479	496
12918	76	50244	2512	502	2512	502
12918	77	50906	2545	509	2545	509
12918	78	51567	2578	516	2578	516
12918	79	52228	2611	522	2611	522
12918	80	52889	2644	529	2644	529
12918	81	53550	2678	536	2678	536
12918	82	54211	2711	542	2711	542
12918	83	54872	2744	549	2744	549
12918	84	55533	2777	555	2777	555
12918	85	56194	2810	562	2810	562
12918	86	56856	2843	569	2843	569
12918	87	57517	2876	575	2876	575
12918	88	58178	2909	582	2909	582
12918	89	58839	2942	588	2942	588
12918	90	59500	2975	595	2975	595
12918	91	60161	3008	602	3008	602
12918	92	60822	3041	608	3041	608
12918	93	61483	3074	615	3074	615
12918	94	62144	3107	621	3107	621
12918	95	62806	3140	628	3140	628
12918	96	63467	3173	635	3173	635
12918	97	64128	3206	641	3206	641
12918	98	64789	3239	648	3239	648
12918	99	65450	3273	655	3273	655
12918	100	66111	3306	661	3306	661
12919	1	661	33	7	33	7
12919	2	1322	66	13	66	13
12919	3	1983	99	20	99	20
12919	4	2644	132	26	132	26
12919	5	3306	165	33	165	33
12919	6	3967	198	40	198	40
12919	7	4628	231	46	231	46
12919	8	5289	264	53	264	53
12919	9	5950	298	60	298	60
12919	10	6611	331	66	331	66
12919	11	7272	364	73	364	73
12919	12	7933	397	79	397	79
12919	13	8594	430	86	430	86
12919	14	9256	463	93	463	93
12919	15	9917	496	99	496	99
12919	16	10578	529	106	529	106
12919	17	11239	562	112	562	112
12919	18	11900	595	119	595	119
12919	19	12561	628	126	628	126
12919	20	13222	661	132	661	132
12919	21	13883	694	139	694	139
12919	22	14544	727	145	727	145
12919	23	15206	760	152	760	152
12919	24	15867	793	159	793	159
12919	25	16528	826	165	826	165
12919	26	17189	859	172	859	172
12919	27	17850	893	179	893	179
12919	28	18511	926	185	926	185
12919	29	19172	959	192	959	192
12919	30	19833	992	198	992	198
12919	31	20494	1025	205	1025	205
12919	32	21156	1058	212	1058	212
12919	33	21817	1091	218	1091	218
12919	34	22478	1124	225	1124	225
12919	35	23139	1157	231	1157	231
12919	36	23800	1190	238	1190	238
12919	37	24461	1223	245	1223	245
12919	38	25122	1256	251	1256	251
12919	39	25783	1289	258	1289	258
12919	40	26444	1322	264	1322	264
12919	41	27106	1355	271	1355	271
12919	42	27767	1388	278	1388	278
12919	43	28428	1421	284	1421	284
12919	44	29089	1454	291	1454	291
12919	45	29750	1488	298	1488	298
12919	46	30411	1521	304	1521	304
12919	47	31072	1554	311	1554	311
12919	48	31733	1587	317	1587	317
12919	49	32394	1620	324	1620	324
12919	50	33056	1653	331	1653	331
12919	51	33717	1686	337	1686	337
12919	52	34378	1719	344	1719	344
12919	53	35039	1752	350	1752	350
12919	54	35700	1785	357	1785	357
12919	55	36361	1818	364	1818	364
12919	56	37022	1851	370	1851	370
12919	57	37683	1884	377	1884	377
12919	58	38344	1917	383	1917	383
12919	59	39006	1950	390	1950	390
12919	60	39667	1983	397	1983	397
12919	61	40328	2016	403	2016	403
12919	62	40989	2049	410	2049	410
12919	63	41650	2083	417	2083	417
12919	64	42311	2116	423	2116	423
12919	65	42972	2149	430	2149	430
12919	66	43633	2182	436	2182	436
12919	67	44294	2215	443	2215	443
12919	68	44956	2248	450	2248	450
12919	69	45617	2281	456	2281	456
12919	70	46278	2314	463	2314	463
12919	71	46939	2347	469	2347	469
12919	72	47600	2380	476	2380	476
12919	73	48261	2413	483	2413	483
12919	74	48922	2446	489	2446	489
12919	75	49583	2479	496	2479	496
12919	76	50244	2512	502	2512	502
12919	77	50906	2545	509	2545	509
12919	78	51567	2578	516	2578	516
12919	79	52228	2611	522	2611	522
12919	80	52889	2644	529	2644	529
12919	81	53550	2678	536	2678	536
12919	82	54211	2711	542	2711	542
12919	83	54872	2744	549	2744	549
12919	84	55533	2777	555	2777	555
12919	85	56194	2810	562	2810	562
12919	86	56856	2843	569	2843	569
12919	87	57517	2876	575	2876	575
12919	88	58178	2909	582	2909	582
12919	89	58839	2942	588	2942	588
12919	90	59500	2975	595	2975	595
12919	91	60161	3008	602	3008	602
12919	92	60822	3041	608	3041	608
12919	93	61483	3074	615	3074	615
12919	94	62144	3107	621	3107	621
12919	95	62806	3140	628	3140	628
12919	96	63467	3173	635	3173	635
12919	97	64128	3206	641	3206	641
12919	98	64789	3239	648	3239	648
12919	99	65450	3273	655	3273	655
12919	100	66111	3306	661	3306	661
12935	1	661	33	7	33	7
12935	2	1322	66	13	66	13
12935	3	1983	99	20	99	20
12935	4	2644	132	26	132	26
12935	5	3306	165	33	165	33
12935	6	3967	198	40	198	40
12935	7	4628	231	46	231	46
12935	8	5289	264	53	264	53
12935	9	5950	298	60	298	60
12935	10	6611	331	66	331	66
12935	11	7272	364	73	364	73
12935	12	7933	397	79	397	79
12935	13	8594	430	86	430	86
12935	14	9256	463	93	463	93
12935	15	9917	496	99	496	99
12935	16	10578	529	106	529	106
12935	17	11239	562	112	562	112
12935	18	11900	595	119	595	119
12935	19	12561	628	126	628	126
12935	20	13222	661	132	661	132
12935	21	13883	694	139	694	139
12935	22	14544	727	145	727	145
12935	23	15206	760	152	760	152
12935	24	15867	793	159	793	159
12935	25	16528	826	165	826	165
12935	26	17189	859	172	859	172
12935	27	17850	893	179	893	179
12935	28	18511	926	185	926	185
12935	29	19172	959	192	959	192
12935	30	19833	992	198	992	198
12935	31	20494	1025	205	1025	205
12935	32	21156	1058	212	1058	212
12935	33	21817	1091	218	1091	218
12935	34	22478	1124	225	1124	225
12935	35	23139	1157	231	1157	231
12935	36	23800	1190	238	1190	238
12935	37	24461	1223	245	1223	245
12935	38	25122	1256	251	1256	251
12935	39	25783	1289	258	1289	258
12935	40	26444	1322	264	1322	264
12935	41	27106	1355	271	1355	271
12935	42	27767	1388	278	1388	278
12935	43	28428	1421	284	1421	284
12935	44	29089	1454	291	1454	291
12935	45	29750	1488	298	1488	298
12935	46	30411	1521	304	1521	304
12935	47	31072	1554	311	1554	311
12935	48	31733	1587	317	1587	317
12935	49	32394	1620	324	1620	324
12935	50	33056	1653	331	1653	331
12935	51	33717	1686	337	1686	337
12935	52	34378	1719	344	1719	344
12935	53	35039	1752	350	1752	350
12935	54	35700	1785	357	1785	357
12935	55	36361	1818	364	1818	364
12935	56	37022	1851	370	1851	370
12935	57	37683	1884	377	1884	377
12935	58	38344	1917	383	1917	383
12935	59	39006	1950	390	1950	390
12935	60	39667	1983	397	1983	397
12935	61	40328	2016	403	2016	403
12935	62	40989	2049	410	2049	410
12935	63	41650	2083	417	2083	417
12935	64	42311	2116	423	2116	423
12935	65	42972	2149	430	2149	430
12935	66	43633	2182	436	2182	436
12935	67	44294	2215	443	2215	443
12935	68	44956	2248	450	2248	450
12935	69	45617	2281	456	2281	456
12935	70	46278	2314	463	2314	463
12935	71	46939	2347	469	2347	469
12935	72	47600	2380	476	2380	476
12935	73	48261	2413	483	2413	483
12935	74	48922	2446	489	2446	489
12935	75	49583	2479	496	2479	496
12935	76	50244	2512	502	2512	502
12935	77	50906	2545	509	2545	509
12935	78	51567	2578	516	2578	516
12935	79	52228	2611	522	2611	522
12935	80	52889	2644	529	2644	529
12935	81	53550	2678	536	2678	536
12935	82	54211	2711	542	2711	542
12935	83	54872	2744	549	2744	549
12935	84	55533	2777	555	2777	555
12935	85	56194	2810	562	2810	562
12935	86	56856	2843	569	2843	569
12935	87	57517	2876	575	2876	575
12935	88	58178	2909	582	2909	582
12935	89	58839	2942	588	2942	588
12935	90	59500	2975	595	2975	595
12935	91	60161	3008	602	3008	602
12935	92	60822	3041	608	3041	608
12935	93	61483	3074	615	3074	615
12935	94	62144	3107	621	3107	621
12935	95	62806	3140	628	3140	628
12935	96	63467	3173	635	3173	635
12935	97	64128	3206	641	3206	641
12935	98	64789	3239	648	3239	648
12935	99	65450	3273	655	3273	655
12935	100	66111	3306	661	3306	661
12936	1	661	33	7	33	7
12936	2	1322	66	13	66	13
12936	3	1983	99	20	99	20
12936	4	2644	132	26	132	26
12936	5	3306	165	33	165	33
12936	6	3967	198	40	198	40
12936	7	4628	231	46	231	46
12936	8	5289	264	53	264	53
12936	9	5950	298	60	298	60
12936	10	6611	331	66	331	66
12936	11	7272	364	73	364	73
12936	12	7933	397	79	397	79
12936	13	8594	430	86	430	86
12936	14	9256	463	93	463	93
12936	15	9917	496	99	496	99
12936	16	10578	529	106	529	106
12936	17	11239	562	112	562	112
12936	18	11900	595	119	595	119
12936	19	12561	628	126	628	126
12936	20	13222	661	132	661	132
12936	21	13883	694	139	694	139
12936	22	14544	727	145	727	145
12936	23	15206	760	152	760	152
12936	24	15867	793	159	793	159
12936	25	16528	826	165	826	165
12936	26	17189	859	172	859	172
12936	27	17850	893	179	893	179
12936	28	18511	926	185	926	185
12936	29	19172	959	192	959	192
12936	30	19833	992	198	992	198
12936	31	20494	1025	205	1025	205
12936	32	21156	1058	212	1058	212
12936	33	21817	1091	218	1091	218
12936	34	22478	1124	225	1124	225
12936	35	23139	1157	231	1157	231
12936	36	23800	1190	238	1190	238
12936	37	24461	1223	245	1223	245
12936	38	25122	1256	251	1256	251
12936	39	25783	1289	258	1289	258
12936	40	26444	1322	264	1322	264
12936	41	27106	1355	271	1355	271
12936	42	27767	1388	278	1388	278
12936	43	28428	1421	284	1421	284
12936	44	29089	1454	291	1454	291
12936	45	29750	1488	298	1488	298
12936	46	30411	1521	304	1521	304
12936	47	31072	1554	311	1554	311
12936	48	31733	1587	317	1587	317
12936	49	32394	1620	324	1620	324
12936	50	33056	1653	331	1653	331
12936	51	33717	1686	337	1686	337
12936	52	34378	1719	344	1719	344
12936	53	35039	1752	350	1752	350
12936	54	35700	1785	357	1785	357
12936	55	36361	1818	364	1818	364
12936	56	37022	1851	370	1851	370
12936	57	37683	1884	377	1884	377
12936	58	38344	1917	383	1917	383
12936	59	39006	1950	390	1950	390
12936	60	39667	1983	397	1983	397
12936	61	40328	2016	403	2016	403
12936	62	40989	2049	410	2049	410
12936	63	41650	2083	417	2083	417
12936	64	42311	2116	423	2116	423
12936	65	42972	2149	430	2149	430
12936	66	43633	2182	436	2182	436
12936	67	44294	2215	443	2215	443
12936	68	44956	2248	450	2248	450
12936	69	45617	2281	456	2281	456
12936	70	46278	2314	463	2314	463
12936	71	46939	2347	469	2347	469
12936	72	47600	2380	476	2380	476
12936	73	48261	2413	483	2413	483
12936	74	48922	2446	489	2446	489
12936	75	49583	2479	496	2479	496
12936	76	50244	2512	502	2512	502
12936	77	50906	2545	509	2545	509
12936	78	51567	2578	516	2578	516
12936	79	52228	2611	522	2611	522
12936	80	52889	2644	529	2644	529
12936	81	53550	2678	536	2678	536
12936	82	54211	2711	542	2711	542
12936	83	54872	2744	549	2744	549
12936	84	55533	2777	555	2777	555
12936	85	56194	2810	562	2810	562
12936	86	56856	2843	569	2843	569
12936	87	57517	2876	575	2876	575
12936	88	58178	2909	582	2909	582
12936	89	58839	2942	588	2942	588
12936	90	59500	2975	595	2975	595
12936	91	60161	3008	602	3008	602
12936	92	60822	3041	608	3041	608
12936	93	61483	3074	615	3074	615
12936	94	62144	3107	621	3107	621
12936	95	62806	3140	628	3140	628
12936	96	63467	3173	635	3173	635
12936	97	64128	3206	641	3206	641
12936	98	64789	3239	648	3239	648
12936	99	65450	3273	655	3273	655
12936	100	66111	3306	661	3306	661
12937	1	661	33	7	33	7
12937	2	1322	66	13	66	13
12937	3	1983	99	20	99	20
12937	4	2644	132	26	132	26
12937	5	3306	165	33	165	33
12937	6	3967	198	40	198	40
12937	7	4628	231	46	231	46
12937	8	5289	264	53	264	53
12937	9	5950	298	60	298	60
12937	10	6611	331	66	331	66
12937	11	7272	364	73	364	73
12937	12	7933	397	79	397	79
12937	13	8594	430	86	430	86
12937	14	9256	463	93	463	93
12937	15	9917	496	99	496	99
12937	16	10578	529	106	529	106
12937	17	11239	562	112	562	112
12937	18	11900	595	119	595	119
12937	19	12561	628	126	628	126
12937	20	13222	661	132	661	132
12937	21	13883	694	139	694	139
12937	22	14544	727	145	727	145
12937	23	15206	760	152	760	152
12937	24	15867	793	159	793	159
12937	25	16528	826	165	826	165
12937	26	17189	859	172	859	172
12937	27	17850	893	179	893	179
12937	28	18511	926	185	926	185
12937	29	19172	959	192	959	192
12937	30	19833	992	198	992	198
12937	31	20494	1025	205	1025	205
12937	32	21156	1058	212	1058	212
12937	33	21817	1091	218	1091	218
12937	34	22478	1124	225	1124	225
12937	35	23139	1157	231	1157	231
12937	36	23800	1190	238	1190	238
12937	37	24461	1223	245	1223	245
12937	38	25122	1256	251	1256	251
12937	39	25783	1289	258	1289	258
12937	40	26444	1322	264	1322	264
12937	41	27106	1355	271	1355	271
12937	42	27767	1388	278	1388	278
12937	43	28428	1421	284	1421	284
12937	44	29089	1454	291	1454	291
12937	45	29750	1488	298	1488	298
12937	46	30411	1521	304	1521	304
12937	47	31072	1554	311	1554	311
12937	48	31733	1587	317	1587	317
12937	49	32394	1620	324	1620	324
12937	50	33056	1653	331	1653	331
12937	51	33717	1686	337	1686	337
12937	52	34378	1719	344	1719	344
12937	53	35039	1752	350	1752	350
12937	54	35700	1785	357	1785	357
12937	55	36361	1818	364	1818	364
12937	56	37022	1851	370	1851	370
12937	57	37683	1884	377	1884	377
12937	58	38344	1917	383	1917	383
12937	59	39006	1950	390	1950	390
12937	60	39667	1983	397	1983	397
12937	61	40328	2016	403	2016	403
12937	62	40989	2049	410	2049	410
12937	63	41650	2083	417	2083	417
12937	64	42311	2116	423	2116	423
12937	65	42972	2149	430	2149	430
12937	66	43633	2182	436	2182	436
12937	67	44294	2215	443	2215	443
12937	68	44956	2248	450	2248	450
12937	69	45617	2281	456	2281	456
12937	70	46278	2314	463	2314	463
12937	71	46939	2347	469	2347	469
12937	72	47600	2380	476	2380	476
12937	73	48261	2413	483	2413	483
12937	74	48922	2446	489	2446	489
12937	75	49583	2479	496	2479	496
12937	76	50244	2512	502	2512	502
12937	77	50906	2545	509	2545	509
12937	78	51567	2578	516	2578	516
12937	79	52228	2611	522	2611	522
12937	80	52889	2644	529	2644	529
12937	81	53550	2678	536	2678	536
12937	82	54211	2711	542	2711	542
12937	83	54872	2744	549	2744	549
12937	84	55533	2777	555	2777	555
12937	85	56194	2810	562	2810	562
12937	86	56856	2843	569	2843	569
12937	87	57517	2876	575	2876	575
12937	88	58178	2909	582	2909	582
12937	89	58839	2942	588	2942	588
12937	90	59500	2975	595	2975	595
12937	91	60161	3008	602	3008	602
12937	92	60822	3041	608	3041	608
12937	93	61483	3074	615	3074	615
12937	94	62144	3107	621	3107	621
12937	95	62806	3140	628	3140	628
12937	96	63467	3173	635	3173	635
12937	97	64128	3206	641	3206	641
12937	98	64789	3239	648	3239	648
12937	99	65450	3273	655	3273	655
12937	100	66111	3306	661	3306	661
12938	1	661	33	7	33	7
12938	2	1322	66	13	66	13
12938	3	1983	99	20	99	20
12938	4	2644	132	26	132	26
12938	5	3306	165	33	165	33
12938	6	3967	198	40	198	40
12938	7	4628	231	46	231	46
12938	8	5289	264	53	264	53
12938	9	5950	298	60	298	60
12938	10	6611	331	66	331	66
12938	11	7272	364	73	364	73
12938	12	7933	397	79	397	79
12938	13	8594	430	86	430	86
12938	14	9256	463	93	463	93
12938	15	9917	496	99	496	99
12938	16	10578	529	106	529	106
12938	17	11239	562	112	562	112
12938	18	11900	595	119	595	119
12938	19	12561	628	126	628	126
12938	20	13222	661	132	661	132
12938	21	13883	694	139	694	139
12938	22	14544	727	145	727	145
12938	23	15206	760	152	760	152
12938	24	15867	793	159	793	159
12938	25	16528	826	165	826	165
12938	26	17189	859	172	859	172
12938	27	17850	893	179	893	179
12938	28	18511	926	185	926	185
12938	29	19172	959	192	959	192
12938	30	19833	992	198	992	198
12938	31	20494	1025	205	1025	205
12938	32	21156	1058	212	1058	212
12938	33	21817	1091	218	1091	218
12938	34	22478	1124	225	1124	225
12938	35	23139	1157	231	1157	231
12938	36	23800	1190	238	1190	238
12938	37	24461	1223	245	1223	245
12938	38	25122	1256	251	1256	251
12938	39	25783	1289	258	1289	258
12938	40	26444	1322	264	1322	264
12938	41	27106	1355	271	1355	271
12938	42	27767	1388	278	1388	278
12938	43	28428	1421	284	1421	284
12938	44	29089	1454	291	1454	291
12938	45	29750	1488	298	1488	298
12938	46	30411	1521	304	1521	304
12938	47	31072	1554	311	1554	311
12938	48	31733	1587	317	1587	317
12938	49	32394	1620	324	1620	324
12938	50	33056	1653	331	1653	331
12938	51	33717	1686	337	1686	337
12938	52	34378	1719	344	1719	344
12938	53	35039	1752	350	1752	350
12938	54	35700	1785	357	1785	357
12938	55	36361	1818	364	1818	364
12938	56	37022	1851	370	1851	370
12938	57	37683	1884	377	1884	377
12938	58	38344	1917	383	1917	383
12938	59	39006	1950	390	1950	390
12938	60	39667	1983	397	1983	397
12938	61	40328	2016	403	2016	403
12938	62	40989	2049	410	2049	410
12938	63	41650	2083	417	2083	417
12938	64	42311	2116	423	2116	423
12938	65	42972	2149	430	2149	430
12938	66	43633	2182	436	2182	436
12938	67	44294	2215	443	2215	443
12938	68	44956	2248	450	2248	450
12938	69	45617	2281	456	2281	456
12938	70	46278	2314	463	2314	463
12938	71	46939	2347	469	2347	469
12938	72	47600	2380	476	2380	476
12938	73	48261	2413	483	2413	483
12938	74	48922	2446	489	2446	489
12938	75	49583	2479	496	2479	496
12938	76	50244	2512	502	2512	502
12938	77	50906	2545	509	2545	509
12938	78	51567	2578	516	2578	516
12938	79	52228	2611	522	2611	522
12938	80	52889	2644	529	2644	529
12938	81	53550	2678	536	2678	536
12938	82	54211	2711	542	2711	542
12938	83	54872	2744	549	2744	549
12938	84	55533	2777	555	2777	555
12938	85	56194	2810	562	2810	562
12938	86	56856	2843	569	2843	569
12938	87	57517	2876	575	2876	575
12938	88	58178	2909	582	2909	582
12938	89	58839	2942	588	2942	588
12938	90	59500	2975	595	2975	595
12938	91	60161	3008	602	3008	602
12938	92	60822	3041	608	3041	608
12938	93	61483	3074	615	3074	615
12938	94	62144	3107	621	3107	621
12938	95	62806	3140	628	3140	628
12938	96	63467	3173	635	3173	635
12938	97	64128	3206	641	3206	641
12938	98	64789	3239	648	3239	648
12938	99	65450	3273	655	3273	655
12938	100	66111	3306	661	3306	661
12939	1	661	33	7	33	7
12939	2	1322	66	13	66	13
12939	3	1983	99	20	99	20
12939	4	2644	132	26	132	26
12939	5	3306	165	33	165	33
12939	6	3967	198	40	198	40
12939	7	4628	231	46	231	46
12939	8	5289	264	53	264	53
12939	9	5950	298	60	298	60
12939	10	6611	331	66	331	66
12939	11	7272	364	73	364	73
12939	12	7933	397	79	397	79
12939	13	8594	430	86	430	86
12939	14	9256	463	93	463	93
12939	15	9917	496	99	496	99
12939	16	10578	529	106	529	106
12939	17	11239	562	112	562	112
12939	18	11900	595	119	595	119
12939	19	12561	628	126	628	126
12939	20	13222	661	132	661	132
12939	21	13883	694	139	694	139
12939	22	14544	727	145	727	145
12939	23	15206	760	152	760	152
12939	24	15867	793	159	793	159
12939	25	16528	826	165	826	165
12939	26	17189	859	172	859	172
12939	27	17850	893	179	893	179
12939	28	18511	926	185	926	185
12939	29	19172	959	192	959	192
12939	30	19833	992	198	992	198
12939	31	20494	1025	205	1025	205
12939	32	21156	1058	212	1058	212
12939	33	21817	1091	218	1091	218
12939	34	22478	1124	225	1124	225
12939	35	23139	1157	231	1157	231
12939	36	23800	1190	238	1190	238
12939	37	24461	1223	245	1223	245
12939	38	25122	1256	251	1256	251
12939	39	25783	1289	258	1289	258
12939	40	26444	1322	264	1322	264
12939	41	27106	1355	271	1355	271
12939	42	27767	1388	278	1388	278
12939	43	28428	1421	284	1421	284
12939	44	29089	1454	291	1454	291
12939	45	29750	1488	298	1488	298
12939	46	30411	1521	304	1521	304
12939	47	31072	1554	311	1554	311
12939	48	31733	1587	317	1587	317
12939	49	32394	1620	324	1620	324
12939	50	33056	1653	331	1653	331
12939	51	33717	1686	337	1686	337
12939	52	34378	1719	344	1719	344
12939	53	35039	1752	350	1752	350
12939	54	35700	1785	357	1785	357
12939	55	36361	1818	364	1818	364
12939	56	37022	1851	370	1851	370
12939	57	37683	1884	377	1884	377
12939	58	38344	1917	383	1917	383
12939	59	39006	1950	390	1950	390
12939	60	39667	1983	397	1983	397
12939	61	40328	2016	403	2016	403
12939	62	40989	2049	410	2049	410
12939	63	41650	2083	417	2083	417
12939	64	42311	2116	423	2116	423
12939	65	42972	2149	430	2149	430
12939	66	43633	2182	436	2182	436
12939	67	44294	2215	443	2215	443
12939	68	44956	2248	450	2248	450
12939	69	45617	2281	456	2281	456
12939	70	46278	2314	463	2314	463
12939	71	46939	2347	469	2347	469
12939	72	47600	2380	476	2380	476
12939	73	48261	2413	483	2413	483
12939	74	48922	2446	489	2446	489
12939	75	49583	2479	496	2479	496
12939	76	50244	2512	502	2512	502
12939	77	50906	2545	509	2545	509
12939	78	51567	2578	516	2578	516
12939	79	52228	2611	522	2611	522
12939	80	52889	2644	529	2644	529
12939	81	53550	2678	536	2678	536
12939	82	54211	2711	542	2711	542
12939	83	54872	2744	549	2744	549
12939	84	55533	2777	555	2777	555
12939	85	56194	2810	562	2810	562
12939	86	56856	2843	569	2843	569
12939	87	57517	2876	575	2876	575
12939	88	58178	2909	582	2909	582
12939	89	58839	2942	588	2942	588
12939	90	59500	2975	595	2975	595
12939	91	60161	3008	602	3008	602
12939	92	60822	3041	608	3041	608
12939	93	61483	3074	615	3074	615
12939	94	62144	3107	621	3107	621
12939	95	62806	3140	628	3140	628
12939	96	63467	3173	635	3173	635
12939	97	64128	3206	641	3206	641
12939	98	64789	3239	648	3239	648
12939	99	65450	3273	655	3273	655
12939	100	66111	3306	661	3306	661
13069	1	529	40	7	40	7
13069	2	1058	79	13	79	13
13069	3	1586	119	20	119	20
13069	4	2115	158	26	158	26
13069	5	2645	198	33	198	33
13069	6	3174	238	40	238	40
13069	7	3702	277	46	277	46
13069	8	4231	317	53	317	53
13069	9	4760	358	60	358	60
13069	10	5289	397	66	397	66
13069	11	5818	437	73	437	73
13069	12	6346	476	79	476	79
13069	13	6875	516	86	516	86
13069	14	7405	556	93	556	93
13069	15	7934	595	99	595	99
13069	16	8462	635	106	635	106
13069	17	8991	674	112	674	112
13069	18	9520	714	119	714	119
13069	19	10049	754	126	754	126
13069	20	10578	793	132	793	132
13069	21	11106	833	139	833	139
13069	22	11635	872	145	872	145
13069	23	12165	912	152	912	152
13069	24	12694	952	159	952	159
13069	25	13222	991	165	991	165
13069	26	13751	1031	172	1031	172
13069	27	14280	1072	179	1072	179
13069	28	14809	1111	185	1111	185
13069	29	15338	1151	192	1151	192
13069	30	15866	1190	198	1190	198
13069	31	16395	1230	205	1230	205
13069	32	16925	1270	212	1270	212
13069	33	17454	1309	218	1309	218
13069	34	17982	1349	225	1349	225
13069	35	18511	1388	231	1388	231
13069	36	19040	1428	238	1428	238
13069	37	19569	1468	245	1468	245
13069	38	20098	1507	251	1507	251
13069	39	20626	1547	258	1547	258
13069	40	21155	1586	264	1586	264
13069	41	21685	1626	271	1626	271
13069	42	22214	1666	278	1666	278
13069	43	22742	1705	284	1705	284
13069	44	23271	1745	291	1745	291
13069	45	23800	1786	298	1786	298
13069	46	24329	1825	304	1825	304
13069	47	24858	1865	311	1865	311
13069	48	25386	1904	317	1904	317
13069	49	25915	1944	324	1944	324
13069	50	26445	1984	331	1984	331
13069	51	26974	2023	337	2023	337
13069	52	27502	2063	344	2063	344
13069	53	28031	2102	350	2102	350
13069	54	28560	2142	357	2142	357
13069	55	29089	2182	364	2182	364
13069	56	29618	2221	370	2221	370
13069	57	30146	2261	377	2261	377
13069	58	30675	2300	383	2300	383
13069	59	31205	2340	390	2340	390
13069	60	31734	2380	397	2380	397
13069	61	32262	2419	403	2419	403
13069	62	32791	2459	410	2459	410
13069	63	33320	2500	417	2500	417
13069	64	33849	2539	423	2539	423
13069	65	34378	2579	430	2579	430
13069	66	34906	2618	436	2618	436
13069	67	35435	2658	443	2658	443
13069	68	35965	2698	450	2698	450
13069	69	36494	2737	456	2737	456
13069	70	37022	2777	463	2777	463
13069	71	37551	2816	469	2816	469
13069	72	38080	2856	476	2856	476
13069	73	38609	2896	483	2896	483
13069	74	39138	2935	489	2935	489
13069	75	39666	2975	496	2975	496
13069	76	40195	3014	502	3014	502
13069	77	40725	3054	509	3054	509
13069	78	41254	3094	516	3094	516
13069	79	41782	3133	522	3133	522
13069	80	42311	3173	529	3173	529
13069	81	42840	3214	536	3214	536
13069	82	43369	3253	542	3253	542
13069	83	43898	3293	549	3293	549
13069	84	44426	3332	555	3332	555
13069	85	44955	3372	562	3372	562
13069	86	45485	3412	569	3412	569
13069	87	46014	3451	575	3451	575
13069	88	46542	3491	582	3491	582
13069	89	47071	3530	588	3530	588
13069	90	47600	3570	595	3570	595
13069	91	48129	3610	602	3610	602
13069	92	48658	3649	608	3649	608
13069	93	49186	3689	615	3689	615
13069	94	49715	3728	621	3728	621
13069	95	50245	3768	628	3768	628
13069	96	50774	3808	635	3808	635
13069	97	51302	3847	641	3847	641
13069	98	51831	3887	648	3887	648
13069	99	52360	3928	655	3928	655
13069	100	52889	3967	661	3967	661
13070	1	529	40	7	40	7
13070	2	1058	79	13	79	13
13070	3	1586	119	20	119	20
13070	4	2115	158	26	158	26
13070	5	2645	198	33	198	33
13070	6	3174	238	40	238	40
13070	7	3702	277	46	277	46
13070	8	4231	317	53	317	53
13070	9	4760	358	60	358	60
13070	10	5289	397	66	397	66
13070	11	5818	437	73	437	73
13070	12	6346	476	79	476	79
13070	13	6875	516	86	516	86
13070	14	7405	556	93	556	93
13070	15	7934	595	99	595	99
13070	16	8462	635	106	635	106
13070	17	8991	674	112	674	112
13070	18	9520	714	119	714	119
13070	19	10049	754	126	754	126
13070	20	10578	793	132	793	132
13070	21	11106	833	139	833	139
13070	22	11635	872	145	872	145
13070	23	12165	912	152	912	152
13070	24	12694	952	159	952	159
13070	25	13222	991	165	991	165
13070	26	13751	1031	172	1031	172
13070	27	14280	1072	179	1072	179
13070	28	14809	1111	185	1111	185
13070	29	15338	1151	192	1151	192
13070	30	15866	1190	198	1190	198
13070	31	16395	1230	205	1230	205
13070	32	16925	1270	212	1270	212
13070	33	17454	1309	218	1309	218
13070	34	17982	1349	225	1349	225
13070	35	18511	1388	231	1388	231
13070	36	19040	1428	238	1428	238
13070	37	19569	1468	245	1468	245
13070	38	20098	1507	251	1507	251
13070	39	20626	1547	258	1547	258
13070	40	21155	1586	264	1586	264
13070	41	21685	1626	271	1626	271
13070	42	22214	1666	278	1666	278
13070	43	22742	1705	284	1705	284
13070	44	23271	1745	291	1745	291
13070	45	23800	1786	298	1786	298
13070	46	24329	1825	304	1825	304
13070	47	24858	1865	311	1865	311
13070	48	25386	1904	317	1904	317
13070	49	25915	1944	324	1944	324
13070	50	26445	1984	331	1984	331
13070	51	26974	2023	337	2023	337
13070	52	27502	2063	344	2063	344
13070	53	28031	2102	350	2102	350
13070	54	28560	2142	357	2142	357
13070	55	29089	2182	364	2182	364
13070	56	29618	2221	370	2221	370
13070	57	30146	2261	377	2261	377
13070	58	30675	2300	383	2300	383
13070	59	31205	2340	390	2340	390
13070	60	31734	2380	397	2380	397
13070	61	32262	2419	403	2419	403
13070	62	32791	2459	410	2459	410
13070	63	33320	2500	417	2500	417
13070	64	33849	2539	423	2539	423
13070	65	34378	2579	430	2579	430
13070	66	34906	2618	436	2618	436
13070	67	35435	2658	443	2658	443
13070	68	35965	2698	450	2698	450
13070	69	36494	2737	456	2737	456
13070	70	37022	2777	463	2777	463
13070	71	37551	2816	469	2816	469
13070	72	38080	2856	476	2856	476
13070	73	38609	2896	483	2896	483
13070	74	39138	2935	489	2935	489
13070	75	39666	2975	496	2975	496
13070	76	40195	3014	502	3014	502
13070	77	40725	3054	509	3054	509
13070	78	41254	3094	516	3094	516
13070	79	41782	3133	522	3133	522
13070	80	42311	3173	529	3173	529
13070	81	42840	3214	536	3214	536
13070	82	43369	3253	542	3253	542
13070	83	43898	3293	549	3293	549
13070	84	44426	3332	555	3332	555
13070	85	44955	3372	562	3372	562
13070	86	45485	3412	569	3412	569
13070	87	46014	3451	575	3451	575
13070	88	46542	3491	582	3491	582
13070	89	47071	3530	588	3530	588
13070	90	47600	3570	595	3570	595
13070	91	48129	3610	602	3610	602
13070	92	48658	3649	608	3649	608
13070	93	49186	3689	615	3689	615
13070	94	49715	3728	621	3728	621
13070	95	50245	3768	628	3768	628
13070	96	50774	3808	635	3808	635
13070	97	51302	3847	641	3847	641
13070	98	51831	3887	648	3887	648
13070	99	52360	3928	655	3928	655
13070	100	52889	3967	661	3967	661
13071	1	529	40	7	40	7
13071	2	1058	79	13	79	13
13071	3	1586	119	20	119	20
13071	4	2115	158	26	158	26
13071	5	2645	198	33	198	33
13071	6	3174	238	40	238	40
13071	7	3702	277	46	277	46
13071	8	4231	317	53	317	53
13071	9	4760	358	60	358	60
13071	10	5289	397	66	397	66
13071	11	5818	437	73	437	73
13071	12	6346	476	79	476	79
13071	13	6875	516	86	516	86
13071	14	7405	556	93	556	93
13071	15	7934	595	99	595	99
13071	16	8462	635	106	635	106
13071	17	8991	674	112	674	112
13071	18	9520	714	119	714	119
13071	19	10049	754	126	754	126
13071	20	10578	793	132	793	132
13071	21	11106	833	139	833	139
13071	22	11635	872	145	872	145
13071	23	12165	912	152	912	152
13071	24	12694	952	159	952	159
13071	25	13222	991	165	991	165
13071	26	13751	1031	172	1031	172
13071	27	14280	1072	179	1072	179
13071	28	14809	1111	185	1111	185
13071	29	15338	1151	192	1151	192
13071	30	15866	1190	198	1190	198
13071	31	16395	1230	205	1230	205
13071	32	16925	1270	212	1270	212
13071	33	17454	1309	218	1309	218
13071	34	17982	1349	225	1349	225
13071	35	18511	1388	231	1388	231
13071	36	19040	1428	238	1428	238
13071	37	19569	1468	245	1468	245
13071	38	20098	1507	251	1507	251
13071	39	20626	1547	258	1547	258
13071	40	21155	1586	264	1586	264
13071	41	21685	1626	271	1626	271
13071	42	22214	1666	278	1666	278
13071	43	22742	1705	284	1705	284
13071	44	23271	1745	291	1745	291
13071	45	23800	1786	298	1786	298
13071	46	24329	1825	304	1825	304
13071	47	24858	1865	311	1865	311
13071	48	25386	1904	317	1904	317
13071	49	25915	1944	324	1944	324
13071	50	26445	1984	331	1984	331
13071	51	26974	2023	337	2023	337
13071	52	27502	2063	344	2063	344
13071	53	28031	2102	350	2102	350
13071	54	28560	2142	357	2142	357
13071	55	29089	2182	364	2182	364
13071	56	29618	2221	370	2221	370
13071	57	30146	2261	377	2261	377
13071	58	30675	2300	383	2300	383
13071	59	31205	2340	390	2340	390
13071	60	31734	2380	397	2380	397
13071	61	32262	2419	403	2419	403
13071	62	32791	2459	410	2459	410
13071	63	33320	2500	417	2500	417
13071	64	33849	2539	423	2539	423
13071	65	34378	2579	430	2579	430
13071	66	34906	2618	436	2618	436
13071	67	35435	2658	443	2658	443
13071	68	35965	2698	450	2698	450
13071	69	36494	2737	456	2737	456
13071	70	37022	2777	463	2777	463
13071	71	37551	2816	469	2816	469
13071	72	38080	2856	476	2856	476
13071	73	38609	2896	483	2896	483
13071	74	39138	2935	489	2935	489
13071	75	39666	2975	496	2975	496
13071	76	40195	3014	502	3014	502
13071	77	40725	3054	509	3054	509
13071	78	41254	3094	516	3094	516
13071	79	41782	3133	522	3133	522
13071	80	42311	3173	529	3173	529
13071	81	42840	3214	536	3214	536
13071	82	43369	3253	542	3253	542
13071	83	43898	3293	549	3293	549
13071	84	44426	3332	555	3332	555
13071	85	44955	3372	562	3372	562
13071	86	45485	3412	569	3412	569
13071	87	46014	3451	575	3451	575
13071	88	46542	3491	582	3491	582
13071	89	47071	3530	588	3530	588
13071	90	47600	3570	595	3570	595
13071	91	48129	3610	602	3610	602
13071	92	48658	3649	608	3649	608
13071	93	49186	3689	615	3689	615
13071	94	49715	3728	621	3728	621
13071	95	50245	3768	628	3768	628
13071	96	50774	3808	635	3808	635
13071	97	51302	3847	641	3847	641
13071	98	51831	3887	648	3887	648
13071	99	52360	3928	655	3928	655
13071	100	52889	3967	661	3967	661
13072	1	529	40	7	40	7
13072	2	1058	79	13	79	13
13072	3	1586	119	20	119	20
13072	4	2115	158	26	158	26
13072	5	2645	198	33	198	33
13072	6	3174	238	40	238	40
13072	7	3702	277	46	277	46
13072	8	4231	317	53	317	53
13072	9	4760	358	60	358	60
13072	10	5289	397	66	397	66
13072	11	5818	437	73	437	73
13072	12	6346	476	79	476	79
13072	13	6875	516	86	516	86
13072	14	7405	556	93	556	93
13072	15	7934	595	99	595	99
13072	16	8462	635	106	635	106
13072	17	8991	674	112	674	112
13072	18	9520	714	119	714	119
13072	19	10049	754	126	754	126
13072	20	10578	793	132	793	132
13072	21	11106	833	139	833	139
13072	22	11635	872	145	872	145
13072	23	12165	912	152	912	152
13072	24	12694	952	159	952	159
13072	25	13222	991	165	991	165
13072	26	13751	1031	172	1031	172
13072	27	14280	1072	179	1072	179
13072	28	14809	1111	185	1111	185
13072	29	15338	1151	192	1151	192
13072	30	15866	1190	198	1190	198
13072	31	16395	1230	205	1230	205
13072	32	16925	1270	212	1270	212
13072	33	17454	1309	218	1309	218
13072	34	17982	1349	225	1349	225
13072	35	18511	1388	231	1388	231
13072	36	19040	1428	238	1428	238
13072	37	19569	1468	245	1468	245
13072	38	20098	1507	251	1507	251
13072	39	20626	1547	258	1547	258
13072	40	21155	1586	264	1586	264
13072	41	21685	1626	271	1626	271
13072	42	22214	1666	278	1666	278
13072	43	22742	1705	284	1705	284
13072	44	23271	1745	291	1745	291
13072	45	23800	1786	298	1786	298
13072	46	24329	1825	304	1825	304
13072	47	24858	1865	311	1865	311
13072	48	25386	1904	317	1904	317
13072	49	25915	1944	324	1944	324
13072	50	26445	1984	331	1984	331
13072	51	26974	2023	337	2023	337
13072	52	27502	2063	344	2063	344
13072	53	28031	2102	350	2102	350
13072	54	28560	2142	357	2142	357
13072	55	29089	2182	364	2182	364
13072	56	29618	2221	370	2221	370
13072	57	30146	2261	377	2261	377
13072	58	30675	2300	383	2300	383
13072	59	31205	2340	390	2340	390
13072	60	31734	2380	397	2380	397
13072	61	32262	2419	403	2419	403
13072	62	32791	2459	410	2459	410
13072	63	33320	2500	417	2500	417
13072	64	33849	2539	423	2539	423
13072	65	34378	2579	430	2579	430
13072	66	34906	2618	436	2618	436
13072	67	35435	2658	443	2658	443
13072	68	35965	2698	450	2698	450
13072	69	36494	2737	456	2737	456
13072	70	37022	2777	463	2777	463
13072	71	37551	2816	469	2816	469
13072	72	38080	2856	476	2856	476
13072	73	38609	2896	483	2896	483
13072	74	39138	2935	489	2935	489
13072	75	39666	2975	496	2975	496
13072	76	40195	3014	502	3014	502
13072	77	40725	3054	509	3054	509
13072	78	41254	3094	516	3094	516
13072	79	41782	3133	522	3133	522
13072	80	42311	3173	529	3173	529
13072	81	42840	3214	536	3214	536
13072	82	43369	3253	542	3253	542
13072	83	43898	3293	549	3293	549
13072	84	44426	3332	555	3332	555
13072	85	44955	3372	562	3372	562
13072	86	45485	3412	569	3412	569
13072	87	46014	3451	575	3451	575
13072	88	46542	3491	582	3491	582
13072	89	47071	3530	588	3530	588
13072	90	47600	3570	595	3570	595
13072	91	48129	3610	602	3610	602
13072	92	48658	3649	608	3649	608
13072	93	49186	3689	615	3689	615
13072	94	49715	3728	621	3728	621
13072	95	50245	3768	628	3768	628
13072	96	50774	3808	635	3808	635
13072	97	51302	3847	641	3847	641
13072	98	51831	3887	648	3887	648
13072	99	52360	3928	655	3928	655
13072	100	52889	3967	661	3967	661
13073	1	529	40	7	40	7
13073	2	1058	79	13	79	13
13073	3	1586	119	20	119	20
13073	4	2115	158	26	158	26
13073	5	2645	198	33	198	33
13073	6	3174	238	40	238	40
13073	7	3702	277	46	277	46
13073	8	4231	317	53	317	53
13073	9	4760	358	60	358	60
13073	10	5289	397	66	397	66
13073	11	5818	437	73	437	73
13073	12	6346	476	79	476	79
13073	13	6875	516	86	516	86
13073	14	7405	556	93	556	93
13073	15	7934	595	99	595	99
13073	16	8462	635	106	635	106
13073	17	8991	674	112	674	112
13073	18	9520	714	119	714	119
13073	19	10049	754	126	754	126
13073	20	10578	793	132	793	132
13073	21	11106	833	139	833	139
13073	22	11635	872	145	872	145
13073	23	12165	912	152	912	152
13073	24	12694	952	159	952	159
13073	25	13222	991	165	991	165
13073	26	13751	1031	172	1031	172
13073	27	14280	1072	179	1072	179
13073	28	14809	1111	185	1111	185
13073	29	15338	1151	192	1151	192
13073	30	15866	1190	198	1190	198
13073	31	16395	1230	205	1230	205
13073	32	16925	1270	212	1270	212
13073	33	17454	1309	218	1309	218
13073	34	17982	1349	225	1349	225
13073	35	18511	1388	231	1388	231
13073	36	19040	1428	238	1428	238
13073	37	19569	1468	245	1468	245
13073	38	20098	1507	251	1507	251
13073	39	20626	1547	258	1547	258
13073	40	21155	1586	264	1586	264
13073	41	21685	1626	271	1626	271
13073	42	22214	1666	278	1666	278
13073	43	22742	1705	284	1705	284
13073	44	23271	1745	291	1745	291
13073	45	23800	1786	298	1786	298
13073	46	24329	1825	304	1825	304
13073	47	24858	1865	311	1865	311
13073	48	25386	1904	317	1904	317
13073	49	25915	1944	324	1944	324
13073	50	26445	1984	331	1984	331
13073	51	26974	2023	337	2023	337
13073	52	27502	2063	344	2063	344
13073	53	28031	2102	350	2102	350
13073	54	28560	2142	357	2142	357
13073	55	29089	2182	364	2182	364
13073	56	29618	2221	370	2221	370
13073	57	30146	2261	377	2261	377
13073	58	30675	2300	383	2300	383
13073	59	31205	2340	390	2340	390
13073	60	31734	2380	397	2380	397
13073	61	32262	2419	403	2419	403
13073	62	32791	2459	410	2459	410
13073	63	33320	2500	417	2500	417
13073	64	33849	2539	423	2539	423
13073	65	34378	2579	430	2579	430
13073	66	34906	2618	436	2618	436
13073	67	35435	2658	443	2658	443
13073	68	35965	2698	450	2698	450
13073	69	36494	2737	456	2737	456
13073	70	37022	2777	463	2777	463
13073	71	37551	2816	469	2816	469
13073	72	38080	2856	476	2856	476
13073	73	38609	2896	483	2896	483
13073	74	39138	2935	489	2935	489
13073	75	39666	2975	496	2975	496
13073	76	40195	3014	502	3014	502
13073	77	40725	3054	509	3054	509
13073	78	41254	3094	516	3094	516
13073	79	41782	3133	522	3133	522
13073	80	42311	3173	529	3173	529
13073	81	42840	3214	536	3214	536
13073	82	43369	3253	542	3253	542
13073	83	43898	3293	549	3293	549
13073	84	44426	3332	555	3332	555
13073	85	44955	3372	562	3372	562
13073	86	45485	3412	569	3412	569
13073	87	46014	3451	575	3451	575
13073	88	46542	3491	582	3491	582
13073	89	47071	3530	588	3530	588
13073	90	47600	3570	595	3570	595
13073	91	48129	3610	602	3610	602
13073	92	48658	3649	608	3649	608
13073	93	49186	3689	615	3689	615
13073	94	49715	3728	621	3728	621
13073	95	50245	3768	628	3768	628
13073	96	50774	3808	635	3808	635
13073	97	51302	3847	641	3847	641
13073	98	51831	3887	648	3887	648
13073	99	52360	3928	655	3928	655
13073	100	52889	3967	661	3967	661
13418	1	529	26	8	26	8
13418	2	1058	53	16	53	16
13418	3	1586	79	24	79	24
13418	4	2115	106	31	106	31
13418	5	2645	132	40	132	40
13418	6	3174	158	48	158	48
13418	7	3702	185	55	185	55
13418	8	4231	211	64	211	64
13418	9	4760	238	72	238	72
13418	10	5289	265	79	265	79
13418	11	5818	291	88	291	88
13418	12	6346	318	95	318	95
13418	13	6875	344	103	344	103
13418	14	7405	370	112	370	112
13418	15	7934	397	119	397	119
13418	16	8462	423	127	423	127
13418	17	8991	450	134	450	134
13418	18	9520	476	143	476	143
13418	19	10049	502	151	502	151
13418	20	10578	529	158	529	158
13418	21	11106	555	167	555	167
13418	22	11635	582	174	582	174
13418	23	12165	608	182	608	182
13418	24	12694	634	191	634	191
13418	25	13222	661	198	661	198
13418	26	13751	687	206	687	206
13418	27	14280	714	215	714	215
13418	28	14809	741	222	741	222
13418	29	15338	767	230	767	230
13418	30	15866	794	238	794	238
13418	31	16395	820	246	820	246
13418	32	16925	846	254	846	254
13418	33	17454	873	262	873	262
13418	34	17982	899	270	899	270
13418	35	18511	926	277	926	277
13418	36	19040	952	286	952	286
13418	37	19569	978	294	978	294
13418	38	20098	1005	301	1005	301
13418	39	20626	1031	310	1031	310
13418	40	21155	1058	317	1058	317
13418	41	21685	1084	325	1084	325
13418	42	22214	1110	334	1110	334
13418	43	22742	1137	341	1137	341
13418	44	23271	1163	349	1163	349
13418	45	23800	1190	358	1190	358
13418	46	24329	1217	365	1217	365
13418	47	24858	1243	373	1243	373
13418	48	25386	1270	380	1270	380
13418	49	25915	1296	389	1296	389
13418	50	26445	1322	397	1322	397
13418	51	26974	1349	404	1349	404
13418	52	27502	1375	413	1375	413
13418	53	28031	1402	420	1402	420
13418	54	28560	1428	428	1428	428
13418	55	29089	1454	437	1454	437
13418	56	29618	1481	444	1481	444
13418	57	30146	1507	452	1507	452
13418	58	30675	1534	460	1534	460
13418	59	31205	1560	468	1560	468
13418	60	31734	1586	476	1586	476
13418	61	32262	1613	484	1613	484
13418	62	32791	1639	492	1639	492
13418	63	33320	1666	500	1666	500
13418	64	33849	1693	508	1693	508
13418	65	34378	1719	516	1719	516
13418	66	34906	1746	523	1746	523
13418	67	35435	1772	532	1772	532
13418	68	35965	1798	540	1798	540
13418	69	36494	1825	547	1825	547
13418	70	37022	1851	556	1851	556
13418	71	37551	1878	563	1878	563
13418	72	38080	1904	571	1904	571
13418	73	38609	1930	580	1930	580
13418	74	39138	1957	587	1957	587
13418	75	39666	1983	595	1983	595
13418	76	40195	2010	602	2010	602
13418	77	40725	2036	611	2036	611
13418	78	41254	2062	619	2062	619
13418	79	41782	2089	626	2089	626
13418	80	42311	2115	635	2115	635
13418	81	42840	2142	643	2142	643
13418	82	43369	2169	650	2169	650
13418	83	43898	2195	659	2195	659
13418	84	44426	2222	666	2222	666
13418	85	44955	2248	674	2248	674
13418	86	45485	2274	683	2274	683
13418	87	46014	2301	690	2301	690
13418	88	46542	2327	698	2327	698
13418	89	47071	2354	706	2354	706
13418	90	47600	2380	714	2380	714
13418	91	48129	2406	722	2406	722
13418	92	48658	2433	730	2433	730
13418	93	49186	2459	738	2459	738
13418	94	49715	2486	745	2486	745
13418	95	50245	2512	754	2512	754
13418	96	50774	2538	762	2538	762
13418	97	51302	2565	769	2565	769
13418	98	51831	2591	778	2591	778
13418	99	52360	2618	786	2618	786
13418	100	52889	2645	793	2645	793
13419	1	529	26	8	26	8
13419	2	1058	53	16	53	16
13419	3	1586	79	24	79	24
13419	4	2115	106	31	106	31
13419	5	2645	132	40	132	40
13419	6	3174	158	48	158	48
13419	7	3702	185	55	185	55
13419	8	4231	211	64	211	64
13419	9	4760	238	72	238	72
13419	10	5289	265	79	265	79
13419	11	5818	291	88	291	88
13419	12	6346	318	95	318	95
13419	13	6875	344	103	344	103
13419	14	7405	370	112	370	112
13419	15	7934	397	119	397	119
13419	16	8462	423	127	423	127
13419	17	8991	450	134	450	134
13419	18	9520	476	143	476	143
13419	19	10049	502	151	502	151
13419	20	10578	529	158	529	158
13419	21	11106	555	167	555	167
13419	22	11635	582	174	582	174
13419	23	12165	608	182	608	182
13419	24	12694	634	191	634	191
13419	25	13222	661	198	661	198
13419	26	13751	687	206	687	206
13419	27	14280	714	215	714	215
13419	28	14809	741	222	741	222
13419	29	15338	767	230	767	230
13419	30	15866	794	238	794	238
13419	31	16395	820	246	820	246
13419	32	16925	846	254	846	254
13419	33	17454	873	262	873	262
13419	34	17982	899	270	899	270
13419	35	18511	926	277	926	277
13419	36	19040	952	286	952	286
13419	37	19569	978	294	978	294
13419	38	20098	1005	301	1005	301
13419	39	20626	1031	310	1031	310
13419	40	21155	1058	317	1058	317
13419	41	21685	1084	325	1084	325
13419	42	22214	1110	334	1110	334
13419	43	22742	1137	341	1137	341
13419	44	23271	1163	349	1163	349
13419	45	23800	1190	358	1190	358
13419	46	24329	1217	365	1217	365
13419	47	24858	1243	373	1243	373
13419	48	25386	1270	380	1270	380
13419	49	25915	1296	389	1296	389
13419	50	26445	1322	397	1322	397
13419	51	26974	1349	404	1349	404
13419	52	27502	1375	413	1375	413
13419	53	28031	1402	420	1402	420
13419	54	28560	1428	428	1428	428
13419	55	29089	1454	437	1454	437
13419	56	29618	1481	444	1481	444
13419	57	30146	1507	452	1507	452
13419	58	30675	1534	460	1534	460
13419	59	31205	1560	468	1560	468
13419	60	31734	1586	476	1586	476
13419	61	32262	1613	484	1613	484
13419	62	32791	1639	492	1639	492
13419	63	33320	1666	500	1666	500
13419	64	33849	1693	508	1693	508
13419	65	34378	1719	516	1719	516
13419	66	34906	1746	523	1746	523
13419	67	35435	1772	532	1772	532
13419	68	35965	1798	540	1798	540
13419	69	36494	1825	547	1825	547
13419	70	37022	1851	556	1851	556
13419	71	37551	1878	563	1878	563
13419	72	38080	1904	571	1904	571
13419	73	38609	1930	580	1930	580
13419	74	39138	1957	587	1957	587
13419	75	39666	1983	595	1983	595
13419	76	40195	2010	602	2010	602
13419	77	40725	2036	611	2036	611
13419	78	41254	2062	619	2062	619
13419	79	41782	2089	626	2089	626
13419	80	42311	2115	635	2115	635
13419	81	42840	2142	643	2142	643
13419	82	43369	2169	650	2169	650
13419	83	43898	2195	659	2195	659
13419	84	44426	2222	666	2222	666
13419	85	44955	2248	674	2248	674
13419	86	45485	2274	683	2274	683
13419	87	46014	2301	690	2301	690
13419	88	46542	2327	698	2327	698
13419	89	47071	2354	706	2354	706
13419	90	47600	2380	714	2380	714
13419	91	48129	2406	722	2406	722
13419	92	48658	2433	730	2433	730
13419	93	49186	2459	738	2459	738
13419	94	49715	2486	745	2486	745
13419	95	50245	2512	754	2512	754
13419	96	50774	2538	762	2538	762
13419	97	51302	2565	769	2565	769
13419	98	51831	2591	778	2591	778
13419	99	52360	2618	786	2618	786
13419	100	52889	2645	793	2645	793
13420	1	529	26	8	26	8
13420	2	1058	53	16	53	16
13420	3	1586	79	24	79	24
13420	4	2115	106	31	106	31
13420	5	2645	132	40	132	40
13420	6	3174	158	48	158	48
13420	7	3702	185	55	185	55
13420	8	4231	211	64	211	64
13420	9	4760	238	72	238	72
13420	10	5289	265	79	265	79
13420	11	5818	291	88	291	88
13420	12	6346	318	95	318	95
13420	13	6875	344	103	344	103
13420	14	7405	370	112	370	112
13420	15	7934	397	119	397	119
13420	16	8462	423	127	423	127
13420	17	8991	450	134	450	134
13420	18	9520	476	143	476	143
13420	19	10049	502	151	502	151
13420	20	10578	529	158	529	158
13420	21	11106	555	167	555	167
13420	22	11635	582	174	582	174
13420	23	12165	608	182	608	182
13420	24	12694	634	191	634	191
13420	25	13222	661	198	661	198
13420	26	13751	687	206	687	206
13420	27	14280	714	215	714	215
13420	28	14809	741	222	741	222
13420	29	15338	767	230	767	230
13420	30	15866	794	238	794	238
13420	31	16395	820	246	820	246
13420	32	16925	846	254	846	254
13420	33	17454	873	262	873	262
13420	34	17982	899	270	899	270
13420	35	18511	926	277	926	277
13420	36	19040	952	286	952	286
13420	37	19569	978	294	978	294
13420	38	20098	1005	301	1005	301
13420	39	20626	1031	310	1031	310
13420	40	21155	1058	317	1058	317
13420	41	21685	1084	325	1084	325
13420	42	22214	1110	334	1110	334
13420	43	22742	1137	341	1137	341
13420	44	23271	1163	349	1163	349
13420	45	23800	1190	358	1190	358
13420	46	24329	1217	365	1217	365
13420	47	24858	1243	373	1243	373
13420	48	25386	1270	380	1270	380
13420	49	25915	1296	389	1296	389
13420	50	26445	1322	397	1322	397
13420	51	26974	1349	404	1349	404
13420	52	27502	1375	413	1375	413
13420	53	28031	1402	420	1402	420
13420	54	28560	1428	428	1428	428
13420	55	29089	1454	437	1454	437
13420	56	29618	1481	444	1481	444
13420	57	30146	1507	452	1507	452
13420	58	30675	1534	460	1534	460
13420	59	31205	1560	468	1560	468
13420	60	31734	1586	476	1586	476
13420	61	32262	1613	484	1613	484
13420	62	32791	1639	492	1639	492
13420	63	33320	1666	500	1666	500
13420	64	33849	1693	508	1693	508
13420	65	34378	1719	516	1719	516
13420	66	34906	1746	523	1746	523
13420	67	35435	1772	532	1772	532
13420	68	35965	1798	540	1798	540
13420	69	36494	1825	547	1825	547
13420	70	37022	1851	556	1851	556
13420	71	37551	1878	563	1878	563
13420	72	38080	1904	571	1904	571
13420	73	38609	1930	580	1930	580
13420	74	39138	1957	587	1957	587
13420	75	39666	1983	595	1983	595
13420	76	40195	2010	602	2010	602
13420	77	40725	2036	611	2036	611
13420	78	41254	2062	619	2062	619
13420	79	41782	2089	626	2089	626
13420	80	42311	2115	635	2115	635
13420	81	42840	2142	643	2142	643
13420	82	43369	2169	650	2169	650
13420	83	43898	2195	659	2195	659
13420	84	44426	2222	666	2222	666
13420	85	44955	2248	674	2248	674
13420	86	45485	2274	683	2274	683
13420	87	46014	2301	690	2301	690
13420	88	46542	2327	698	2327	698
13420	89	47071	2354	706	2354	706
13420	90	47600	2380	714	2380	714
13420	91	48129	2406	722	2406	722
13420	92	48658	2433	730	2433	730
13420	93	49186	2459	738	2459	738
13420	94	49715	2486	745	2486	745
13420	95	50245	2512	754	2512	754
13420	96	50774	2538	762	2538	762
13420	97	51302	2565	769	2565	769
13420	98	51831	2591	778	2591	778
13420	99	52360	2618	786	2618	786
13420	100	52889	2645	793	2645	793
13421	1	529	26	8	26	8
13421	2	1058	53	16	53	16
13421	3	1586	79	24	79	24
13421	4	2115	106	31	106	31
13421	5	2645	132	40	132	40
13421	6	3174	158	48	158	48
13421	7	3702	185	55	185	55
13421	8	4231	211	64	211	64
13421	9	4760	238	72	238	72
13421	10	5289	265	79	265	79
13421	11	5818	291	88	291	88
13421	12	6346	318	95	318	95
13421	13	6875	344	103	344	103
13421	14	7405	370	112	370	112
13421	15	7934	397	119	397	119
13421	16	8462	423	127	423	127
13421	17	8991	450	134	450	134
13421	18	9520	476	143	476	143
13421	19	10049	502	151	502	151
13421	20	10578	529	158	529	158
13421	21	11106	555	167	555	167
13421	22	11635	582	174	582	174
13421	23	12165	608	182	608	182
13421	24	12694	634	191	634	191
13421	25	13222	661	198	661	198
13421	26	13751	687	206	687	206
13421	27	14280	714	215	714	215
13421	28	14809	741	222	741	222
13421	29	15338	767	230	767	230
13421	30	15866	794	238	794	238
13421	31	16395	820	246	820	246
13421	32	16925	846	254	846	254
13421	33	17454	873	262	873	262
13421	34	17982	899	270	899	270
13421	35	18511	926	277	926	277
13421	36	19040	952	286	952	286
13421	37	19569	978	294	978	294
13421	38	20098	1005	301	1005	301
13421	39	20626	1031	310	1031	310
13421	40	21155	1058	317	1058	317
13421	41	21685	1084	325	1084	325
13421	42	22214	1110	334	1110	334
13421	43	22742	1137	341	1137	341
13421	44	23271	1163	349	1163	349
13421	45	23800	1190	358	1190	358
13421	46	24329	1217	365	1217	365
13421	47	24858	1243	373	1243	373
13421	48	25386	1270	380	1270	380
13421	49	25915	1296	389	1296	389
13421	50	26445	1322	397	1322	397
13421	51	26974	1349	404	1349	404
13421	52	27502	1375	413	1375	413
13421	53	28031	1402	420	1402	420
13421	54	28560	1428	428	1428	428
13421	55	29089	1454	437	1454	437
13421	56	29618	1481	444	1481	444
13421	57	30146	1507	452	1507	452
13421	58	30675	1534	460	1534	460
13421	59	31205	1560	468	1560	468
13421	60	31734	1586	476	1586	476
13421	61	32262	1613	484	1613	484
13421	62	32791	1639	492	1639	492
13421	63	33320	1666	500	1666	500
13421	64	33849	1693	508	1693	508
13421	65	34378	1719	516	1719	516
13421	66	34906	1746	523	1746	523
13421	67	35435	1772	532	1772	532
13421	68	35965	1798	540	1798	540
13421	69	36494	1825	547	1825	547
13421	70	37022	1851	556	1851	556
13421	71	37551	1878	563	1878	563
13421	72	38080	1904	571	1904	571
13421	73	38609	1930	580	1930	580
13421	74	39138	1957	587	1957	587
13421	75	39666	1983	595	1983	595
13421	76	40195	2010	602	2010	602
13421	77	40725	2036	611	2036	611
13421	78	41254	2062	619	2062	619
13421	79	41782	2089	626	2089	626
13421	80	42311	2115	635	2115	635
13421	81	42840	2142	643	2142	643
13421	82	43369	2169	650	2169	650
13421	83	43898	2195	659	2195	659
13421	84	44426	2222	666	2222	666
13421	85	44955	2248	674	2248	674
13421	86	45485	2274	683	2274	683
13421	87	46014	2301	690	2301	690
13421	88	46542	2327	698	2327	698
13421	89	47071	2354	706	2354	706
13421	90	47600	2380	714	2380	714
13421	91	48129	2406	722	2406	722
13421	92	48658	2433	730	2433	730
13421	93	49186	2459	738	2459	738
13421	94	49715	2486	745	2486	745
13421	95	50245	2512	754	2512	754
13421	96	50774	2538	762	2538	762
13421	97	51302	2565	769	2565	769
13421	98	51831	2591	778	2591	778
13421	99	52360	2618	786	2618	786
13421	100	52889	2645	793	2645	793
13422	1	529	26	8	26	8
13422	2	1058	53	16	53	16
13422	3	1586	79	24	79	24
13422	4	2115	106	31	106	31
13422	5	2645	132	40	132	40
13422	6	3174	158	48	158	48
13422	7	3702	185	55	185	55
13422	8	4231	211	64	211	64
13422	9	4760	238	72	238	72
13422	10	5289	265	79	265	79
13422	11	5818	291	88	291	88
13422	12	6346	318	95	318	95
13422	13	6875	344	103	344	103
13422	14	7405	370	112	370	112
13422	15	7934	397	119	397	119
13422	16	8462	423	127	423	127
13422	17	8991	450	134	450	134
13422	18	9520	476	143	476	143
13422	19	10049	502	151	502	151
13422	20	10578	529	158	529	158
13422	21	11106	555	167	555	167
13422	22	11635	582	174	582	174
13422	23	12165	608	182	608	182
13422	24	12694	634	191	634	191
13422	25	13222	661	198	661	198
13422	26	13751	687	206	687	206
13422	27	14280	714	215	714	215
13422	28	14809	741	222	741	222
13422	29	15338	767	230	767	230
13422	30	15866	794	238	794	238
13422	31	16395	820	246	820	246
13422	32	16925	846	254	846	254
13422	33	17454	873	262	873	262
13422	34	17982	899	270	899	270
13422	35	18511	926	277	926	277
13422	36	19040	952	286	952	286
13422	37	19569	978	294	978	294
13422	38	20098	1005	301	1005	301
13422	39	20626	1031	310	1031	310
13422	40	21155	1058	317	1058	317
13422	41	21685	1084	325	1084	325
13422	42	22214	1110	334	1110	334
13422	43	22742	1137	341	1137	341
13422	44	23271	1163	349	1163	349
13422	45	23800	1190	358	1190	358
13422	46	24329	1217	365	1217	365
13422	47	24858	1243	373	1243	373
13422	48	25386	1270	380	1270	380
13422	49	25915	1296	389	1296	389
13422	50	26445	1322	397	1322	397
13422	51	26974	1349	404	1349	404
13422	52	27502	1375	413	1375	413
13422	53	28031	1402	420	1402	420
13422	54	28560	1428	428	1428	428
13422	55	29089	1454	437	1454	437
13422	56	29618	1481	444	1481	444
13422	57	30146	1507	452	1507	452
13422	58	30675	1534	460	1534	460
13422	59	31205	1560	468	1560	468
13422	60	31734	1586	476	1586	476
13422	61	32262	1613	484	1613	484
13422	62	32791	1639	492	1639	492
13422	63	33320	1666	500	1666	500
13422	64	33849	1693	508	1693	508
13422	65	34378	1719	516	1719	516
13422	66	34906	1746	523	1746	523
13422	67	35435	1772	532	1772	532
13422	68	35965	1798	540	1798	540
13422	69	36494	1825	547	1825	547
13422	70	37022	1851	556	1851	556
13422	71	37551	1878	563	1878	563
13422	72	38080	1904	571	1904	571
13422	73	38609	1930	580	1930	580
13422	74	39138	1957	587	1957	587
13422	75	39666	1983	595	1983	595
13422	76	40195	2010	602	2010	602
13422	77	40725	2036	611	2036	611
13422	78	41254	2062	619	2062	619
13422	79	41782	2089	626	2089	626
13422	80	42311	2115	635	2115	635
13422	81	42840	2142	643	2142	643
13422	82	43369	2169	650	2169	650
13422	83	43898	2195	659	2195	659
13422	84	44426	2222	666	2222	666
13422	85	44955	2248	674	2248	674
13422	86	45485	2274	683	2274	683
13422	87	46014	2301	690	2301	690
13422	88	46542	2327	698	2327	698
13422	89	47071	2354	706	2354	706
13422	90	47600	2380	714	2380	714
13422	91	48129	2406	722	2406	722
13422	92	48658	2433	730	2433	730
13422	93	49186	2459	738	2459	738
13422	94	49715	2486	745	2486	745
13422	95	50245	2512	754	2512	754
13422	96	50774	2538	762	2538	762
13422	97	51302	2565	769	2565	769
13422	98	51831	2591	778	2591	778
13422	99	52360	2618	786	2618	786
13422	100	52889	2645	793	2645	793
13585	1	331	50	7	50	7
13585	2	661	99	13	99	13
13585	3	992	149	20	149	20
13585	4	1322	198	26	198	26
13585	5	1653	248	33	248	33
13585	6	1984	297	40	297	40
13585	7	2314	347	46	347	46
13585	8	2645	396	53	396	53
13585	9	2975	447	60	447	60
13585	10	3306	497	66	497	66
13585	11	3636	546	73	546	73
13585	12	3967	596	79	596	79
13585	13	4297	645	86	645	86
13585	14	4628	695	93	695	93
13585	15	4959	744	99	744	99
13585	16	5289	794	106	794	106
13585	17	5620	843	112	843	112
13585	18	5950	893	119	893	119
13585	19	6281	942	126	942	126
13585	20	6611	992	132	992	132
13585	21	6942	1041	139	1041	139
13585	22	7272	1091	145	1091	145
13585	23	7603	1140	152	1140	152
13585	24	7934	1190	159	1190	159
13585	25	8264	1239	165	1239	165
13585	26	8595	1289	172	1289	172
13585	27	8925	1340	179	1340	179
13585	28	9256	1389	185	1389	185
13585	29	9586	1439	192	1439	192
13585	30	9917	1488	198	1488	198
13585	31	10247	1538	205	1538	205
13585	32	10578	1587	212	1587	212
13585	33	10909	1637	218	1637	218
13585	34	11239	1686	225	1686	225
13585	35	11570	1736	231	1736	231
13585	36	11900	1785	238	1785	238
13585	37	12231	1835	245	1835	245
13585	38	12561	1884	251	1884	251
13585	39	12892	1934	258	1934	258
13585	40	13222	1983	264	1983	264
13585	41	13553	2033	271	2033	271
13585	42	13884	2082	278	2082	278
13585	43	14214	2132	284	2132	284
13585	44	14545	2181	291	2181	291
13585	45	14875	2232	298	2232	298
13585	46	15206	2282	304	2282	304
13585	47	15536	2331	311	2331	311
13585	48	15867	2381	317	2381	317
13585	49	16197	2430	324	2430	324
13585	50	16528	2480	331	2480	331
13585	51	16859	2529	337	2529	337
13585	52	17189	2579	344	2579	344
13585	53	17520	2628	350	2628	350
13585	54	17850	2678	357	2678	357
13585	55	18181	2727	364	2727	364
13585	56	18511	2777	370	2777	370
13585	57	18842	2826	377	2826	377
13585	58	19172	2876	383	2876	383
13585	59	19503	2925	390	2925	390
13585	60	19834	2975	397	2975	397
13585	61	20164	3024	403	3024	403
13585	62	20495	3074	410	3074	410
13585	63	20825	3125	417	3125	417
13585	64	21156	3174	423	3174	423
13585	65	21486	3224	430	3224	430
13585	66	21817	3273	436	3273	436
13585	67	22147	3323	443	3323	443
13585	68	22478	3372	450	3372	450
13585	69	22809	3422	456	3422	456
13585	70	23139	3471	463	3471	463
13585	71	23470	3521	469	3521	469
13585	72	23800	3570	476	3570	476
13585	73	24131	3620	483	3620	483
13585	74	24461	3669	489	3669	489
13585	75	24792	3719	496	3719	496
13585	76	25122	3768	502	3768	502
13585	77	25453	3818	509	3818	509
13585	78	25784	3867	516	3867	516
13585	79	26114	3917	522	3917	522
13585	80	26445	3966	529	3966	529
13585	81	26775	4017	536	4017	536
13585	82	27106	4067	542	4067	542
13585	83	27436	4116	549	4116	549
13585	84	27767	4166	555	4166	555
13585	85	28097	4215	562	4215	562
13585	86	28428	4265	569	4265	569
13585	87	28759	4314	575	4314	575
13585	88	29089	4364	582	4364	582
13585	89	29420	4413	588	4413	588
13585	90	29750	4463	595	4463	595
13585	91	30081	4512	602	4512	602
13585	92	30411	4562	608	4562	608
13585	93	30742	4611	615	4611	615
13585	94	31072	4661	621	4661	621
13585	95	31403	4710	628	4710	628
13585	96	31734	4760	635	4760	635
13585	97	32064	4809	641	4809	641
13585	98	32395	4859	648	4859	648
13585	99	32725	4910	655	4910	655
13585	100	33056	4959	661	4959	661
13586	1	331	50	7	50	7
13586	2	661	99	13	99	13
13586	3	992	149	20	149	20
13586	4	1322	198	26	198	26
13586	5	1653	248	33	248	33
13586	6	1984	297	40	297	40
13586	7	2314	347	46	347	46
13586	8	2645	396	53	396	53
13586	9	2975	447	60	447	60
13586	10	3306	497	66	497	66
13586	11	3636	546	73	546	73
13586	12	3967	596	79	596	79
13586	13	4297	645	86	645	86
13586	14	4628	695	93	695	93
13586	15	4959	744	99	744	99
13586	16	5289	794	106	794	106
13586	17	5620	843	112	843	112
13586	18	5950	893	119	893	119
13586	19	6281	942	126	942	126
13586	20	6611	992	132	992	132
13586	21	6942	1041	139	1041	139
13586	22	7272	1091	145	1091	145
13586	23	7603	1140	152	1140	152
13586	24	7934	1190	159	1190	159
13586	25	8264	1239	165	1239	165
13586	26	8595	1289	172	1289	172
13586	27	8925	1340	179	1340	179
13586	28	9256	1389	185	1389	185
13586	29	9586	1439	192	1439	192
13586	30	9917	1488	198	1488	198
13586	31	10247	1538	205	1538	205
13586	32	10578	1587	212	1587	212
13586	33	10909	1637	218	1637	218
13586	34	11239	1686	225	1686	225
13586	35	11570	1736	231	1736	231
13586	36	11900	1785	238	1785	238
13586	37	12231	1835	245	1835	245
13586	38	12561	1884	251	1884	251
13586	39	12892	1934	258	1934	258
13586	40	13222	1983	264	1983	264
13586	41	13553	2033	271	2033	271
13586	42	13884	2082	278	2082	278
13586	43	14214	2132	284	2132	284
13586	44	14545	2181	291	2181	291
13586	45	14875	2232	298	2232	298
13586	46	15206	2282	304	2282	304
13586	47	15536	2331	311	2331	311
13586	48	15867	2381	317	2381	317
13586	49	16197	2430	324	2430	324
13586	50	16528	2480	331	2480	331
13586	51	16859	2529	337	2529	337
13586	52	17189	2579	344	2579	344
13586	53	17520	2628	350	2628	350
13586	54	17850	2678	357	2678	357
13586	55	18181	2727	364	2727	364
13586	56	18511	2777	370	2777	370
13586	57	18842	2826	377	2826	377
13586	58	19172	2876	383	2876	383
13586	59	19503	2925	390	2925	390
13586	60	19834	2975	397	2975	397
13586	61	20164	3024	403	3024	403
13586	62	20495	3074	410	3074	410
13586	63	20825	3125	417	3125	417
13586	64	21156	3174	423	3174	423
13586	65	21486	3224	430	3224	430
13586	66	21817	3273	436	3273	436
13586	67	22147	3323	443	3323	443
13586	68	22478	3372	450	3372	450
13586	69	22809	3422	456	3422	456
13586	70	23139	3471	463	3471	463
13586	71	23470	3521	469	3521	469
13586	72	23800	3570	476	3570	476
13586	73	24131	3620	483	3620	483
13586	74	24461	3669	489	3669	489
13586	75	24792	3719	496	3719	496
13586	76	25122	3768	502	3768	502
13586	77	25453	3818	509	3818	509
13586	78	25784	3867	516	3867	516
13586	79	26114	3917	522	3917	522
13586	80	26445	3966	529	3966	529
13586	81	26775	4017	536	4017	536
13586	82	27106	4067	542	4067	542
13586	83	27436	4116	549	4116	549
13586	84	27767	4166	555	4166	555
13586	85	28097	4215	562	4215	562
13586	86	28428	4265	569	4265	569
13586	87	28759	4314	575	4314	575
13586	88	29089	4364	582	4364	582
13586	89	29420	4413	588	4413	588
13586	90	29750	4463	595	4463	595
13586	91	30081	4512	602	4512	602
13586	92	30411	4562	608	4562	608
13586	93	30742	4611	615	4611	615
13586	94	31072	4661	621	4661	621
13586	95	31403	4710	628	4710	628
13586	96	31734	4760	635	4760	635
13586	97	32064	4809	641	4809	641
13586	98	32395	4859	648	4859	648
13586	99	32725	4910	655	4910	655
13586	100	33056	4959	661	4959	661
13587	1	331	50	7	50	7
13587	2	661	99	13	99	13
13587	3	992	149	20	149	20
13587	4	1322	198	26	198	26
13587	5	1653	248	33	248	33
13587	6	1984	297	40	297	40
13587	7	2314	347	46	347	46
13587	8	2645	396	53	396	53
13587	9	2975	447	60	447	60
13587	10	3306	497	66	497	66
13587	11	3636	546	73	546	73
13587	12	3967	596	79	596	79
13587	13	4297	645	86	645	86
13587	14	4628	695	93	695	93
13587	15	4959	744	99	744	99
13587	16	5289	794	106	794	106
13587	17	5620	843	112	843	112
13587	18	5950	893	119	893	119
13587	19	6281	942	126	942	126
13587	20	6611	992	132	992	132
13587	21	6942	1041	139	1041	139
13587	22	7272	1091	145	1091	145
13587	23	7603	1140	152	1140	152
13587	24	7934	1190	159	1190	159
13587	25	8264	1239	165	1239	165
13587	26	8595	1289	172	1289	172
13587	27	8925	1340	179	1340	179
13587	28	9256	1389	185	1389	185
13587	29	9586	1439	192	1439	192
13587	30	9917	1488	198	1488	198
13587	31	10247	1538	205	1538	205
13587	32	10578	1587	212	1587	212
13587	33	10909	1637	218	1637	218
13587	34	11239	1686	225	1686	225
13587	35	11570	1736	231	1736	231
13587	36	11900	1785	238	1785	238
13587	37	12231	1835	245	1835	245
13587	38	12561	1884	251	1884	251
13587	39	12892	1934	258	1934	258
13587	40	13222	1983	264	1983	264
13587	41	13553	2033	271	2033	271
13587	42	13884	2082	278	2082	278
13587	43	14214	2132	284	2132	284
13587	44	14545	2181	291	2181	291
13587	45	14875	2232	298	2232	298
13587	46	15206	2282	304	2282	304
13587	47	15536	2331	311	2331	311
13587	48	15867	2381	317	2381	317
13587	49	16197	2430	324	2430	324
13587	50	16528	2480	331	2480	331
13587	51	16859	2529	337	2529	337
13587	52	17189	2579	344	2579	344
13587	53	17520	2628	350	2628	350
13587	54	17850	2678	357	2678	357
13587	55	18181	2727	364	2727	364
13587	56	18511	2777	370	2777	370
13587	57	18842	2826	377	2826	377
13587	58	19172	2876	383	2876	383
13587	59	19503	2925	390	2925	390
13587	60	19834	2975	397	2975	397
13587	61	20164	3024	403	3024	403
13587	62	20495	3074	410	3074	410
13587	63	20825	3125	417	3125	417
13587	64	21156	3174	423	3174	423
13587	65	21486	3224	430	3224	430
13587	66	21817	3273	436	3273	436
13587	67	22147	3323	443	3323	443
13587	68	22478	3372	450	3372	450
13587	69	22809	3422	456	3422	456
13587	70	23139	3471	463	3471	463
13587	71	23470	3521	469	3521	469
13587	72	23800	3570	476	3570	476
13587	73	24131	3620	483	3620	483
13587	74	24461	3669	489	3669	489
13587	75	24792	3719	496	3719	496
13587	76	25122	3768	502	3768	502
13587	77	25453	3818	509	3818	509
13587	78	25784	3867	516	3867	516
13587	79	26114	3917	522	3917	522
13587	80	26445	3966	529	3966	529
13587	81	26775	4017	536	4017	536
13587	82	27106	4067	542	4067	542
13587	83	27436	4116	549	4116	549
13587	84	27767	4166	555	4166	555
13587	85	28097	4215	562	4215	562
13587	86	28428	4265	569	4265	569
13587	87	28759	4314	575	4314	575
13587	88	29089	4364	582	4364	582
13587	89	29420	4413	588	4413	588
13587	90	29750	4463	595	4463	595
13587	91	30081	4512	602	4512	602
13587	92	30411	4562	608	4562	608
13587	93	30742	4611	615	4611	615
13587	94	31072	4661	621	4661	621
13587	95	31403	4710	628	4710	628
13587	96	31734	4760	635	4760	635
13587	97	32064	4809	641	4809	641
13587	98	32395	4859	648	4859	648
13587	99	32725	4910	655	4910	655
13587	100	33056	4959	661	4959	661
13588	1	331	50	7	50	7
13588	2	661	99	13	99	13
13588	3	992	149	20	149	20
13588	4	1322	198	26	198	26
13588	5	1653	248	33	248	33
13588	6	1984	297	40	297	40
13588	7	2314	347	46	347	46
13588	8	2645	396	53	396	53
13588	9	2975	447	60	447	60
13588	10	3306	497	66	497	66
13588	11	3636	546	73	546	73
13588	12	3967	596	79	596	79
13588	13	4297	645	86	645	86
13588	14	4628	695	93	695	93
13588	15	4959	744	99	744	99
13588	16	5289	794	106	794	106
13588	17	5620	843	112	843	112
13588	18	5950	893	119	893	119
13588	19	6281	942	126	942	126
13588	20	6611	992	132	992	132
13588	21	6942	1041	139	1041	139
13588	22	7272	1091	145	1091	145
13588	23	7603	1140	152	1140	152
13588	24	7934	1190	159	1190	159
13588	25	8264	1239	165	1239	165
13588	26	8595	1289	172	1289	172
13588	27	8925	1340	179	1340	179
13588	28	9256	1389	185	1389	185
13588	29	9586	1439	192	1439	192
13588	30	9917	1488	198	1488	198
13588	31	10247	1538	205	1538	205
13588	32	10578	1587	212	1587	212
13588	33	10909	1637	218	1637	218
13588	34	11239	1686	225	1686	225
13588	35	11570	1736	231	1736	231
13588	36	11900	1785	238	1785	238
13588	37	12231	1835	245	1835	245
13588	38	12561	1884	251	1884	251
13588	39	12892	1934	258	1934	258
13588	40	13222	1983	264	1983	264
13588	41	13553	2033	271	2033	271
13588	42	13884	2082	278	2082	278
13588	43	14214	2132	284	2132	284
13588	44	14545	2181	291	2181	291
13588	45	14875	2232	298	2232	298
13588	46	15206	2282	304	2282	304
13588	47	15536	2331	311	2331	311
13588	48	15867	2381	317	2381	317
13588	49	16197	2430	324	2430	324
13588	50	16528	2480	331	2480	331
13588	51	16859	2529	337	2529	337
13588	52	17189	2579	344	2579	344
13588	53	17520	2628	350	2628	350
13588	54	17850	2678	357	2678	357
13588	55	18181	2727	364	2727	364
13588	56	18511	2777	370	2777	370
13588	57	18842	2826	377	2826	377
13588	58	19172	2876	383	2876	383
13588	59	19503	2925	390	2925	390
13588	60	19834	2975	397	2975	397
13588	61	20164	3024	403	3024	403
13588	62	20495	3074	410	3074	410
13588	63	20825	3125	417	3125	417
13588	64	21156	3174	423	3174	423
13588	65	21486	3224	430	3224	430
13588	66	21817	3273	436	3273	436
13588	67	22147	3323	443	3323	443
13588	68	22478	3372	450	3372	450
13588	69	22809	3422	456	3422	456
13588	70	23139	3471	463	3471	463
13588	71	23470	3521	469	3521	469
13588	72	23800	3570	476	3570	476
13588	73	24131	3620	483	3620	483
13588	74	24461	3669	489	3669	489
13588	75	24792	3719	496	3719	496
13588	76	25122	3768	502	3768	502
13588	77	25453	3818	509	3818	509
13588	78	25784	3867	516	3867	516
13588	79	26114	3917	522	3917	522
13588	80	26445	3966	529	3966	529
13588	81	26775	4017	536	4017	536
13588	82	27106	4067	542	4067	542
13588	83	27436	4116	549	4116	549
13588	84	27767	4166	555	4166	555
13588	85	28097	4215	562	4215	562
13588	86	28428	4265	569	4265	569
13588	87	28759	4314	575	4314	575
13588	88	29089	4364	582	4364	582
13588	89	29420	4413	588	4413	588
13588	90	29750	4463	595	4463	595
13588	91	30081	4512	602	4512	602
13588	92	30411	4562	608	4562	608
13588	93	30742	4611	615	4611	615
13588	94	31072	4661	621	4661	621
13588	95	31403	4710	628	4710	628
13588	96	31734	4760	635	4760	635
13588	97	32064	4809	641	4809	641
13588	98	32395	4859	648	4859	648
13588	99	32725	4910	655	4910	655
13588	100	33056	4959	661	4959	661
13589	1	331	50	7	50	7
13589	2	661	99	13	99	13
13589	3	992	149	20	149	20
13589	4	1322	198	26	198	26
13589	5	1653	248	33	248	33
13589	6	1984	297	40	297	40
13589	7	2314	347	46	347	46
13589	8	2645	396	53	396	53
13589	9	2975	447	60	447	60
13589	10	3306	497	66	497	66
13589	11	3636	546	73	546	73
13589	12	3967	596	79	596	79
13589	13	4297	645	86	645	86
13589	14	4628	695	93	695	93
13589	15	4959	744	99	744	99
13589	16	5289	794	106	794	106
13589	17	5620	843	112	843	112
13589	18	5950	893	119	893	119
13589	19	6281	942	126	942	126
13589	20	6611	992	132	992	132
13589	21	6942	1041	139	1041	139
13589	22	7272	1091	145	1091	145
13589	23	7603	1140	152	1140	152
13589	24	7934	1190	159	1190	159
13589	25	8264	1239	165	1239	165
13589	26	8595	1289	172	1289	172
13589	27	8925	1340	179	1340	179
13589	28	9256	1389	185	1389	185
13589	29	9586	1439	192	1439	192
13589	30	9917	1488	198	1488	198
13589	31	10247	1538	205	1538	205
13589	32	10578	1587	212	1587	212
13589	33	10909	1637	218	1637	218
13589	34	11239	1686	225	1686	225
13589	35	11570	1736	231	1736	231
13589	36	11900	1785	238	1785	238
13589	37	12231	1835	245	1835	245
13589	38	12561	1884	251	1884	251
13589	39	12892	1934	258	1934	258
13589	40	13222	1983	264	1983	264
13589	41	13553	2033	271	2033	271
13589	42	13884	2082	278	2082	278
13589	43	14214	2132	284	2132	284
13589	44	14545	2181	291	2181	291
13589	45	14875	2232	298	2232	298
13589	46	15206	2282	304	2282	304
13589	47	15536	2331	311	2331	311
13589	48	15867	2381	317	2381	317
13589	49	16197	2430	324	2430	324
13589	50	16528	2480	331	2480	331
13589	51	16859	2529	337	2529	337
13589	52	17189	2579	344	2579	344
13589	53	17520	2628	350	2628	350
13589	54	17850	2678	357	2678	357
13589	55	18181	2727	364	2727	364
13589	56	18511	2777	370	2777	370
13589	57	18842	2826	377	2826	377
13589	58	19172	2876	383	2876	383
13589	59	19503	2925	390	2925	390
13589	60	19834	2975	397	2975	397
13589	61	20164	3024	403	3024	403
13589	62	20495	3074	410	3074	410
13589	63	20825	3125	417	3125	417
13589	64	21156	3174	423	3174	423
13589	65	21486	3224	430	3224	430
13589	66	21817	3273	436	3273	436
13589	67	22147	3323	443	3323	443
13589	68	22478	3372	450	3372	450
13589	69	22809	3422	456	3422	456
13589	70	23139	3471	463	3471	463
13589	71	23470	3521	469	3521	469
13589	72	23800	3570	476	3570	476
13589	73	24131	3620	483	3620	483
13589	74	24461	3669	489	3669	489
13589	75	24792	3719	496	3719	496
13589	76	25122	3768	502	3768	502
13589	77	25453	3818	509	3818	509
13589	78	25784	3867	516	3867	516
13589	79	26114	3917	522	3917	522
13589	80	26445	3966	529	3966	529
13589	81	26775	4017	536	4017	536
13589	82	27106	4067	542	4067	542
13589	83	27436	4116	549	4116	549
13589	84	27767	4166	555	4166	555
13589	85	28097	4215	562	4215	562
13589	86	28428	4265	569	4265	569
13589	87	28759	4314	575	4314	575
13589	88	29089	4364	582	4364	582
13589	89	29420	4413	588	4413	588
13589	90	29750	4463	595	4463	595
13589	91	30081	4512	602	4512	602
13589	92	30411	4562	608	4562	608
13589	93	30742	4611	615	4611	615
13589	94	31072	4661	621	4661	621
13589	95	31403	4710	628	4710	628
13589	96	31734	4760	635	4760	635
13589	97	32064	4809	641	4809	641
13589	98	32395	4859	648	4859	648
13589	99	32725	4910	655	4910	655
13589	100	33056	4959	661	4959	661
14183	1	992	17	7	17	7
14183	2	1983	33	13	33	13
14183	3	2975	50	20	50	20
14183	4	3966	66	26	66	26
14183	5	4959	83	33	83	33
14183	6	5951	99	40	99	40
14183	7	6942	116	46	116	46
14183	8	7934	132	53	132	53
14183	9	8925	149	60	149	60
14183	10	9917	166	66	166	66
14183	11	10908	182	73	182	73
14183	12	11900	199	79	199	79
14183	13	12891	215	86	215	86
14183	14	13884	232	93	232	93
14183	15	14876	248	99	248	99
14183	16	15867	265	106	265	106
14183	17	16859	281	112	281	112
14183	18	17850	298	119	298	119
14183	19	18842	314	126	314	126
14183	20	19833	331	132	331	132
14183	21	20825	347	139	347	139
14183	22	21816	364	145	364	145
14183	23	22809	380	152	380	152
14183	24	23801	397	159	397	159
14183	25	24792	413	165	413	165
14183	26	25784	430	172	430	172
14183	27	26775	447	179	447	179
14183	28	27767	463	185	463	185
14183	29	28758	480	192	480	192
14183	30	29750	496	198	496	198
14183	31	30741	513	205	513	205
14183	32	31734	529	212	529	212
14183	33	32726	546	218	546	218
14183	34	33717	562	225	562	225
14183	35	34709	579	231	579	231
14183	36	35700	595	238	595	238
14183	37	36692	612	245	612	245
14183	38	37683	628	251	628	251
14183	39	38675	645	258	645	258
14183	40	39666	661	264	661	264
14183	41	40659	678	271	678	271
14183	42	41651	694	278	694	278
14183	43	42642	711	284	711	284
14183	44	43634	727	291	727	291
14183	45	44625	744	298	744	298
14183	46	45617	761	304	761	304
14183	47	46608	777	311	777	311
14183	48	47600	794	317	794	317
14183	49	48591	810	324	810	324
14183	50	49584	827	331	827	331
14183	51	50576	843	337	843	337
14183	52	51567	860	344	860	344
14183	53	52559	876	350	876	350
14183	54	53550	893	357	893	357
14183	55	54542	909	364	909	364
14183	56	55533	926	370	926	370
14183	57	56525	942	377	942	377
14183	58	57516	959	383	959	383
14183	59	58509	975	390	975	390
14183	60	59501	992	397	992	397
14183	61	60492	1008	403	1008	403
14183	62	61484	1025	410	1025	410
14183	63	62475	1042	417	1042	417
14183	64	63467	1058	423	1058	423
14183	65	64458	1075	430	1075	430
14183	66	65450	1091	436	1091	436
14183	67	66441	1108	443	1108	443
14183	68	67434	1124	450	1124	450
14183	69	68426	1141	456	1141	456
14183	70	69417	1157	463	1157	463
14183	71	70409	1174	469	1174	469
14183	72	71400	1190	476	1190	476
14183	73	72392	1207	483	1207	483
14183	74	73383	1223	489	1223	489
14183	75	74375	1240	496	1240	496
14183	76	75366	1256	502	1256	502
14183	77	76359	1273	509	1273	509
14183	78	77351	1289	516	1289	516
14183	79	78342	1306	522	1306	522
14183	80	79334	1322	529	1322	529
14183	81	80325	1339	536	1339	536
14183	82	81317	1356	542	1356	542
14183	83	82308	1372	549	1372	549
14183	84	83300	1389	555	1389	555
14183	85	84291	1405	562	1405	562
14183	86	85284	1422	569	1422	569
14183	87	86276	1438	575	1438	575
14183	88	87267	1455	582	1455	582
14183	89	88259	1471	588	1471	588
14183	90	89250	1488	595	1488	595
14183	91	90242	1504	602	1504	602
14183	92	91233	1521	608	1521	608
14183	93	92225	1537	615	1537	615
14183	94	93216	1554	621	1554	621
14183	95	94209	1570	628	1570	628
14183	96	95201	1587	635	1587	635
14183	97	96192	1603	641	1603	641
14183	98	97184	1620	648	1620	648
14183	99	98175	1637	655	1637	655
14183	100	99167	1653	661	1653	661
14184	1	992	17	7	17	7
14184	2	1983	33	13	33	13
14184	3	2975	50	20	50	20
14184	4	3966	66	26	66	26
14184	5	4959	83	33	83	33
14184	6	5951	99	40	99	40
14184	7	6942	116	46	116	46
14184	8	7934	132	53	132	53
14184	9	8925	149	60	149	60
14184	10	9917	166	66	166	66
14184	11	10908	182	73	182	73
14184	12	11900	199	79	199	79
14184	13	12891	215	86	215	86
14184	14	13884	232	93	232	93
14184	15	14876	248	99	248	99
14184	16	15867	265	106	265	106
14184	17	16859	281	112	281	112
14184	18	17850	298	119	298	119
14184	19	18842	314	126	314	126
14184	20	19833	331	132	331	132
14184	21	20825	347	139	347	139
14184	22	21816	364	145	364	145
14184	23	22809	380	152	380	152
14184	24	23801	397	159	397	159
14184	25	24792	413	165	413	165
14184	26	25784	430	172	430	172
14184	27	26775	447	179	447	179
14184	28	27767	463	185	463	185
14184	29	28758	480	192	480	192
14184	30	29750	496	198	496	198
14184	31	30741	513	205	513	205
14184	32	31734	529	212	529	212
14184	33	32726	546	218	546	218
14184	34	33717	562	225	562	225
14184	35	34709	579	231	579	231
14184	36	35700	595	238	595	238
14184	37	36692	612	245	612	245
14184	38	37683	628	251	628	251
14184	39	38675	645	258	645	258
14184	40	39666	661	264	661	264
14184	41	40659	678	271	678	271
14184	42	41651	694	278	694	278
14184	43	42642	711	284	711	284
14184	44	43634	727	291	727	291
14184	45	44625	744	298	744	298
14184	46	45617	761	304	761	304
14184	47	46608	777	311	777	311
14184	48	47600	794	317	794	317
14184	49	48591	810	324	810	324
14184	50	49584	827	331	827	331
14184	51	50576	843	337	843	337
14184	52	51567	860	344	860	344
14184	53	52559	876	350	876	350
14184	54	53550	893	357	893	357
14184	55	54542	909	364	909	364
14184	56	55533	926	370	926	370
14184	57	56525	942	377	942	377
14184	58	57516	959	383	959	383
14184	59	58509	975	390	975	390
14184	60	59501	992	397	992	397
14184	61	60492	1008	403	1008	403
14184	62	61484	1025	410	1025	410
14184	63	62475	1042	417	1042	417
14184	64	63467	1058	423	1058	423
14184	65	64458	1075	430	1075	430
14184	66	65450	1091	436	1091	436
14184	67	66441	1108	443	1108	443
14184	68	67434	1124	450	1124	450
14184	69	68426	1141	456	1141	456
14184	70	69417	1157	463	1157	463
14184	71	70409	1174	469	1174	469
14184	72	71400	1190	476	1190	476
14184	73	72392	1207	483	1207	483
14184	74	73383	1223	489	1223	489
14184	75	74375	1240	496	1240	496
14184	76	75366	1256	502	1256	502
14184	77	76359	1273	509	1273	509
14184	78	77351	1289	516	1289	516
14184	79	78342	1306	522	1306	522
14184	80	79334	1322	529	1322	529
14184	81	80325	1339	536	1339	536
14184	82	81317	1356	542	1356	542
14184	83	82308	1372	549	1372	549
14184	84	83300	1389	555	1389	555
14184	85	84291	1405	562	1405	562
14184	86	85284	1422	569	1422	569
14184	87	86276	1438	575	1438	575
14184	88	87267	1455	582	1455	582
14184	89	88259	1471	588	1471	588
14184	90	89250	1488	595	1488	595
14184	91	90242	1504	602	1504	602
14184	92	91233	1521	608	1521	608
14184	93	92225	1537	615	1537	615
14184	94	93216	1554	621	1554	621
14184	95	94209	1570	628	1570	628
14184	96	95201	1587	635	1587	635
14184	97	96192	1603	641	1603	641
14184	98	97184	1620	648	1620	648
14184	99	98175	1637	655	1637	655
14184	100	99167	1653	661	1653	661
14185	1	992	17	7	17	7
14185	2	1983	33	13	33	13
14185	3	2975	50	20	50	20
14185	4	3966	66	26	66	26
14185	5	4959	83	33	83	33
14185	6	5951	99	40	99	40
14185	7	6942	116	46	116	46
14185	8	7934	132	53	132	53
14185	9	8925	149	60	149	60
14185	10	9917	166	66	166	66
14185	11	10908	182	73	182	73
14185	12	11900	199	79	199	79
14185	13	12891	215	86	215	86
14185	14	13884	232	93	232	93
14185	15	14876	248	99	248	99
14185	16	15867	265	106	265	106
14185	17	16859	281	112	281	112
14185	18	17850	298	119	298	119
14185	19	18842	314	126	314	126
14185	20	19833	331	132	331	132
14185	21	20825	347	139	347	139
14185	22	21816	364	145	364	145
14185	23	22809	380	152	380	152
14185	24	23801	397	159	397	159
14185	25	24792	413	165	413	165
14185	26	25784	430	172	430	172
14185	27	26775	447	179	447	179
14185	28	27767	463	185	463	185
14185	29	28758	480	192	480	192
14185	30	29750	496	198	496	198
14185	31	30741	513	205	513	205
14185	32	31734	529	212	529	212
14185	33	32726	546	218	546	218
14185	34	33717	562	225	562	225
14185	35	34709	579	231	579	231
14185	36	35700	595	238	595	238
14185	37	36692	612	245	612	245
14185	38	37683	628	251	628	251
14185	39	38675	645	258	645	258
14185	40	39666	661	264	661	264
14185	41	40659	678	271	678	271
14185	42	41651	694	278	694	278
14185	43	42642	711	284	711	284
14185	44	43634	727	291	727	291
14185	45	44625	744	298	744	298
14185	46	45617	761	304	761	304
14185	47	46608	777	311	777	311
14185	48	47600	794	317	794	317
14185	49	48591	810	324	810	324
14185	50	49584	827	331	827	331
14185	51	50576	843	337	843	337
14185	52	51567	860	344	860	344
14185	53	52559	876	350	876	350
14185	54	53550	893	357	893	357
14185	55	54542	909	364	909	364
14185	56	55533	926	370	926	370
14185	57	56525	942	377	942	377
14185	58	57516	959	383	959	383
14185	59	58509	975	390	975	390
14185	60	59501	992	397	992	397
14185	61	60492	1008	403	1008	403
14185	62	61484	1025	410	1025	410
14185	63	62475	1042	417	1042	417
14185	64	63467	1058	423	1058	423
14185	65	64458	1075	430	1075	430
14185	66	65450	1091	436	1091	436
14185	67	66441	1108	443	1108	443
14185	68	67434	1124	450	1124	450
14185	69	68426	1141	456	1141	456
14185	70	69417	1157	463	1157	463
14185	71	70409	1174	469	1174	469
14185	72	71400	1190	476	1190	476
14185	73	72392	1207	483	1207	483
14185	74	73383	1223	489	1223	489
14185	75	74375	1240	496	1240	496
14185	76	75366	1256	502	1256	502
14185	77	76359	1273	509	1273	509
14185	78	77351	1289	516	1289	516
14185	79	78342	1306	522	1306	522
14185	80	79334	1322	529	1322	529
14185	81	80325	1339	536	1339	536
14185	82	81317	1356	542	1356	542
14185	83	82308	1372	549	1372	549
14185	84	83300	1389	555	1389	555
14185	85	84291	1405	562	1405	562
14185	86	85284	1422	569	1422	569
14185	87	86276	1438	575	1438	575
14185	88	87267	1455	582	1455	582
14185	89	88259	1471	588	1471	588
14185	90	89250	1488	595	1488	595
14185	91	90242	1504	602	1504	602
14185	92	91233	1521	608	1521	608
14185	93	92225	1537	615	1537	615
14185	94	93216	1554	621	1554	621
14185	95	94209	1570	628	1570	628
14185	96	95201	1587	635	1587	635
14185	97	96192	1603	641	1603	641
14185	98	97184	1620	648	1620	648
14185	99	98175	1637	655	1637	655
14185	100	99167	1653	661	1653	661
14186	1	992	17	7	17	7
14186	2	1983	33	13	33	13
14186	3	2975	50	20	50	20
14186	4	3966	66	26	66	26
14186	5	4959	83	33	83	33
14186	6	5951	99	40	99	40
14186	7	6942	116	46	116	46
14186	8	7934	132	53	132	53
14186	9	8925	149	60	149	60
14186	10	9917	166	66	166	66
14186	11	10908	182	73	182	73
14186	12	11900	199	79	199	79
14186	13	12891	215	86	215	86
14186	14	13884	232	93	232	93
14186	15	14876	248	99	248	99
14186	16	15867	265	106	265	106
14186	17	16859	281	112	281	112
14186	18	17850	298	119	298	119
14186	19	18842	314	126	314	126
14186	20	19833	331	132	331	132
14186	21	20825	347	139	347	139
14186	22	21816	364	145	364	145
14186	23	22809	380	152	380	152
14186	24	23801	397	159	397	159
14186	25	24792	413	165	413	165
14186	26	25784	430	172	430	172
14186	27	26775	447	179	447	179
14186	28	27767	463	185	463	185
14186	29	28758	480	192	480	192
14186	30	29750	496	198	496	198
14186	31	30741	513	205	513	205
14186	32	31734	529	212	529	212
14186	33	32726	546	218	546	218
14186	34	33717	562	225	562	225
14186	35	34709	579	231	579	231
14186	36	35700	595	238	595	238
14186	37	36692	612	245	612	245
14186	38	37683	628	251	628	251
14186	39	38675	645	258	645	258
14186	40	39666	661	264	661	264
14186	41	40659	678	271	678	271
14186	42	41651	694	278	694	278
14186	43	42642	711	284	711	284
14186	44	43634	727	291	727	291
14186	45	44625	744	298	744	298
14186	46	45617	761	304	761	304
14186	47	46608	777	311	777	311
14186	48	47600	794	317	794	317
14186	49	48591	810	324	810	324
14186	50	49584	827	331	827	331
14186	51	50576	843	337	843	337
14186	52	51567	860	344	860	344
14186	53	52559	876	350	876	350
14186	54	53550	893	357	893	357
14186	55	54542	909	364	909	364
14186	56	55533	926	370	926	370
14186	57	56525	942	377	942	377
14186	58	57516	959	383	959	383
14186	59	58509	975	390	975	390
14186	60	59501	992	397	992	397
14186	61	60492	1008	403	1008	403
14186	62	61484	1025	410	1025	410
14186	63	62475	1042	417	1042	417
14186	64	63467	1058	423	1058	423
14186	65	64458	1075	430	1075	430
14186	66	65450	1091	436	1091	436
14186	67	66441	1108	443	1108	443
14186	68	67434	1124	450	1124	450
14186	69	68426	1141	456	1141	456
14186	70	69417	1157	463	1157	463
14186	71	70409	1174	469	1174	469
14186	72	71400	1190	476	1190	476
14186	73	72392	1207	483	1207	483
14186	74	73383	1223	489	1223	489
14186	75	74375	1240	496	1240	496
14186	76	75366	1256	502	1256	502
14186	77	76359	1273	509	1273	509
14186	78	77351	1289	516	1289	516
14186	79	78342	1306	522	1306	522
14186	80	79334	1322	529	1322	529
14186	81	80325	1339	536	1339	536
14186	82	81317	1356	542	1356	542
14186	83	82308	1372	549	1372	549
14186	84	83300	1389	555	1389	555
14186	85	84291	1405	562	1405	562
14186	86	85284	1422	569	1422	569
14186	87	86276	1438	575	1438	575
14186	88	87267	1455	582	1455	582
14186	89	88259	1471	588	1471	588
14186	90	89250	1488	595	1488	595
14186	91	90242	1504	602	1504	602
14186	92	91233	1521	608	1521	608
14186	93	92225	1537	615	1537	615
14186	94	93216	1554	621	1554	621
14186	95	94209	1570	628	1570	628
14186	96	95201	1587	635	1587	635
14186	97	96192	1603	641	1603	641
14186	98	97184	1620	648	1620	648
14186	99	98175	1637	655	1637	655
14186	100	99167	1653	661	1653	661
14187	1	992	17	7	17	7
14187	2	1983	33	13	33	13
14187	3	2975	50	20	50	20
14187	4	3966	66	26	66	26
14187	5	4959	83	33	83	33
14187	6	5951	99	40	99	40
14187	7	6942	116	46	116	46
14187	8	7934	132	53	132	53
14187	9	8925	149	60	149	60
14187	10	9917	166	66	166	66
14187	11	10908	182	73	182	73
14187	12	11900	199	79	199	79
14187	13	12891	215	86	215	86
14187	14	13884	232	93	232	93
14187	15	14876	248	99	248	99
14187	16	15867	265	106	265	106
14187	17	16859	281	112	281	112
14187	18	17850	298	119	298	119
14187	19	18842	314	126	314	126
14187	20	19833	331	132	331	132
14187	21	20825	347	139	347	139
14187	22	21816	364	145	364	145
14187	23	22809	380	152	380	152
14187	24	23801	397	159	397	159
14187	25	24792	413	165	413	165
14187	26	25784	430	172	430	172
14187	27	26775	447	179	447	179
14187	28	27767	463	185	463	185
14187	29	28758	480	192	480	192
14187	30	29750	496	198	496	198
14187	31	30741	513	205	513	205
14187	32	31734	529	212	529	212
14187	33	32726	546	218	546	218
14187	34	33717	562	225	562	225
14187	35	34709	579	231	579	231
14187	36	35700	595	238	595	238
14187	37	36692	612	245	612	245
14187	38	37683	628	251	628	251
14187	39	38675	645	258	645	258
14187	40	39666	661	264	661	264
14187	41	40659	678	271	678	271
14187	42	41651	694	278	694	278
14187	43	42642	711	284	711	284
14187	44	43634	727	291	727	291
14187	45	44625	744	298	744	298
14187	46	45617	761	304	761	304
14187	47	46608	777	311	777	311
14187	48	47600	794	317	794	317
14187	49	48591	810	324	810	324
14187	50	49584	827	331	827	331
14187	51	50576	843	337	843	337
14187	52	51567	860	344	860	344
14187	53	52559	876	350	876	350
14187	54	53550	893	357	893	357
14187	55	54542	909	364	909	364
14187	56	55533	926	370	926	370
14187	57	56525	942	377	942	377
14187	58	57516	959	383	959	383
14187	59	58509	975	390	975	390
14187	60	59501	992	397	992	397
14187	61	60492	1008	403	1008	403
14187	62	61484	1025	410	1025	410
14187	63	62475	1042	417	1042	417
14187	64	63467	1058	423	1058	423
14187	65	64458	1075	430	1075	430
14187	66	65450	1091	436	1091	436
14187	67	66441	1108	443	1108	443
14187	68	67434	1124	450	1124	450
14187	69	68426	1141	456	1141	456
14187	70	69417	1157	463	1157	463
14187	71	70409	1174	469	1174	469
14187	72	71400	1190	476	1190	476
14187	73	72392	1207	483	1207	483
14187	74	73383	1223	489	1223	489
14187	75	74375	1240	496	1240	496
14187	76	75366	1256	502	1256	502
14187	77	76359	1273	509	1273	509
14187	78	77351	1289	516	1289	516
14187	79	78342	1306	522	1306	522
14187	80	79334	1322	529	1322	529
14187	81	80325	1339	536	1339	536
14187	82	81317	1356	542	1356	542
14187	83	82308	1372	549	1372	549
14187	84	83300	1389	555	1389	555
14187	85	84291	1405	562	1405	562
14187	86	85284	1422	569	1422	569
14187	87	86276	1438	575	1438	575
14187	88	87267	1455	582	1455	582
14187	89	88259	1471	588	1471	588
14187	90	89250	1488	595	1488	595
14187	91	90242	1504	602	1504	602
14187	92	91233	1521	608	1521	608
14187	93	92225	1537	615	1537	615
14187	94	93216	1554	621	1554	621
14187	95	94209	1570	628	1570	628
14187	96	95201	1587	635	1587	635
14187	97	96192	1603	641	1603	641
14187	98	97184	1620	648	1620	648
14187	99	98175	1637	655	1637	655
14187	100	99167	1653	661	1653	661
14229	1	661	50	7	50	7
14229	2	1322	99	13	99	13
14229	3	1983	149	20	149	20
14229	4	2644	198	26	198	26
14229	5	3306	248	33	248	33
14229	6	3967	297	40	297	40
14229	7	4628	347	46	347	46
14229	8	5289	396	53	396	53
14229	9	5950	447	60	447	60
14229	10	6611	497	66	497	66
14229	11	7272	546	73	546	73
14229	12	7933	596	79	596	79
14229	13	8594	645	86	645	86
14229	14	9256	695	93	695	93
14229	15	9917	744	99	744	99
14229	16	10578	794	106	794	106
14229	17	11239	843	112	843	112
14229	18	11900	893	119	893	119
14229	19	12561	942	126	942	126
14229	20	13222	992	132	992	132
14229	21	13883	1041	139	1041	139
14229	22	14544	1091	145	1091	145
14229	23	15206	1140	152	1140	152
14229	24	15867	1190	159	1190	159
14229	25	16528	1239	165	1239	165
14229	26	17189	1289	172	1289	172
14229	27	17850	1340	179	1340	179
14229	28	18511	1389	185	1389	185
14229	29	19172	1439	192	1439	192
14229	30	19833	1488	198	1488	198
14229	31	20494	1538	205	1538	205
14229	32	21156	1587	212	1587	212
14229	33	21817	1637	218	1637	218
14229	34	22478	1686	225	1686	225
14229	35	23139	1736	231	1736	231
14229	36	23800	1785	238	1785	238
14229	37	24461	1835	245	1835	245
14229	38	25122	1884	251	1884	251
14229	39	25783	1934	258	1934	258
14229	40	26444	1983	264	1983	264
14229	41	27106	2033	271	2033	271
14229	42	27767	2082	278	2082	278
14229	43	28428	2132	284	2132	284
14229	44	29089	2181	291	2181	291
14229	45	29750	2232	298	2232	298
14229	46	30411	2282	304	2282	304
14229	47	31072	2331	311	2331	311
14229	48	31733	2381	317	2381	317
14229	49	32394	2430	324	2430	324
14229	50	33056	2480	331	2480	331
14229	51	33717	2529	337	2529	337
14229	52	34378	2579	344	2579	344
14229	53	35039	2628	350	2628	350
14229	54	35700	2678	357	2678	357
14229	55	36361	2727	364	2727	364
14229	56	37022	2777	370	2777	370
14229	57	37683	2826	377	2826	377
14229	58	38344	2876	383	2876	383
14229	59	39006	2925	390	2925	390
14229	60	39667	2975	397	2975	397
14229	61	40328	3024	403	3024	403
14229	62	40989	3074	410	3074	410
14229	63	41650	3125	417	3125	417
14229	64	42311	3174	423	3174	423
14229	65	42972	3224	430	3224	430
14229	66	43633	3273	436	3273	436
14229	67	44294	3323	443	3323	443
14229	68	44956	3372	450	3372	450
14229	69	45617	3422	456	3422	456
14229	70	46278	3471	463	3471	463
14229	71	46939	3521	469	3521	469
14229	72	47600	3570	476	3570	476
14229	73	48261	3620	483	3620	483
14229	74	48922	3669	489	3669	489
14229	75	49583	3719	496	3719	496
14229	76	50244	3768	502	3768	502
14229	77	50906	3818	509	3818	509
14229	78	51567	3867	516	3867	516
14229	79	52228	3917	522	3917	522
14229	80	52889	3966	529	3966	529
14229	81	53550	4017	536	4017	536
14229	82	54211	4067	542	4067	542
14229	83	54872	4116	549	4116	549
14229	84	55533	4166	555	4166	555
14229	85	56194	4215	562	4215	562
14229	86	56856	4265	569	4265	569
14229	87	57517	4314	575	4314	575
14229	88	58178	4364	582	4364	582
14229	89	58839	4413	588	4413	588
14229	90	59500	4463	595	4463	595
14229	91	60161	4512	602	4512	602
14229	92	60822	4562	608	4562	608
14229	93	61483	4611	615	4611	615
14229	94	62144	4661	621	4661	621
14229	95	62806	4710	628	4710	628
14229	96	63467	4760	635	4760	635
14229	97	64128	4809	641	4809	641
14229	98	64789	4859	648	4859	648
14229	99	65450	4910	655	4910	655
14229	100	66111	4959	661	4959	661
14230	1	661	50	7	50	7
14230	2	1322	99	13	99	13
14230	3	1983	149	20	149	20
14230	4	2644	198	26	198	26
14230	5	3306	248	33	248	33
14230	6	3967	297	40	297	40
14230	7	4628	347	46	347	46
14230	8	5289	396	53	396	53
14230	9	5950	447	60	447	60
14230	10	6611	497	66	497	66
14230	11	7272	546	73	546	73
14230	12	7933	596	79	596	79
14230	13	8594	645	86	645	86
14230	14	9256	695	93	695	93
14230	15	9917	744	99	744	99
14230	16	10578	794	106	794	106
14230	17	11239	843	112	843	112
14230	18	11900	893	119	893	119
14230	19	12561	942	126	942	126
14230	20	13222	992	132	992	132
14230	21	13883	1041	139	1041	139
14230	22	14544	1091	145	1091	145
14230	23	15206	1140	152	1140	152
14230	24	15867	1190	159	1190	159
14230	25	16528	1239	165	1239	165
14230	26	17189	1289	172	1289	172
14230	27	17850	1340	179	1340	179
14230	28	18511	1389	185	1389	185
14230	29	19172	1439	192	1439	192
14230	30	19833	1488	198	1488	198
14230	31	20494	1538	205	1538	205
14230	32	21156	1587	212	1587	212
14230	33	21817	1637	218	1637	218
14230	34	22478	1686	225	1686	225
14230	35	23139	1736	231	1736	231
14230	36	23800	1785	238	1785	238
14230	37	24461	1835	245	1835	245
14230	38	25122	1884	251	1884	251
14230	39	25783	1934	258	1934	258
14230	40	26444	1983	264	1983	264
14230	41	27106	2033	271	2033	271
14230	42	27767	2082	278	2082	278
14230	43	28428	2132	284	2132	284
14230	44	29089	2181	291	2181	291
14230	45	29750	2232	298	2232	298
14230	46	30411	2282	304	2282	304
14230	47	31072	2331	311	2331	311
14230	48	31733	2381	317	2381	317
14230	49	32394	2430	324	2430	324
14230	50	33056	2480	331	2480	331
14230	51	33717	2529	337	2529	337
14230	52	34378	2579	344	2579	344
14230	53	35039	2628	350	2628	350
14230	54	35700	2678	357	2678	357
14230	55	36361	2727	364	2727	364
14230	56	37022	2777	370	2777	370
14230	57	37683	2826	377	2826	377
14230	58	38344	2876	383	2876	383
14230	59	39006	2925	390	2925	390
14230	60	39667	2975	397	2975	397
14230	61	40328	3024	403	3024	403
14230	62	40989	3074	410	3074	410
14230	63	41650	3125	417	3125	417
14230	64	42311	3174	423	3174	423
14230	65	42972	3224	430	3224	430
14230	66	43633	3273	436	3273	436
14230	67	44294	3323	443	3323	443
14230	68	44956	3372	450	3372	450
14230	69	45617	3422	456	3422	456
14230	70	46278	3471	463	3471	463
14230	71	46939	3521	469	3521	469
14230	72	47600	3570	476	3570	476
14230	73	48261	3620	483	3620	483
14230	74	48922	3669	489	3669	489
14230	75	49583	3719	496	3719	496
14230	76	50244	3768	502	3768	502
14230	77	50906	3818	509	3818	509
14230	78	51567	3867	516	3867	516
14230	79	52228	3917	522	3917	522
14230	80	52889	3966	529	3966	529
14230	81	53550	4017	536	4017	536
14230	82	54211	4067	542	4067	542
14230	83	54872	4116	549	4116	549
14230	84	55533	4166	555	4166	555
14230	85	56194	4215	562	4215	562
14230	86	56856	4265	569	4265	569
14230	87	57517	4314	575	4314	575
14230	88	58178	4364	582	4364	582
14230	89	58839	4413	588	4413	588
14230	90	59500	4463	595	4463	595
14230	91	60161	4512	602	4512	602
14230	92	60822	4562	608	4562	608
14230	93	61483	4611	615	4611	615
14230	94	62144	4661	621	4661	621
14230	95	62806	4710	628	4710	628
14230	96	63467	4760	635	4760	635
14230	97	64128	4809	641	4809	641
14230	98	64789	4859	648	4859	648
14230	99	65450	4910	655	4910	655
14230	100	66111	4959	661	4959	661
14231	1	661	50	7	50	7
14231	2	1322	99	13	99	13
14231	3	1983	149	20	149	20
14231	4	2644	198	26	198	26
14231	5	3306	248	33	248	33
14231	6	3967	297	40	297	40
14231	7	4628	347	46	347	46
14231	8	5289	396	53	396	53
14231	9	5950	447	60	447	60
14231	10	6611	497	66	497	66
14231	11	7272	546	73	546	73
14231	12	7933	596	79	596	79
14231	13	8594	645	86	645	86
14231	14	9256	695	93	695	93
14231	15	9917	744	99	744	99
14231	16	10578	794	106	794	106
14231	17	11239	843	112	843	112
14231	18	11900	893	119	893	119
14231	19	12561	942	126	942	126
14231	20	13222	992	132	992	132
14231	21	13883	1041	139	1041	139
14231	22	14544	1091	145	1091	145
14231	23	15206	1140	152	1140	152
14231	24	15867	1190	159	1190	159
14231	25	16528	1239	165	1239	165
14231	26	17189	1289	172	1289	172
14231	27	17850	1340	179	1340	179
14231	28	18511	1389	185	1389	185
14231	29	19172	1439	192	1439	192
14231	30	19833	1488	198	1488	198
14231	31	20494	1538	205	1538	205
14231	32	21156	1587	212	1587	212
14231	33	21817	1637	218	1637	218
14231	34	22478	1686	225	1686	225
14231	35	23139	1736	231	1736	231
14231	36	23800	1785	238	1785	238
14231	37	24461	1835	245	1835	245
14231	38	25122	1884	251	1884	251
14231	39	25783	1934	258	1934	258
14231	40	26444	1983	264	1983	264
14231	41	27106	2033	271	2033	271
14231	42	27767	2082	278	2082	278
14231	43	28428	2132	284	2132	284
14231	44	29089	2181	291	2181	291
14231	45	29750	2232	298	2232	298
14231	46	30411	2282	304	2282	304
14231	47	31072	2331	311	2331	311
14231	48	31733	2381	317	2381	317
14231	49	32394	2430	324	2430	324
14231	50	33056	2480	331	2480	331
14231	51	33717	2529	337	2529	337
14231	52	34378	2579	344	2579	344
14231	53	35039	2628	350	2628	350
14231	54	35700	2678	357	2678	357
14231	55	36361	2727	364	2727	364
14231	56	37022	2777	370	2777	370
14231	57	37683	2826	377	2826	377
14231	58	38344	2876	383	2876	383
14231	59	39006	2925	390	2925	390
14231	60	39667	2975	397	2975	397
14231	61	40328	3024	403	3024	403
14231	62	40989	3074	410	3074	410
14231	63	41650	3125	417	3125	417
14231	64	42311	3174	423	3174	423
14231	65	42972	3224	430	3224	430
14231	66	43633	3273	436	3273	436
14231	67	44294	3323	443	3323	443
14231	68	44956	3372	450	3372	450
14231	69	45617	3422	456	3422	456
14231	70	46278	3471	463	3471	463
14231	71	46939	3521	469	3521	469
14231	72	47600	3570	476	3570	476
14231	73	48261	3620	483	3620	483
14231	74	48922	3669	489	3669	489
14231	75	49583	3719	496	3719	496
14231	76	50244	3768	502	3768	502
14231	77	50906	3818	509	3818	509
14231	78	51567	3867	516	3867	516
14231	79	52228	3917	522	3917	522
14231	80	52889	3966	529	3966	529
14231	81	53550	4017	536	4017	536
14231	82	54211	4067	542	4067	542
14231	83	54872	4116	549	4116	549
14231	84	55533	4166	555	4166	555
14231	85	56194	4215	562	4215	562
14231	86	56856	4265	569	4265	569
14231	87	57517	4314	575	4314	575
14231	88	58178	4364	582	4364	582
14231	89	58839	4413	588	4413	588
14231	90	59500	4463	595	4463	595
14231	91	60161	4512	602	4512	602
14231	92	60822	4562	608	4562	608
14231	93	61483	4611	615	4611	615
14231	94	62144	4661	621	4661	621
14231	95	62806	4710	628	4710	628
14231	96	63467	4760	635	4760	635
14231	97	64128	4809	641	4809	641
14231	98	64789	4859	648	4859	648
14231	99	65450	4910	655	4910	655
14231	100	66111	4959	661	4959	661
14232	1	661	50	7	50	7
14232	2	1322	99	13	99	13
14232	3	1983	149	20	149	20
14232	4	2644	198	26	198	26
14232	5	3306	248	33	248	33
14232	6	3967	297	40	297	40
14232	7	4628	347	46	347	46
14232	8	5289	396	53	396	53
14232	9	5950	447	60	447	60
14232	10	6611	497	66	497	66
14232	11	7272	546	73	546	73
14232	12	7933	596	79	596	79
14232	13	8594	645	86	645	86
14232	14	9256	695	93	695	93
14232	15	9917	744	99	744	99
14232	16	10578	794	106	794	106
14232	17	11239	843	112	843	112
14232	18	11900	893	119	893	119
14232	19	12561	942	126	942	126
14232	20	13222	992	132	992	132
14232	21	13883	1041	139	1041	139
14232	22	14544	1091	145	1091	145
14232	23	15206	1140	152	1140	152
14232	24	15867	1190	159	1190	159
14232	25	16528	1239	165	1239	165
14232	26	17189	1289	172	1289	172
14232	27	17850	1340	179	1340	179
14232	28	18511	1389	185	1389	185
14232	29	19172	1439	192	1439	192
14232	30	19833	1488	198	1488	198
14232	31	20494	1538	205	1538	205
14232	32	21156	1587	212	1587	212
14232	33	21817	1637	218	1637	218
14232	34	22478	1686	225	1686	225
14232	35	23139	1736	231	1736	231
14232	36	23800	1785	238	1785	238
14232	37	24461	1835	245	1835	245
14232	38	25122	1884	251	1884	251
14232	39	25783	1934	258	1934	258
14232	40	26444	1983	264	1983	264
14232	41	27106	2033	271	2033	271
14232	42	27767	2082	278	2082	278
14232	43	28428	2132	284	2132	284
14232	44	29089	2181	291	2181	291
14232	45	29750	2232	298	2232	298
14232	46	30411	2282	304	2282	304
14232	47	31072	2331	311	2331	311
14232	48	31733	2381	317	2381	317
14232	49	32394	2430	324	2430	324
14232	50	33056	2480	331	2480	331
14232	51	33717	2529	337	2529	337
14232	52	34378	2579	344	2579	344
14232	53	35039	2628	350	2628	350
14232	54	35700	2678	357	2678	357
14232	55	36361	2727	364	2727	364
14232	56	37022	2777	370	2777	370
14232	57	37683	2826	377	2826	377
14232	58	38344	2876	383	2876	383
14232	59	39006	2925	390	2925	390
14232	60	39667	2975	397	2975	397
14232	61	40328	3024	403	3024	403
14232	62	40989	3074	410	3074	410
14232	63	41650	3125	417	3125	417
14232	64	42311	3174	423	3174	423
14232	65	42972	3224	430	3224	430
14232	66	43633	3273	436	3273	436
14232	67	44294	3323	443	3323	443
14232	68	44956	3372	450	3372	450
14232	69	45617	3422	456	3422	456
14232	70	46278	3471	463	3471	463
14232	71	46939	3521	469	3521	469
14232	72	47600	3570	476	3570	476
14232	73	48261	3620	483	3620	483
14232	74	48922	3669	489	3669	489
14232	75	49583	3719	496	3719	496
14232	76	50244	3768	502	3768	502
14232	77	50906	3818	509	3818	509
14232	78	51567	3867	516	3867	516
14232	79	52228	3917	522	3917	522
14232	80	52889	3966	529	3966	529
14232	81	53550	4017	536	4017	536
14232	82	54211	4067	542	4067	542
14232	83	54872	4116	549	4116	549
14232	84	55533	4166	555	4166	555
14232	85	56194	4215	562	4215	562
14232	86	56856	4265	569	4265	569
14232	87	57517	4314	575	4314	575
14232	88	58178	4364	582	4364	582
14232	89	58839	4413	588	4413	588
14232	90	59500	4463	595	4463	595
14232	91	60161	4512	602	4512	602
14232	92	60822	4562	608	4562	608
14232	93	61483	4611	615	4611	615
14232	94	62144	4661	621	4661	621
14232	95	62806	4710	628	4710	628
14232	96	63467	4760	635	4760	635
14232	97	64128	4809	641	4809	641
14232	98	64789	4859	648	4859	648
14232	99	65450	4910	655	4910	655
14232	100	66111	4959	661	4959	661
14233	1	661	50	7	50	7
14233	2	1322	99	13	99	13
14233	3	1983	149	20	149	20
14233	4	2644	198	26	198	26
14233	5	3306	248	33	248	33
14233	6	3967	297	40	297	40
14233	7	4628	347	46	347	46
14233	8	5289	396	53	396	53
14233	9	5950	447	60	447	60
14233	10	6611	497	66	497	66
14233	11	7272	546	73	546	73
14233	12	7933	596	79	596	79
14233	13	8594	645	86	645	86
14233	14	9256	695	93	695	93
14233	15	9917	744	99	744	99
14233	16	10578	794	106	794	106
14233	17	11239	843	112	843	112
14233	18	11900	893	119	893	119
14233	19	12561	942	126	942	126
14233	20	13222	992	132	992	132
14233	21	13883	1041	139	1041	139
14233	22	14544	1091	145	1091	145
14233	23	15206	1140	152	1140	152
14233	24	15867	1190	159	1190	159
14233	25	16528	1239	165	1239	165
14233	26	17189	1289	172	1289	172
14233	27	17850	1340	179	1340	179
14233	28	18511	1389	185	1389	185
14233	29	19172	1439	192	1439	192
14233	30	19833	1488	198	1488	198
14233	31	20494	1538	205	1538	205
14233	32	21156	1587	212	1587	212
14233	33	21817	1637	218	1637	218
14233	34	22478	1686	225	1686	225
14233	35	23139	1736	231	1736	231
14233	36	23800	1785	238	1785	238
14233	37	24461	1835	245	1835	245
14233	38	25122	1884	251	1884	251
14233	39	25783	1934	258	1934	258
14233	40	26444	1983	264	1983	264
14233	41	27106	2033	271	2033	271
14233	42	27767	2082	278	2082	278
14233	43	28428	2132	284	2132	284
14233	44	29089	2181	291	2181	291
14233	45	29750	2232	298	2232	298
14233	46	30411	2282	304	2282	304
14233	47	31072	2331	311	2331	311
14233	48	31733	2381	317	2381	317
14233	49	32394	2430	324	2430	324
14233	50	33056	2480	331	2480	331
14233	51	33717	2529	337	2529	337
14233	52	34378	2579	344	2579	344
14233	53	35039	2628	350	2628	350
14233	54	35700	2678	357	2678	357
14233	55	36361	2727	364	2727	364
14233	56	37022	2777	370	2777	370
14233	57	37683	2826	377	2826	377
14233	58	38344	2876	383	2876	383
14233	59	39006	2925	390	2925	390
14233	60	39667	2975	397	2975	397
14233	61	40328	3024	403	3024	403
14233	62	40989	3074	410	3074	410
14233	63	41650	3125	417	3125	417
14233	64	42311	3174	423	3174	423
14233	65	42972	3224	430	3224	430
14233	66	43633	3273	436	3273	436
14233	67	44294	3323	443	3323	443
14233	68	44956	3372	450	3372	450
14233	69	45617	3422	456	3422	456
14233	70	46278	3471	463	3471	463
14233	71	46939	3521	469	3521	469
14233	72	47600	3570	476	3570	476
14233	73	48261	3620	483	3620	483
14233	74	48922	3669	489	3669	489
14233	75	49583	3719	496	3719	496
14233	76	50244	3768	502	3768	502
14233	77	50906	3818	509	3818	509
14233	78	51567	3867	516	3867	516
14233	79	52228	3917	522	3917	522
14233	80	52889	3966	529	3966	529
14233	81	53550	4017	536	4017	536
14233	82	54211	4067	542	4067	542
14233	83	54872	4116	549	4116	549
14233	84	55533	4166	555	4166	555
14233	85	56194	4215	562	4215	562
14233	86	56856	4265	569	4265	569
14233	87	57517	4314	575	4314	575
14233	88	58178	4364	582	4364	582
14233	89	58839	4413	588	4413	588
14233	90	59500	4463	595	4463	595
14233	91	60161	4512	602	4512	602
14233	92	60822	4562	608	4562	608
14233	93	61483	4611	615	4611	615
14233	94	62144	4661	621	4661	621
14233	95	62806	4710	628	4710	628
14233	96	63467	4760	635	4760	635
14233	97	64128	4809	641	4809	641
14233	98	64789	4859	648	4859	648
14233	99	65450	4910	655	4910	655
14233	100	66111	4959	661	4959	661
14234	1	661	50	7	50	7
14234	2	1322	99	13	99	13
14234	3	1983	149	20	149	20
14234	4	2644	198	26	198	26
14234	5	3306	248	33	248	33
14234	6	3967	297	40	297	40
14234	7	4628	347	46	347	46
14234	8	5289	396	53	396	53
14234	9	5950	447	60	447	60
14234	10	6611	497	66	497	66
14234	11	7272	546	73	546	73
14234	12	7933	596	79	596	79
14234	13	8594	645	86	645	86
14234	14	9256	695	93	695	93
14234	15	9917	744	99	744	99
14234	16	10578	794	106	794	106
14234	17	11239	843	112	843	112
14234	18	11900	893	119	893	119
14234	19	12561	942	126	942	126
14234	20	13222	992	132	992	132
14234	21	13883	1041	139	1041	139
14234	22	14544	1091	145	1091	145
14234	23	15206	1140	152	1140	152
14234	24	15867	1190	159	1190	159
14234	25	16528	1239	165	1239	165
14234	26	17189	1289	172	1289	172
14234	27	17850	1340	179	1340	179
14234	28	18511	1389	185	1389	185
14234	29	19172	1439	192	1439	192
14234	30	19833	1488	198	1488	198
14234	31	20494	1538	205	1538	205
14234	32	21156	1587	212	1587	212
14234	33	21817	1637	218	1637	218
14234	34	22478	1686	225	1686	225
14234	35	23139	1736	231	1736	231
14234	36	23800	1785	238	1785	238
14234	37	24461	1835	245	1835	245
14234	38	25122	1884	251	1884	251
14234	39	25783	1934	258	1934	258
14234	40	26444	1983	264	1983	264
14234	41	27106	2033	271	2033	271
14234	42	27767	2082	278	2082	278
14234	43	28428	2132	284	2132	284
14234	44	29089	2181	291	2181	291
14234	45	29750	2232	298	2232	298
14234	46	30411	2282	304	2282	304
14234	47	31072	2331	311	2331	311
14234	48	31733	2381	317	2381	317
14234	49	32394	2430	324	2430	324
14234	50	33056	2480	331	2480	331
14234	51	33717	2529	337	2529	337
14234	52	34378	2579	344	2579	344
14234	53	35039	2628	350	2628	350
14234	54	35700	2678	357	2678	357
14234	55	36361	2727	364	2727	364
14234	56	37022	2777	370	2777	370
14234	57	37683	2826	377	2826	377
14234	58	38344	2876	383	2876	383
14234	59	39006	2925	390	2925	390
14234	60	39667	2975	397	2975	397
14234	61	40328	3024	403	3024	403
14234	62	40989	3074	410	3074	410
14234	63	41650	3125	417	3125	417
14234	64	42311	3174	423	3174	423
14234	65	42972	3224	430	3224	430
14234	66	43633	3273	436	3273	436
14234	67	44294	3323	443	3323	443
14234	68	44956	3372	450	3372	450
14234	69	45617	3422	456	3422	456
14234	70	46278	3471	463	3471	463
14234	71	46939	3521	469	3521	469
14234	72	47600	3570	476	3570	476
14234	73	48261	3620	483	3620	483
14234	74	48922	3669	489	3669	489
14234	75	49583	3719	496	3719	496
14234	76	50244	3768	502	3768	502
14234	77	50906	3818	509	3818	509
14234	78	51567	3867	516	3867	516
14234	79	52228	3917	522	3917	522
14234	80	52889	3966	529	3966	529
14234	81	53550	4017	536	4017	536
14234	82	54211	4067	542	4067	542
14234	83	54872	4116	549	4116	549
14234	84	55533	4166	555	4166	555
14234	85	56194	4215	562	4215	562
14234	86	56856	4265	569	4265	569
14234	87	57517	4314	575	4314	575
14234	88	58178	4364	582	4364	582
14234	89	58839	4413	588	4413	588
14234	90	59500	4463	595	4463	595
14234	91	60161	4512	602	4512	602
14234	92	60822	4562	608	4562	608
14234	93	61483	4611	615	4611	615
14234	94	62144	4661	621	4661	621
14234	95	62806	4710	628	4710	628
14234	96	63467	4760	635	4760	635
14234	97	64128	4809	641	4809	641
14234	98	64789	4859	648	4859	648
14234	99	65450	4910	655	4910	655
14234	100	66111	4959	661	4959	661
14235	1	661	50	7	50	7
14235	2	1322	99	13	99	13
14235	3	1983	149	20	149	20
14235	4	2644	198	26	198	26
14235	5	3306	248	33	248	33
14235	6	3967	297	40	297	40
14235	7	4628	347	46	347	46
14235	8	5289	396	53	396	53
14235	9	5950	447	60	447	60
14235	10	6611	497	66	497	66
14235	11	7272	546	73	546	73
14235	12	7933	596	79	596	79
14235	13	8594	645	86	645	86
14235	14	9256	695	93	695	93
14235	15	9917	744	99	744	99
14235	16	10578	794	106	794	106
14235	17	11239	843	112	843	112
14235	18	11900	893	119	893	119
14235	19	12561	942	126	942	126
14235	20	13222	992	132	992	132
14235	21	13883	1041	139	1041	139
14235	22	14544	1091	145	1091	145
14235	23	15206	1140	152	1140	152
14235	24	15867	1190	159	1190	159
14235	25	16528	1239	165	1239	165
14235	26	17189	1289	172	1289	172
14235	27	17850	1340	179	1340	179
14235	28	18511	1389	185	1389	185
14235	29	19172	1439	192	1439	192
14235	30	19833	1488	198	1488	198
14235	31	20494	1538	205	1538	205
14235	32	21156	1587	212	1587	212
14235	33	21817	1637	218	1637	218
14235	34	22478	1686	225	1686	225
14235	35	23139	1736	231	1736	231
14235	36	23800	1785	238	1785	238
14235	37	24461	1835	245	1835	245
14235	38	25122	1884	251	1884	251
14235	39	25783	1934	258	1934	258
14235	40	26444	1983	264	1983	264
14235	41	27106	2033	271	2033	271
14235	42	27767	2082	278	2082	278
14235	43	28428	2132	284	2132	284
14235	44	29089	2181	291	2181	291
14235	45	29750	2232	298	2232	298
14235	46	30411	2282	304	2282	304
14235	47	31072	2331	311	2331	311
14235	48	31733	2381	317	2381	317
14235	49	32394	2430	324	2430	324
14235	50	33056	2480	331	2480	331
14235	51	33717	2529	337	2529	337
14235	52	34378	2579	344	2579	344
14235	53	35039	2628	350	2628	350
14235	54	35700	2678	357	2678	357
14235	55	36361	2727	364	2727	364
14235	56	37022	2777	370	2777	370
14235	57	37683	2826	377	2826	377
14235	58	38344	2876	383	2876	383
14235	59	39006	2925	390	2925	390
14235	60	39667	2975	397	2975	397
14235	61	40328	3024	403	3024	403
14235	62	40989	3074	410	3074	410
14235	63	41650	3125	417	3125	417
14235	64	42311	3174	423	3174	423
14235	65	42972	3224	430	3224	430
14235	66	43633	3273	436	3273	436
14235	67	44294	3323	443	3323	443
14235	68	44956	3372	450	3372	450
14235	69	45617	3422	456	3422	456
14235	70	46278	3471	463	3471	463
14235	71	46939	3521	469	3521	469
14235	72	47600	3570	476	3570	476
14235	73	48261	3620	483	3620	483
14235	74	48922	3669	489	3669	489
14235	75	49583	3719	496	3719	496
14235	76	50244	3768	502	3768	502
14235	77	50906	3818	509	3818	509
14235	78	51567	3867	516	3867	516
14235	79	52228	3917	522	3917	522
14235	80	52889	3966	529	3966	529
14235	81	53550	4017	536	4017	536
14235	82	54211	4067	542	4067	542
14235	83	54872	4116	549	4116	549
14235	84	55533	4166	555	4166	555
14235	85	56194	4215	562	4215	562
14235	86	56856	4265	569	4265	569
14235	87	57517	4314	575	4314	575
14235	88	58178	4364	582	4364	582
14235	89	58839	4413	588	4413	588
14235	90	59500	4463	595	4463	595
14235	91	60161	4512	602	4512	602
14235	92	60822	4562	608	4562	608
14235	93	61483	4611	615	4611	615
14235	94	62144	4661	621	4661	621
14235	95	62806	4710	628	4710	628
14235	96	63467	4760	635	4760	635
14235	97	64128	4809	641	4809	641
14235	98	64789	4859	648	4859	648
14235	99	65450	4910	655	4910	655
14235	100	66111	4959	661	4959	661
14236	1	661	50	7	50	7
14236	2	1322	99	13	99	13
14236	3	1983	149	20	149	20
14236	4	2644	198	26	198	26
14236	5	3306	248	33	248	33
14236	6	3967	297	40	297	40
14236	7	4628	347	46	347	46
14236	8	5289	396	53	396	53
14236	9	5950	447	60	447	60
14236	10	6611	497	66	497	66
14236	11	7272	546	73	546	73
14236	12	7933	596	79	596	79
14236	13	8594	645	86	645	86
14236	14	9256	695	93	695	93
14236	15	9917	744	99	744	99
14236	16	10578	794	106	794	106
14236	17	11239	843	112	843	112
14236	18	11900	893	119	893	119
14236	19	12561	942	126	942	126
14236	20	13222	992	132	992	132
14236	21	13883	1041	139	1041	139
14236	22	14544	1091	145	1091	145
14236	23	15206	1140	152	1140	152
14236	24	15867	1190	159	1190	159
14236	25	16528	1239	165	1239	165
14236	26	17189	1289	172	1289	172
14236	27	17850	1340	179	1340	179
14236	28	18511	1389	185	1389	185
14236	29	19172	1439	192	1439	192
14236	30	19833	1488	198	1488	198
14236	31	20494	1538	205	1538	205
14236	32	21156	1587	212	1587	212
14236	33	21817	1637	218	1637	218
14236	34	22478	1686	225	1686	225
14236	35	23139	1736	231	1736	231
14236	36	23800	1785	238	1785	238
14236	37	24461	1835	245	1835	245
14236	38	25122	1884	251	1884	251
14236	39	25783	1934	258	1934	258
14236	40	26444	1983	264	1983	264
14236	41	27106	2033	271	2033	271
14236	42	27767	2082	278	2082	278
14236	43	28428	2132	284	2132	284
14236	44	29089	2181	291	2181	291
14236	45	29750	2232	298	2232	298
14236	46	30411	2282	304	2282	304
14236	47	31072	2331	311	2331	311
14236	48	31733	2381	317	2381	317
14236	49	32394	2430	324	2430	324
14236	50	33056	2480	331	2480	331
14236	51	33717	2529	337	2529	337
14236	52	34378	2579	344	2579	344
14236	53	35039	2628	350	2628	350
14236	54	35700	2678	357	2678	357
14236	55	36361	2727	364	2727	364
14236	56	37022	2777	370	2777	370
14236	57	37683	2826	377	2826	377
14236	58	38344	2876	383	2876	383
14236	59	39006	2925	390	2925	390
14236	60	39667	2975	397	2975	397
14236	61	40328	3024	403	3024	403
14236	62	40989	3074	410	3074	410
14236	63	41650	3125	417	3125	417
14236	64	42311	3174	423	3174	423
14236	65	42972	3224	430	3224	430
14236	66	43633	3273	436	3273	436
14236	67	44294	3323	443	3323	443
14236	68	44956	3372	450	3372	450
14236	69	45617	3422	456	3422	456
14236	70	46278	3471	463	3471	463
14236	71	46939	3521	469	3521	469
14236	72	47600	3570	476	3570	476
14236	73	48261	3620	483	3620	483
14236	74	48922	3669	489	3669	489
14236	75	49583	3719	496	3719	496
14236	76	50244	3768	502	3768	502
14236	77	50906	3818	509	3818	509
14236	78	51567	3867	516	3867	516
14236	79	52228	3917	522	3917	522
14236	80	52889	3966	529	3966	529
14236	81	53550	4017	536	4017	536
14236	82	54211	4067	542	4067	542
14236	83	54872	4116	549	4116	549
14236	84	55533	4166	555	4166	555
14236	85	56194	4215	562	4215	562
14236	86	56856	4265	569	4265	569
14236	87	57517	4314	575	4314	575
14236	88	58178	4364	582	4364	582
14236	89	58839	4413	588	4413	588
14236	90	59500	4463	595	4463	595
14236	91	60161	4512	602	4512	602
14236	92	60822	4562	608	4562	608
14236	93	61483	4611	615	4611	615
14236	94	62144	4661	621	4661	621
14236	95	62806	4710	628	4710	628
14236	96	63467	4760	635	4760	635
14236	97	64128	4809	641	4809	641
14236	98	64789	4859	648	4859	648
14236	99	65450	4910	655	4910	655
14236	100	66111	4959	661	4959	661
15074	1	661	33	7	33	7
15074	2	1322	66	13	66	13
15074	3	1983	99	20	99	20
15074	4	2644	132	26	132	26
15074	5	3306	165	33	165	33
15074	6	3967	198	40	198	40
15074	7	4628	231	46	231	46
15074	8	5289	264	53	264	53
15074	9	5950	298	60	298	60
15074	10	6611	331	66	331	66
15074	11	7272	364	73	364	73
15074	12	7933	397	79	397	79
15074	13	8594	430	86	430	86
15074	14	9256	463	93	463	93
15074	15	9917	496	99	496	99
15074	16	10578	529	106	529	106
15074	17	11239	562	112	562	112
15074	18	11900	595	119	595	119
15074	19	12561	628	126	628	126
15074	20	13222	661	132	661	132
15074	21	13883	694	139	694	139
15074	22	14544	727	145	727	145
15074	23	15206	760	152	760	152
15074	24	15867	793	159	793	159
15074	25	16528	826	165	826	165
15074	26	17189	859	172	859	172
15074	27	17850	893	179	893	179
15074	28	18511	926	185	926	185
15074	29	19172	959	192	959	192
15074	30	19833	992	198	992	198
15074	31	20494	1025	205	1025	205
15074	32	21156	1058	212	1058	212
15074	33	21817	1091	218	1091	218
15074	34	22478	1124	225	1124	225
15074	35	23139	1157	231	1157	231
15074	36	23800	1190	238	1190	238
15074	37	24461	1223	245	1223	245
15074	38	25122	1256	251	1256	251
15074	39	25783	1289	258	1289	258
15074	40	26444	1322	264	1322	264
15074	41	27106	1355	271	1355	271
15074	42	27767	1388	278	1388	278
15074	43	28428	1421	284	1421	284
15074	44	29089	1454	291	1454	291
15074	45	29750	1488	298	1488	298
15074	46	30411	1521	304	1521	304
15074	47	31072	1554	311	1554	311
15074	48	31733	1587	317	1587	317
15074	49	32394	1620	324	1620	324
15074	50	33056	1653	331	1653	331
15074	51	33717	1686	337	1686	337
15074	52	34378	1719	344	1719	344
15074	53	35039	1752	350	1752	350
15074	54	35700	1785	357	1785	357
15074	55	36361	1818	364	1818	364
15074	56	37022	1851	370	1851	370
15074	57	37683	1884	377	1884	377
15074	58	38344	1917	383	1917	383
15074	59	39006	1950	390	1950	390
15074	60	39667	1983	397	1983	397
15074	61	40328	2016	403	2016	403
15074	62	40989	2049	410	2049	410
15074	63	41650	2083	417	2083	417
15074	64	42311	2116	423	2116	423
15074	65	42972	2149	430	2149	430
15074	66	43633	2182	436	2182	436
15074	67	44294	2215	443	2215	443
15074	68	44956	2248	450	2248	450
15074	69	45617	2281	456	2281	456
15074	70	46278	2314	463	2314	463
15074	71	46939	2347	469	2347	469
15074	72	47600	2380	476	2380	476
15074	73	48261	2413	483	2413	483
15074	74	48922	2446	489	2446	489
15074	75	49583	2479	496	2479	496
15074	76	50244	2512	502	2512	502
15074	77	50906	2545	509	2545	509
15074	78	51567	2578	516	2578	516
15074	79	52228	2611	522	2611	522
15074	80	52889	2644	529	2644	529
15074	81	53550	2678	536	2678	536
15074	82	54211	2711	542	2711	542
15074	83	54872	2744	549	2744	549
15074	84	55533	2777	555	2777	555
15074	85	56194	2810	562	2810	562
15074	86	56856	2843	569	2843	569
15074	87	57517	2876	575	2876	575
15074	88	58178	2909	582	2909	582
15074	89	58839	2942	588	2942	588
15074	90	59500	2975	595	2975	595
15074	91	60161	3008	602	3008	602
15074	92	60822	3041	608	3041	608
15074	93	61483	3074	615	3074	615
15074	94	62144	3107	621	3107	621
15074	95	62806	3140	628	3140	628
15074	96	63467	3173	635	3173	635
15074	97	64128	3206	641	3206	641
15074	98	64789	3239	648	3239	648
15074	99	65450	3273	655	3273	655
15074	100	66111	3306	661	3306	661
15075	1	661	33	7	33	7
15075	2	1322	66	13	66	13
15075	3	1983	99	20	99	20
15075	4	2644	132	26	132	26
15075	5	3306	165	33	165	33
15075	6	3967	198	40	198	40
15075	7	4628	231	46	231	46
15075	8	5289	264	53	264	53
15075	9	5950	298	60	298	60
15075	10	6611	331	66	331	66
15075	11	7272	364	73	364	73
15075	12	7933	397	79	397	79
15075	13	8594	430	86	430	86
15075	14	9256	463	93	463	93
15075	15	9917	496	99	496	99
15075	16	10578	529	106	529	106
15075	17	11239	562	112	562	112
15075	18	11900	595	119	595	119
15075	19	12561	628	126	628	126
15075	20	13222	661	132	661	132
15075	21	13883	694	139	694	139
15075	22	14544	727	145	727	145
15075	23	15206	760	152	760	152
15075	24	15867	793	159	793	159
15075	25	16528	826	165	826	165
15075	26	17189	859	172	859	172
15075	27	17850	893	179	893	179
15075	28	18511	926	185	926	185
15075	29	19172	959	192	959	192
15075	30	19833	992	198	992	198
15075	31	20494	1025	205	1025	205
15075	32	21156	1058	212	1058	212
15075	33	21817	1091	218	1091	218
15075	34	22478	1124	225	1124	225
15075	35	23139	1157	231	1157	231
15075	36	23800	1190	238	1190	238
15075	37	24461	1223	245	1223	245
15075	38	25122	1256	251	1256	251
15075	39	25783	1289	258	1289	258
15075	40	26444	1322	264	1322	264
15075	41	27106	1355	271	1355	271
15075	42	27767	1388	278	1388	278
15075	43	28428	1421	284	1421	284
15075	44	29089	1454	291	1454	291
15075	45	29750	1488	298	1488	298
15075	46	30411	1521	304	1521	304
15075	47	31072	1554	311	1554	311
15075	48	31733	1587	317	1587	317
15075	49	32394	1620	324	1620	324
15075	50	33056	1653	331	1653	331
15075	51	33717	1686	337	1686	337
15075	52	34378	1719	344	1719	344
15075	53	35039	1752	350	1752	350
15075	54	35700	1785	357	1785	357
15075	55	36361	1818	364	1818	364
15075	56	37022	1851	370	1851	370
15075	57	37683	1884	377	1884	377
15075	58	38344	1917	383	1917	383
15075	59	39006	1950	390	1950	390
15075	60	39667	1983	397	1983	397
15075	61	40328	2016	403	2016	403
15075	62	40989	2049	410	2049	410
15075	63	41650	2083	417	2083	417
15075	64	42311	2116	423	2116	423
15075	65	42972	2149	430	2149	430
15075	66	43633	2182	436	2182	436
15075	67	44294	2215	443	2215	443
15075	68	44956	2248	450	2248	450
15075	69	45617	2281	456	2281	456
15075	70	46278	2314	463	2314	463
15075	71	46939	2347	469	2347	469
15075	72	47600	2380	476	2380	476
15075	73	48261	2413	483	2413	483
15075	74	48922	2446	489	2446	489
15075	75	49583	2479	496	2479	496
15075	76	50244	2512	502	2512	502
15075	77	50906	2545	509	2545	509
15075	78	51567	2578	516	2578	516
15075	79	52228	2611	522	2611	522
15075	80	52889	2644	529	2644	529
15075	81	53550	2678	536	2678	536
15075	82	54211	2711	542	2711	542
15075	83	54872	2744	549	2744	549
15075	84	55533	2777	555	2777	555
15075	85	56194	2810	562	2810	562
15075	86	56856	2843	569	2843	569
15075	87	57517	2876	575	2876	575
15075	88	58178	2909	582	2909	582
15075	89	58839	2942	588	2942	588
15075	90	59500	2975	595	2975	595
15075	91	60161	3008	602	3008	602
15075	92	60822	3041	608	3041	608
15075	93	61483	3074	615	3074	615
15075	94	62144	3107	621	3107	621
15075	95	62806	3140	628	3140	628
15075	96	63467	3173	635	3173	635
15075	97	64128	3206	641	3206	641
15075	98	64789	3239	648	3239	648
15075	99	65450	3273	655	3273	655
15075	100	66111	3306	661	3306	661
15076	1	661	33	7	33	7
15076	2	1322	66	13	66	13
15076	3	1983	99	20	99	20
15076	4	2644	132	26	132	26
15076	5	3306	165	33	165	33
15076	6	3967	198	40	198	40
15076	7	4628	231	46	231	46
15076	8	5289	264	53	264	53
15076	9	5950	298	60	298	60
15076	10	6611	331	66	331	66
15076	11	7272	364	73	364	73
15076	12	7933	397	79	397	79
15076	13	8594	430	86	430	86
15076	14	9256	463	93	463	93
15076	15	9917	496	99	496	99
15076	16	10578	529	106	529	106
15076	17	11239	562	112	562	112
15076	18	11900	595	119	595	119
15076	19	12561	628	126	628	126
15076	20	13222	661	132	661	132
15076	21	13883	694	139	694	139
15076	22	14544	727	145	727	145
15076	23	15206	760	152	760	152
15076	24	15867	793	159	793	159
15076	25	16528	826	165	826	165
15076	26	17189	859	172	859	172
15076	27	17850	893	179	893	179
15076	28	18511	926	185	926	185
15076	29	19172	959	192	959	192
15076	30	19833	992	198	992	198
15076	31	20494	1025	205	1025	205
15076	32	21156	1058	212	1058	212
15076	33	21817	1091	218	1091	218
15076	34	22478	1124	225	1124	225
15076	35	23139	1157	231	1157	231
15076	36	23800	1190	238	1190	238
15076	37	24461	1223	245	1223	245
15076	38	25122	1256	251	1256	251
15076	39	25783	1289	258	1289	258
15076	40	26444	1322	264	1322	264
15076	41	27106	1355	271	1355	271
15076	42	27767	1388	278	1388	278
15076	43	28428	1421	284	1421	284
15076	44	29089	1454	291	1454	291
15076	45	29750	1488	298	1488	298
15076	46	30411	1521	304	1521	304
15076	47	31072	1554	311	1554	311
15076	48	31733	1587	317	1587	317
15076	49	32394	1620	324	1620	324
15076	50	33056	1653	331	1653	331
15076	51	33717	1686	337	1686	337
15076	52	34378	1719	344	1719	344
15076	53	35039	1752	350	1752	350
15076	54	35700	1785	357	1785	357
15076	55	36361	1818	364	1818	364
15076	56	37022	1851	370	1851	370
15076	57	37683	1884	377	1884	377
15076	58	38344	1917	383	1917	383
15076	59	39006	1950	390	1950	390
15076	60	39667	1983	397	1983	397
15076	61	40328	2016	403	2016	403
15076	62	40989	2049	410	2049	410
15076	63	41650	2083	417	2083	417
15076	64	42311	2116	423	2116	423
15076	65	42972	2149	430	2149	430
15076	66	43633	2182	436	2182	436
15076	67	44294	2215	443	2215	443
15076	68	44956	2248	450	2248	450
15076	69	45617	2281	456	2281	456
15076	70	46278	2314	463	2314	463
15076	71	46939	2347	469	2347	469
15076	72	47600	2380	476	2380	476
15076	73	48261	2413	483	2413	483
15076	74	48922	2446	489	2446	489
15076	75	49583	2479	496	2479	496
15076	76	50244	2512	502	2512	502
15076	77	50906	2545	509	2545	509
15076	78	51567	2578	516	2578	516
15076	79	52228	2611	522	2611	522
15076	80	52889	2644	529	2644	529
15076	81	53550	2678	536	2678	536
15076	82	54211	2711	542	2711	542
15076	83	54872	2744	549	2744	549
15076	84	55533	2777	555	2777	555
15076	85	56194	2810	562	2810	562
15076	86	56856	2843	569	2843	569
15076	87	57517	2876	575	2876	575
15076	88	58178	2909	582	2909	582
15076	89	58839	2942	588	2942	588
15076	90	59500	2975	595	2975	595
15076	91	60161	3008	602	3008	602
15076	92	60822	3041	608	3041	608
15076	93	61483	3074	615	3074	615
15076	94	62144	3107	621	3107	621
15076	95	62806	3140	628	3140	628
15076	96	63467	3173	635	3173	635
15076	97	64128	3206	641	3206	641
15076	98	64789	3239	648	3239	648
15076	99	65450	3273	655	3273	655
15076	100	66111	3306	661	3306	661
15077	1	661	33	7	33	7
15077	2	1322	66	13	66	13
15077	3	1983	99	20	99	20
15077	4	2644	132	26	132	26
15077	5	3306	165	33	165	33
15077	6	3967	198	40	198	40
15077	7	4628	231	46	231	46
15077	8	5289	264	53	264	53
15077	9	5950	298	60	298	60
15077	10	6611	331	66	331	66
15077	11	7272	364	73	364	73
15077	12	7933	397	79	397	79
15077	13	8594	430	86	430	86
15077	14	9256	463	93	463	93
15077	15	9917	496	99	496	99
15077	16	10578	529	106	529	106
15077	17	11239	562	112	562	112
15077	18	11900	595	119	595	119
15077	19	12561	628	126	628	126
15077	20	13222	661	132	661	132
15077	21	13883	694	139	694	139
15077	22	14544	727	145	727	145
15077	23	15206	760	152	760	152
15077	24	15867	793	159	793	159
15077	25	16528	826	165	826	165
15077	26	17189	859	172	859	172
15077	27	17850	893	179	893	179
15077	28	18511	926	185	926	185
15077	29	19172	959	192	959	192
15077	30	19833	992	198	992	198
15077	31	20494	1025	205	1025	205
15077	32	21156	1058	212	1058	212
15077	33	21817	1091	218	1091	218
15077	34	22478	1124	225	1124	225
15077	35	23139	1157	231	1157	231
15077	36	23800	1190	238	1190	238
15077	37	24461	1223	245	1223	245
15077	38	25122	1256	251	1256	251
15077	39	25783	1289	258	1289	258
15077	40	26444	1322	264	1322	264
15077	41	27106	1355	271	1355	271
15077	42	27767	1388	278	1388	278
15077	43	28428	1421	284	1421	284
15077	44	29089	1454	291	1454	291
15077	45	29750	1488	298	1488	298
15077	46	30411	1521	304	1521	304
15077	47	31072	1554	311	1554	311
15077	48	31733	1587	317	1587	317
15077	49	32394	1620	324	1620	324
15077	50	33056	1653	331	1653	331
15077	51	33717	1686	337	1686	337
15077	52	34378	1719	344	1719	344
15077	53	35039	1752	350	1752	350
15077	54	35700	1785	357	1785	357
15077	55	36361	1818	364	1818	364
15077	56	37022	1851	370	1851	370
15077	57	37683	1884	377	1884	377
15077	58	38344	1917	383	1917	383
15077	59	39006	1950	390	1950	390
15077	60	39667	1983	397	1983	397
15077	61	40328	2016	403	2016	403
15077	62	40989	2049	410	2049	410
15077	63	41650	2083	417	2083	417
15077	64	42311	2116	423	2116	423
15077	65	42972	2149	430	2149	430
15077	66	43633	2182	436	2182	436
15077	67	44294	2215	443	2215	443
15077	68	44956	2248	450	2248	450
15077	69	45617	2281	456	2281	456
15077	70	46278	2314	463	2314	463
15077	71	46939	2347	469	2347	469
15077	72	47600	2380	476	2380	476
15077	73	48261	2413	483	2413	483
15077	74	48922	2446	489	2446	489
15077	75	49583	2479	496	2479	496
15077	76	50244	2512	502	2512	502
15077	77	50906	2545	509	2545	509
15077	78	51567	2578	516	2578	516
15077	79	52228	2611	522	2611	522
15077	80	52889	2644	529	2644	529
15077	81	53550	2678	536	2678	536
15077	82	54211	2711	542	2711	542
15077	83	54872	2744	549	2744	549
15077	84	55533	2777	555	2777	555
15077	85	56194	2810	562	2810	562
15077	86	56856	2843	569	2843	569
15077	87	57517	2876	575	2876	575
15077	88	58178	2909	582	2909	582
15077	89	58839	2942	588	2942	588
15077	90	59500	2975	595	2975	595
15077	91	60161	3008	602	3008	602
15077	92	60822	3041	608	3041	608
15077	93	61483	3074	615	3074	615
15077	94	62144	3107	621	3107	621
15077	95	62806	3140	628	3140	628
15077	96	63467	3173	635	3173	635
15077	97	64128	3206	641	3206	641
15077	98	64789	3239	648	3239	648
15077	99	65450	3273	655	3273	655
15077	100	66111	3306	661	3306	661
15078	1	661	33	7	33	7
15078	2	1322	66	13	66	13
15078	3	1983	99	20	99	20
15078	4	2644	132	26	132	26
15078	5	3306	165	33	165	33
15078	6	3967	198	40	198	40
15078	7	4628	231	46	231	46
15078	8	5289	264	53	264	53
15078	9	5950	298	60	298	60
15078	10	6611	331	66	331	66
15078	11	7272	364	73	364	73
15078	12	7933	397	79	397	79
15078	13	8594	430	86	430	86
15078	14	9256	463	93	463	93
15078	15	9917	496	99	496	99
15078	16	10578	529	106	529	106
15078	17	11239	562	112	562	112
15078	18	11900	595	119	595	119
15078	19	12561	628	126	628	126
15078	20	13222	661	132	661	132
15078	21	13883	694	139	694	139
15078	22	14544	727	145	727	145
15078	23	15206	760	152	760	152
15078	24	15867	793	159	793	159
15078	25	16528	826	165	826	165
15078	26	17189	859	172	859	172
15078	27	17850	893	179	893	179
15078	28	18511	926	185	926	185
15078	29	19172	959	192	959	192
15078	30	19833	992	198	992	198
15078	31	20494	1025	205	1025	205
15078	32	21156	1058	212	1058	212
15078	33	21817	1091	218	1091	218
15078	34	22478	1124	225	1124	225
15078	35	23139	1157	231	1157	231
15078	36	23800	1190	238	1190	238
15078	37	24461	1223	245	1223	245
15078	38	25122	1256	251	1256	251
15078	39	25783	1289	258	1289	258
15078	40	26444	1322	264	1322	264
15078	41	27106	1355	271	1355	271
15078	42	27767	1388	278	1388	278
15078	43	28428	1421	284	1421	284
15078	44	29089	1454	291	1454	291
15078	45	29750	1488	298	1488	298
15078	46	30411	1521	304	1521	304
15078	47	31072	1554	311	1554	311
15078	48	31733	1587	317	1587	317
15078	49	32394	1620	324	1620	324
15078	50	33056	1653	331	1653	331
15078	51	33717	1686	337	1686	337
15078	52	34378	1719	344	1719	344
15078	53	35039	1752	350	1752	350
15078	54	35700	1785	357	1785	357
15078	55	36361	1818	364	1818	364
15078	56	37022	1851	370	1851	370
15078	57	37683	1884	377	1884	377
15078	58	38344	1917	383	1917	383
15078	59	39006	1950	390	1950	390
15078	60	39667	1983	397	1983	397
15078	61	40328	2016	403	2016	403
15078	62	40989	2049	410	2049	410
15078	63	41650	2083	417	2083	417
15078	64	42311	2116	423	2116	423
15078	65	42972	2149	430	2149	430
15078	66	43633	2182	436	2182	436
15078	67	44294	2215	443	2215	443
15078	68	44956	2248	450	2248	450
15078	69	45617	2281	456	2281	456
15078	70	46278	2314	463	2314	463
15078	71	46939	2347	469	2347	469
15078	72	47600	2380	476	2380	476
15078	73	48261	2413	483	2413	483
15078	74	48922	2446	489	2446	489
15078	75	49583	2479	496	2479	496
15078	76	50244	2512	502	2512	502
15078	77	50906	2545	509	2545	509
15078	78	51567	2578	516	2578	516
15078	79	52228	2611	522	2611	522
15078	80	52889	2644	529	2644	529
15078	81	53550	2678	536	2678	536
15078	82	54211	2711	542	2711	542
15078	83	54872	2744	549	2744	549
15078	84	55533	2777	555	2777	555
15078	85	56194	2810	562	2810	562
15078	86	56856	2843	569	2843	569
15078	87	57517	2876	575	2876	575
15078	88	58178	2909	582	2909	582
15078	89	58839	2942	588	2942	588
15078	90	59500	2975	595	2975	595
15078	91	60161	3008	602	3008	602
15078	92	60822	3041	608	3041	608
15078	93	61483	3074	615	3074	615
15078	94	62144	3107	621	3107	621
15078	95	62806	3140	628	3140	628
15078	96	63467	3173	635	3173	635
15078	97	64128	3206	641	3206	641
15078	98	64789	3239	648	3239	648
15078	99	65450	3273	655	3273	655
15078	100	66111	3306	661	3306	661
15165	1	992	33	7	33	7
15165	2	1983	66	13	66	13
15165	3	2975	99	20	99	20
15165	4	3966	132	26	132	26
15165	5	4959	165	33	165	33
15165	6	5951	198	40	198	40
15165	7	6942	231	46	231	46
15165	8	7934	264	53	264	53
15165	9	8925	298	60	298	60
15165	10	9917	331	66	331	66
15165	11	10908	364	73	364	73
15165	12	11900	397	79	397	79
15165	13	12891	430	86	430	86
15165	14	13884	463	93	463	93
15165	15	14876	496	99	496	99
15165	16	15867	529	106	529	106
15165	17	16859	562	112	562	112
15165	18	17850	595	119	595	119
15165	19	18842	628	126	628	126
15165	20	19833	661	132	661	132
15165	21	20825	694	139	694	139
15165	22	21816	727	145	727	145
15165	23	22809	760	152	760	152
15165	24	23801	793	159	793	159
15165	25	24792	826	165	826	165
15165	26	25784	859	172	859	172
15165	27	26775	893	179	893	179
15165	28	27767	926	185	926	185
15165	29	28758	959	192	959	192
15165	30	29750	992	198	992	198
15165	31	30741	1025	205	1025	205
15165	32	31734	1058	212	1058	212
15165	33	32726	1091	218	1091	218
15165	34	33717	1124	225	1124	225
15165	35	34709	1157	231	1157	231
15165	36	35700	1190	238	1190	238
15165	37	36692	1223	245	1223	245
15165	38	37683	1256	251	1256	251
15165	39	38675	1289	258	1289	258
15165	40	39666	1322	264	1322	264
15165	41	40659	1355	271	1355	271
15165	42	41651	1388	278	1388	278
15165	43	42642	1421	284	1421	284
15165	44	43634	1454	291	1454	291
15165	45	44625	1488	298	1488	298
15165	46	45617	1521	304	1521	304
15165	47	46608	1554	311	1554	311
15165	48	47600	1587	317	1587	317
15165	49	48591	1620	324	1620	324
15165	50	49584	1653	331	1653	331
15165	51	50576	1686	337	1686	337
15165	52	51567	1719	344	1719	344
15165	53	52559	1752	350	1752	350
15165	54	53550	1785	357	1785	357
15165	55	54542	1818	364	1818	364
15165	56	55533	1851	370	1851	370
15165	57	56525	1884	377	1884	377
15165	58	57516	1917	383	1917	383
15165	59	58509	1950	390	1950	390
15165	60	59501	1983	397	1983	397
15165	61	60492	2016	403	2016	403
15165	62	61484	2049	410	2049	410
15165	63	62475	2083	417	2083	417
15165	64	63467	2116	423	2116	423
15165	65	64458	2149	430	2149	430
15165	66	65450	2182	436	2182	436
15165	67	66441	2215	443	2215	443
15165	68	67434	2248	450	2248	450
15165	69	68426	2281	456	2281	456
15165	70	69417	2314	463	2314	463
15165	71	70409	2347	469	2347	469
15165	72	71400	2380	476	2380	476
15165	73	72392	2413	483	2413	483
15165	74	73383	2446	489	2446	489
15165	75	74375	2479	496	2479	496
15165	76	75366	2512	502	2512	502
15165	77	76359	2545	509	2545	509
15165	78	77351	2578	516	2578	516
15165	79	78342	2611	522	2611	522
15165	80	79334	2644	529	2644	529
15165	81	80325	2678	536	2678	536
15165	82	81317	2711	542	2711	542
15165	83	82308	2744	549	2744	549
15165	84	83300	2777	555	2777	555
15165	85	84291	2810	562	2810	562
15165	86	85284	2843	569	2843	569
15165	87	86276	2876	575	2876	575
15165	88	87267	2909	582	2909	582
15165	89	88259	2942	588	2942	588
15165	90	89250	2975	595	2975	595
15165	91	90242	3008	602	3008	602
15165	92	91233	3041	608	3041	608
15165	93	92225	3074	615	3074	615
15165	94	93216	3107	621	3107	621
15165	95	94209	3140	628	3140	628
15165	96	95201	3173	635	3173	635
15165	97	96192	3206	641	3206	641
15165	98	97184	3239	648	3239	648
15165	99	98175	3273	655	3273	655
15165	100	99167	3306	661	3306	661
15166	1	992	33	7	33	7
15166	2	1983	66	13	66	13
15166	3	2975	99	20	99	20
15166	4	3966	132	26	132	26
15166	5	4959	165	33	165	33
15166	6	5951	198	40	198	40
15166	7	6942	231	46	231	46
15166	8	7934	264	53	264	53
15166	9	8925	298	60	298	60
15166	10	9917	331	66	331	66
15166	11	10908	364	73	364	73
15166	12	11900	397	79	397	79
15166	13	12891	430	86	430	86
15166	14	13884	463	93	463	93
15166	15	14876	496	99	496	99
15166	16	15867	529	106	529	106
15166	17	16859	562	112	562	112
15166	18	17850	595	119	595	119
15166	19	18842	628	126	628	126
15166	20	19833	661	132	661	132
15166	21	20825	694	139	694	139
15166	22	21816	727	145	727	145
15166	23	22809	760	152	760	152
15166	24	23801	793	159	793	159
15166	25	24792	826	165	826	165
15166	26	25784	859	172	859	172
15166	27	26775	893	179	893	179
15166	28	27767	926	185	926	185
15166	29	28758	959	192	959	192
15166	30	29750	992	198	992	198
15166	31	30741	1025	205	1025	205
15166	32	31734	1058	212	1058	212
15166	33	32726	1091	218	1091	218
15166	34	33717	1124	225	1124	225
15166	35	34709	1157	231	1157	231
15166	36	35700	1190	238	1190	238
15166	37	36692	1223	245	1223	245
15166	38	37683	1256	251	1256	251
15166	39	38675	1289	258	1289	258
15166	40	39666	1322	264	1322	264
15166	41	40659	1355	271	1355	271
15166	42	41651	1388	278	1388	278
15166	43	42642	1421	284	1421	284
15166	44	43634	1454	291	1454	291
15166	45	44625	1488	298	1488	298
15166	46	45617	1521	304	1521	304
15166	47	46608	1554	311	1554	311
15166	48	47600	1587	317	1587	317
15166	49	48591	1620	324	1620	324
15166	50	49584	1653	331	1653	331
15166	51	50576	1686	337	1686	337
15166	52	51567	1719	344	1719	344
15166	53	52559	1752	350	1752	350
15166	54	53550	1785	357	1785	357
15166	55	54542	1818	364	1818	364
15166	56	55533	1851	370	1851	370
15166	57	56525	1884	377	1884	377
15166	58	57516	1917	383	1917	383
15166	59	58509	1950	390	1950	390
15166	60	59501	1983	397	1983	397
15166	61	60492	2016	403	2016	403
15166	62	61484	2049	410	2049	410
15166	63	62475	2083	417	2083	417
15166	64	63467	2116	423	2116	423
15166	65	64458	2149	430	2149	430
15166	66	65450	2182	436	2182	436
15166	67	66441	2215	443	2215	443
15166	68	67434	2248	450	2248	450
15166	69	68426	2281	456	2281	456
15166	70	69417	2314	463	2314	463
15166	71	70409	2347	469	2347	469
15166	72	71400	2380	476	2380	476
15166	73	72392	2413	483	2413	483
15166	74	73383	2446	489	2446	489
15166	75	74375	2479	496	2479	496
15166	76	75366	2512	502	2512	502
15166	77	76359	2545	509	2545	509
15166	78	77351	2578	516	2578	516
15166	79	78342	2611	522	2611	522
15166	80	79334	2644	529	2644	529
15166	81	80325	2678	536	2678	536
15166	82	81317	2711	542	2711	542
15166	83	82308	2744	549	2744	549
15166	84	83300	2777	555	2777	555
15166	85	84291	2810	562	2810	562
15166	86	85284	2843	569	2843	569
15166	87	86276	2876	575	2876	575
15166	88	87267	2909	582	2909	582
15166	89	88259	2942	588	2942	588
15166	90	89250	2975	595	2975	595
15166	91	90242	3008	602	3008	602
15166	92	91233	3041	608	3041	608
15166	93	92225	3074	615	3074	615
15166	94	93216	3107	621	3107	621
15166	95	94209	3140	628	3140	628
15166	96	95201	3173	635	3173	635
15166	97	96192	3206	641	3206	641
15166	98	97184	3239	648	3239	648
15166	99	98175	3273	655	3273	655
15166	100	99167	3306	661	3306	661
15167	1	992	33	7	33	7
15167	2	1983	66	13	66	13
15167	3	2975	99	20	99	20
15167	4	3966	132	26	132	26
15167	5	4959	165	33	165	33
15167	6	5951	198	40	198	40
15167	7	6942	231	46	231	46
15167	8	7934	264	53	264	53
15167	9	8925	298	60	298	60
15167	10	9917	331	66	331	66
15167	11	10908	364	73	364	73
15167	12	11900	397	79	397	79
15167	13	12891	430	86	430	86
15167	14	13884	463	93	463	93
15167	15	14876	496	99	496	99
15167	16	15867	529	106	529	106
15167	17	16859	562	112	562	112
15167	18	17850	595	119	595	119
15167	19	18842	628	126	628	126
15167	20	19833	661	132	661	132
15167	21	20825	694	139	694	139
15167	22	21816	727	145	727	145
15167	23	22809	760	152	760	152
15167	24	23801	793	159	793	159
15167	25	24792	826	165	826	165
15167	26	25784	859	172	859	172
15167	27	26775	893	179	893	179
15167	28	27767	926	185	926	185
15167	29	28758	959	192	959	192
15167	30	29750	992	198	992	198
15167	31	30741	1025	205	1025	205
15167	32	31734	1058	212	1058	212
15167	33	32726	1091	218	1091	218
15167	34	33717	1124	225	1124	225
15167	35	34709	1157	231	1157	231
15167	36	35700	1190	238	1190	238
15167	37	36692	1223	245	1223	245
15167	38	37683	1256	251	1256	251
15167	39	38675	1289	258	1289	258
15167	40	39666	1322	264	1322	264
15167	41	40659	1355	271	1355	271
15167	42	41651	1388	278	1388	278
15167	43	42642	1421	284	1421	284
15167	44	43634	1454	291	1454	291
15167	45	44625	1488	298	1488	298
15167	46	45617	1521	304	1521	304
15167	47	46608	1554	311	1554	311
15167	48	47600	1587	317	1587	317
15167	49	48591	1620	324	1620	324
15167	50	49584	1653	331	1653	331
15167	51	50576	1686	337	1686	337
15167	52	51567	1719	344	1719	344
15167	53	52559	1752	350	1752	350
15167	54	53550	1785	357	1785	357
15167	55	54542	1818	364	1818	364
15167	56	55533	1851	370	1851	370
15167	57	56525	1884	377	1884	377
15167	58	57516	1917	383	1917	383
15167	59	58509	1950	390	1950	390
15167	60	59501	1983	397	1983	397
15167	61	60492	2016	403	2016	403
15167	62	61484	2049	410	2049	410
15167	63	62475	2083	417	2083	417
15167	64	63467	2116	423	2116	423
15167	65	64458	2149	430	2149	430
15167	66	65450	2182	436	2182	436
15167	67	66441	2215	443	2215	443
15167	68	67434	2248	450	2248	450
15167	69	68426	2281	456	2281	456
15167	70	69417	2314	463	2314	463
15167	71	70409	2347	469	2347	469
15167	72	71400	2380	476	2380	476
15167	73	72392	2413	483	2413	483
15167	74	73383	2446	489	2446	489
15167	75	74375	2479	496	2479	496
15167	76	75366	2512	502	2512	502
15167	77	76359	2545	509	2545	509
15167	78	77351	2578	516	2578	516
15167	79	78342	2611	522	2611	522
15167	80	79334	2644	529	2644	529
15167	81	80325	2678	536	2678	536
15167	82	81317	2711	542	2711	542
15167	83	82308	2744	549	2744	549
15167	84	83300	2777	555	2777	555
15167	85	84291	2810	562	2810	562
15167	86	85284	2843	569	2843	569
15167	87	86276	2876	575	2876	575
15167	88	87267	2909	582	2909	582
15167	89	88259	2942	588	2942	588
15167	90	89250	2975	595	2975	595
15167	91	90242	3008	602	3008	602
15167	92	91233	3041	608	3041	608
15167	93	92225	3074	615	3074	615
15167	94	93216	3107	621	3107	621
15167	95	94209	3140	628	3140	628
15167	96	95201	3173	635	3173	635
15167	97	96192	3206	641	3206	641
15167	98	97184	3239	648	3239	648
15167	99	98175	3273	655	3273	655
15167	100	99167	3306	661	3306	661
15168	1	992	33	7	33	7
15168	2	1983	66	13	66	13
15168	3	2975	99	20	99	20
15168	4	3966	132	26	132	26
15168	5	4959	165	33	165	33
15168	6	5951	198	40	198	40
15168	7	6942	231	46	231	46
15168	8	7934	264	53	264	53
15168	9	8925	298	60	298	60
15168	10	9917	331	66	331	66
15168	11	10908	364	73	364	73
15168	12	11900	397	79	397	79
15168	13	12891	430	86	430	86
15168	14	13884	463	93	463	93
15168	15	14876	496	99	496	99
15168	16	15867	529	106	529	106
15168	17	16859	562	112	562	112
15168	18	17850	595	119	595	119
15168	19	18842	628	126	628	126
15168	20	19833	661	132	661	132
15168	21	20825	694	139	694	139
15168	22	21816	727	145	727	145
15168	23	22809	760	152	760	152
15168	24	23801	793	159	793	159
15168	25	24792	826	165	826	165
15168	26	25784	859	172	859	172
15168	27	26775	893	179	893	179
15168	28	27767	926	185	926	185
15168	29	28758	959	192	959	192
15168	30	29750	992	198	992	198
15168	31	30741	1025	205	1025	205
15168	32	31734	1058	212	1058	212
15168	33	32726	1091	218	1091	218
15168	34	33717	1124	225	1124	225
15168	35	34709	1157	231	1157	231
15168	36	35700	1190	238	1190	238
15168	37	36692	1223	245	1223	245
15168	38	37683	1256	251	1256	251
15168	39	38675	1289	258	1289	258
15168	40	39666	1322	264	1322	264
15168	41	40659	1355	271	1355	271
15168	42	41651	1388	278	1388	278
15168	43	42642	1421	284	1421	284
15168	44	43634	1454	291	1454	291
15168	45	44625	1488	298	1488	298
15168	46	45617	1521	304	1521	304
15168	47	46608	1554	311	1554	311
15168	48	47600	1587	317	1587	317
15168	49	48591	1620	324	1620	324
15168	50	49584	1653	331	1653	331
15168	51	50576	1686	337	1686	337
15168	52	51567	1719	344	1719	344
15168	53	52559	1752	350	1752	350
15168	54	53550	1785	357	1785	357
15168	55	54542	1818	364	1818	364
15168	56	55533	1851	370	1851	370
15168	57	56525	1884	377	1884	377
15168	58	57516	1917	383	1917	383
15168	59	58509	1950	390	1950	390
15168	60	59501	1983	397	1983	397
15168	61	60492	2016	403	2016	403
15168	62	61484	2049	410	2049	410
15168	63	62475	2083	417	2083	417
15168	64	63467	2116	423	2116	423
15168	65	64458	2149	430	2149	430
15168	66	65450	2182	436	2182	436
15168	67	66441	2215	443	2215	443
15168	68	67434	2248	450	2248	450
15168	69	68426	2281	456	2281	456
15168	70	69417	2314	463	2314	463
15168	71	70409	2347	469	2347	469
15168	72	71400	2380	476	2380	476
15168	73	72392	2413	483	2413	483
15168	74	73383	2446	489	2446	489
15168	75	74375	2479	496	2479	496
15168	76	75366	2512	502	2512	502
15168	77	76359	2545	509	2545	509
15168	78	77351	2578	516	2578	516
15168	79	78342	2611	522	2611	522
15168	80	79334	2644	529	2644	529
15168	81	80325	2678	536	2678	536
15168	82	81317	2711	542	2711	542
15168	83	82308	2744	549	2744	549
15168	84	83300	2777	555	2777	555
15168	85	84291	2810	562	2810	562
15168	86	85284	2843	569	2843	569
15168	87	86276	2876	575	2876	575
15168	88	87267	2909	582	2909	582
15168	89	88259	2942	588	2942	588
15168	90	89250	2975	595	2975	595
15168	91	90242	3008	602	3008	602
15168	92	91233	3041	608	3041	608
15168	93	92225	3074	615	3074	615
15168	94	93216	3107	621	3107	621
15168	95	94209	3140	628	3140	628
15168	96	95201	3173	635	3173	635
15168	97	96192	3206	641	3206	641
15168	98	97184	3239	648	3239	648
15168	99	98175	3273	655	3273	655
15168	100	99167	3306	661	3306	661
15169	1	992	33	7	33	7
15169	2	1983	66	13	66	13
15169	3	2975	99	20	99	20
15169	4	3966	132	26	132	26
15169	5	4959	165	33	165	33
15169	6	5951	198	40	198	40
15169	7	6942	231	46	231	46
15169	8	7934	264	53	264	53
15169	9	8925	298	60	298	60
15169	10	9917	331	66	331	66
15169	11	10908	364	73	364	73
15169	12	11900	397	79	397	79
15169	13	12891	430	86	430	86
15169	14	13884	463	93	463	93
15169	15	14876	496	99	496	99
15169	16	15867	529	106	529	106
15169	17	16859	562	112	562	112
15169	18	17850	595	119	595	119
15169	19	18842	628	126	628	126
15169	20	19833	661	132	661	132
15169	21	20825	694	139	694	139
15169	22	21816	727	145	727	145
15169	23	22809	760	152	760	152
15169	24	23801	793	159	793	159
15169	25	24792	826	165	826	165
15169	26	25784	859	172	859	172
15169	27	26775	893	179	893	179
15169	28	27767	926	185	926	185
15169	29	28758	959	192	959	192
15169	30	29750	992	198	992	198
15169	31	30741	1025	205	1025	205
15169	32	31734	1058	212	1058	212
15169	33	32726	1091	218	1091	218
15169	34	33717	1124	225	1124	225
15169	35	34709	1157	231	1157	231
15169	36	35700	1190	238	1190	238
15169	37	36692	1223	245	1223	245
15169	38	37683	1256	251	1256	251
15169	39	38675	1289	258	1289	258
15169	40	39666	1322	264	1322	264
15169	41	40659	1355	271	1355	271
15169	42	41651	1388	278	1388	278
15169	43	42642	1421	284	1421	284
15169	44	43634	1454	291	1454	291
15169	45	44625	1488	298	1488	298
15169	46	45617	1521	304	1521	304
15169	47	46608	1554	311	1554	311
15169	48	47600	1587	317	1587	317
15169	49	48591	1620	324	1620	324
15169	50	49584	1653	331	1653	331
15169	51	50576	1686	337	1686	337
15169	52	51567	1719	344	1719	344
15169	53	52559	1752	350	1752	350
15169	54	53550	1785	357	1785	357
15169	55	54542	1818	364	1818	364
15169	56	55533	1851	370	1851	370
15169	57	56525	1884	377	1884	377
15169	58	57516	1917	383	1917	383
15169	59	58509	1950	390	1950	390
15169	60	59501	1983	397	1983	397
15169	61	60492	2016	403	2016	403
15169	62	61484	2049	410	2049	410
15169	63	62475	2083	417	2083	417
15169	64	63467	2116	423	2116	423
15169	65	64458	2149	430	2149	430
15169	66	65450	2182	436	2182	436
15169	67	66441	2215	443	2215	443
15169	68	67434	2248	450	2248	450
15169	69	68426	2281	456	2281	456
15169	70	69417	2314	463	2314	463
15169	71	70409	2347	469	2347	469
15169	72	71400	2380	476	2380	476
15169	73	72392	2413	483	2413	483
15169	74	73383	2446	489	2446	489
15169	75	74375	2479	496	2479	496
15169	76	75366	2512	502	2512	502
15169	77	76359	2545	509	2545	509
15169	78	77351	2578	516	2578	516
15169	79	78342	2611	522	2611	522
15169	80	79334	2644	529	2644	529
15169	81	80325	2678	536	2678	536
15169	82	81317	2711	542	2711	542
15169	83	82308	2744	549	2744	549
15169	84	83300	2777	555	2777	555
15169	85	84291	2810	562	2810	562
15169	86	85284	2843	569	2843	569
15169	87	86276	2876	575	2876	575
15169	88	87267	2909	582	2909	582
15169	89	88259	2942	588	2942	588
15169	90	89250	2975	595	2975	595
15169	91	90242	3008	602	3008	602
15169	92	91233	3041	608	3041	608
15169	93	92225	3074	615	3074	615
15169	94	93216	3107	621	3107	621
15169	95	94209	3140	628	3140	628
15169	96	95201	3173	635	3173	635
15169	97	96192	3206	641	3206	641
15169	98	97184	3239	648	3239	648
15169	99	98175	3273	655	3273	655
15169	100	99167	3306	661	3306	661
15170	1	992	33	7	33	7
15170	2	1983	66	13	66	13
15170	3	2975	99	20	99	20
15170	4	3966	132	26	132	26
15170	5	4959	165	33	165	33
15170	6	5951	198	40	198	40
15170	7	6942	231	46	231	46
15170	8	7934	264	53	264	53
15170	9	8925	298	60	298	60
15170	10	9917	331	66	331	66
15170	11	10908	364	73	364	73
15170	12	11900	397	79	397	79
15170	13	12891	430	86	430	86
15170	14	13884	463	93	463	93
15170	15	14876	496	99	496	99
15170	16	15867	529	106	529	106
15170	17	16859	562	112	562	112
15170	18	17850	595	119	595	119
15170	19	18842	628	126	628	126
15170	20	19833	661	132	661	132
15170	21	20825	694	139	694	139
15170	22	21816	727	145	727	145
15170	23	22809	760	152	760	152
15170	24	23801	793	159	793	159
15170	25	24792	826	165	826	165
15170	26	25784	859	172	859	172
15170	27	26775	893	179	893	179
15170	28	27767	926	185	926	185
15170	29	28758	959	192	959	192
15170	30	29750	992	198	992	198
15170	31	30741	1025	205	1025	205
15170	32	31734	1058	212	1058	212
15170	33	32726	1091	218	1091	218
15170	34	33717	1124	225	1124	225
15170	35	34709	1157	231	1157	231
15170	36	35700	1190	238	1190	238
15170	37	36692	1223	245	1223	245
15170	38	37683	1256	251	1256	251
15170	39	38675	1289	258	1289	258
15170	40	39666	1322	264	1322	264
15170	41	40659	1355	271	1355	271
15170	42	41651	1388	278	1388	278
15170	43	42642	1421	284	1421	284
15170	44	43634	1454	291	1454	291
15170	45	44625	1488	298	1488	298
15170	46	45617	1521	304	1521	304
15170	47	46608	1554	311	1554	311
15170	48	47600	1587	317	1587	317
15170	49	48591	1620	324	1620	324
15170	50	49584	1653	331	1653	331
15170	51	50576	1686	337	1686	337
15170	52	51567	1719	344	1719	344
15170	53	52559	1752	350	1752	350
15170	54	53550	1785	357	1785	357
15170	55	54542	1818	364	1818	364
15170	56	55533	1851	370	1851	370
15170	57	56525	1884	377	1884	377
15170	58	57516	1917	383	1917	383
15170	59	58509	1950	390	1950	390
15170	60	59501	1983	397	1983	397
15170	61	60492	2016	403	2016	403
15170	62	61484	2049	410	2049	410
15170	63	62475	2083	417	2083	417
15170	64	63467	2116	423	2116	423
15170	65	64458	2149	430	2149	430
15170	66	65450	2182	436	2182	436
15170	67	66441	2215	443	2215	443
15170	68	67434	2248	450	2248	450
15170	69	68426	2281	456	2281	456
15170	70	69417	2314	463	2314	463
15170	71	70409	2347	469	2347	469
15170	72	71400	2380	476	2380	476
15170	73	72392	2413	483	2413	483
15170	74	73383	2446	489	2446	489
15170	75	74375	2479	496	2479	496
15170	76	75366	2512	502	2512	502
15170	77	76359	2545	509	2545	509
15170	78	77351	2578	516	2578	516
15170	79	78342	2611	522	2611	522
15170	80	79334	2644	529	2644	529
15170	81	80325	2678	536	2678	536
15170	82	81317	2711	542	2711	542
15170	83	82308	2744	549	2744	549
15170	84	83300	2777	555	2777	555
15170	85	84291	2810	562	2810	562
15170	86	85284	2843	569	2843	569
15170	87	86276	2876	575	2876	575
15170	88	87267	2909	582	2909	582
15170	89	88259	2942	588	2942	588
15170	90	89250	2975	595	2975	595
15170	91	90242	3008	602	3008	602
15170	92	91233	3041	608	3041	608
15170	93	92225	3074	615	3074	615
15170	94	93216	3107	621	3107	621
15170	95	94209	3140	628	3140	628
15170	96	95201	3173	635	3173	635
15170	97	96192	3206	641	3206	641
15170	98	97184	3239	648	3239	648
15170	99	98175	3273	655	3273	655
15170	100	99167	3306	661	3306	661
15171	1	992	33	7	33	7
15171	2	1983	66	13	66	13
15171	3	2975	99	20	99	20
15171	4	3966	132	26	132	26
15171	5	4959	165	33	165	33
15171	6	5951	198	40	198	40
15171	7	6942	231	46	231	46
15171	8	7934	264	53	264	53
15171	9	8925	298	60	298	60
15171	10	9917	331	66	331	66
15171	11	10908	364	73	364	73
15171	12	11900	397	79	397	79
15171	13	12891	430	86	430	86
15171	14	13884	463	93	463	93
15171	15	14876	496	99	496	99
15171	16	15867	529	106	529	106
15171	17	16859	562	112	562	112
15171	18	17850	595	119	595	119
15171	19	18842	628	126	628	126
15171	20	19833	661	132	661	132
15171	21	20825	694	139	694	139
15171	22	21816	727	145	727	145
15171	23	22809	760	152	760	152
15171	24	23801	793	159	793	159
15171	25	24792	826	165	826	165
15171	26	25784	859	172	859	172
15171	27	26775	893	179	893	179
15171	28	27767	926	185	926	185
15171	29	28758	959	192	959	192
15171	30	29750	992	198	992	198
15171	31	30741	1025	205	1025	205
15171	32	31734	1058	212	1058	212
15171	33	32726	1091	218	1091	218
15171	34	33717	1124	225	1124	225
15171	35	34709	1157	231	1157	231
15171	36	35700	1190	238	1190	238
15171	37	36692	1223	245	1223	245
15171	38	37683	1256	251	1256	251
15171	39	38675	1289	258	1289	258
15171	40	39666	1322	264	1322	264
15171	41	40659	1355	271	1355	271
15171	42	41651	1388	278	1388	278
15171	43	42642	1421	284	1421	284
15171	44	43634	1454	291	1454	291
15171	45	44625	1488	298	1488	298
15171	46	45617	1521	304	1521	304
15171	47	46608	1554	311	1554	311
15171	48	47600	1587	317	1587	317
15171	49	48591	1620	324	1620	324
15171	50	49584	1653	331	1653	331
15171	51	50576	1686	337	1686	337
15171	52	51567	1719	344	1719	344
15171	53	52559	1752	350	1752	350
15171	54	53550	1785	357	1785	357
15171	55	54542	1818	364	1818	364
15171	56	55533	1851	370	1851	370
15171	57	56525	1884	377	1884	377
15171	58	57516	1917	383	1917	383
15171	59	58509	1950	390	1950	390
15171	60	59501	1983	397	1983	397
15171	61	60492	2016	403	2016	403
15171	62	61484	2049	410	2049	410
15171	63	62475	2083	417	2083	417
15171	64	63467	2116	423	2116	423
15171	65	64458	2149	430	2149	430
15171	66	65450	2182	436	2182	436
15171	67	66441	2215	443	2215	443
15171	68	67434	2248	450	2248	450
15171	69	68426	2281	456	2281	456
15171	70	69417	2314	463	2314	463
15171	71	70409	2347	469	2347	469
15171	72	71400	2380	476	2380	476
15171	73	72392	2413	483	2413	483
15171	74	73383	2446	489	2446	489
15171	75	74375	2479	496	2479	496
15171	76	75366	2512	502	2512	502
15171	77	76359	2545	509	2545	509
15171	78	77351	2578	516	2578	516
15171	79	78342	2611	522	2611	522
15171	80	79334	2644	529	2644	529
15171	81	80325	2678	536	2678	536
15171	82	81317	2711	542	2711	542
15171	83	82308	2744	549	2744	549
15171	84	83300	2777	555	2777	555
15171	85	84291	2810	562	2810	562
15171	86	85284	2843	569	2843	569
15171	87	86276	2876	575	2876	575
15171	88	87267	2909	582	2909	582
15171	89	88259	2942	588	2942	588
15171	90	89250	2975	595	2975	595
15171	91	90242	3008	602	3008	602
15171	92	91233	3041	608	3041	608
15171	93	92225	3074	615	3074	615
15171	94	93216	3107	621	3107	621
15171	95	94209	3140	628	3140	628
15171	96	95201	3173	635	3173	635
15171	97	96192	3206	641	3206	641
15171	98	97184	3239	648	3239	648
15171	99	98175	3273	655	3273	655
15171	100	99167	3306	661	3306	661
15172	1	992	33	7	33	7
15172	2	1983	66	13	66	13
15172	3	2975	99	20	99	20
15172	4	3966	132	26	132	26
15172	5	4959	165	33	165	33
15172	6	5951	198	40	198	40
15172	7	6942	231	46	231	46
15172	8	7934	264	53	264	53
15172	9	8925	298	60	298	60
15172	10	9917	331	66	331	66
15172	11	10908	364	73	364	73
15172	12	11900	397	79	397	79
15172	13	12891	430	86	430	86
15172	14	13884	463	93	463	93
15172	15	14876	496	99	496	99
15172	16	15867	529	106	529	106
15172	17	16859	562	112	562	112
15172	18	17850	595	119	595	119
15172	19	18842	628	126	628	126
15172	20	19833	661	132	661	132
15172	21	20825	694	139	694	139
15172	22	21816	727	145	727	145
15172	23	22809	760	152	760	152
15172	24	23801	793	159	793	159
15172	25	24792	826	165	826	165
15172	26	25784	859	172	859	172
15172	27	26775	893	179	893	179
15172	28	27767	926	185	926	185
15172	29	28758	959	192	959	192
15172	30	29750	992	198	992	198
15172	31	30741	1025	205	1025	205
15172	32	31734	1058	212	1058	212
15172	33	32726	1091	218	1091	218
15172	34	33717	1124	225	1124	225
15172	35	34709	1157	231	1157	231
15172	36	35700	1190	238	1190	238
15172	37	36692	1223	245	1223	245
15172	38	37683	1256	251	1256	251
15172	39	38675	1289	258	1289	258
15172	40	39666	1322	264	1322	264
15172	41	40659	1355	271	1355	271
15172	42	41651	1388	278	1388	278
15172	43	42642	1421	284	1421	284
15172	44	43634	1454	291	1454	291
15172	45	44625	1488	298	1488	298
15172	46	45617	1521	304	1521	304
15172	47	46608	1554	311	1554	311
15172	48	47600	1587	317	1587	317
15172	49	48591	1620	324	1620	324
15172	50	49584	1653	331	1653	331
15172	51	50576	1686	337	1686	337
15172	52	51567	1719	344	1719	344
15172	53	52559	1752	350	1752	350
15172	54	53550	1785	357	1785	357
15172	55	54542	1818	364	1818	364
15172	56	55533	1851	370	1851	370
15172	57	56525	1884	377	1884	377
15172	58	57516	1917	383	1917	383
15172	59	58509	1950	390	1950	390
15172	60	59501	1983	397	1983	397
15172	61	60492	2016	403	2016	403
15172	62	61484	2049	410	2049	410
15172	63	62475	2083	417	2083	417
15172	64	63467	2116	423	2116	423
15172	65	64458	2149	430	2149	430
15172	66	65450	2182	436	2182	436
15172	67	66441	2215	443	2215	443
15172	68	67434	2248	450	2248	450
15172	69	68426	2281	456	2281	456
15172	70	69417	2314	463	2314	463
15172	71	70409	2347	469	2347	469
15172	72	71400	2380	476	2380	476
15172	73	72392	2413	483	2413	483
15172	74	73383	2446	489	2446	489
15172	75	74375	2479	496	2479	496
15172	76	75366	2512	502	2512	502
15172	77	76359	2545	509	2545	509
15172	78	77351	2578	516	2578	516
15172	79	78342	2611	522	2611	522
15172	80	79334	2644	529	2644	529
15172	81	80325	2678	536	2678	536
15172	82	81317	2711	542	2711	542
15172	83	82308	2744	549	2744	549
15172	84	83300	2777	555	2777	555
15172	85	84291	2810	562	2810	562
15172	86	85284	2843	569	2843	569
15172	87	86276	2876	575	2876	575
15172	88	87267	2909	582	2909	582
15172	89	88259	2942	588	2942	588
15172	90	89250	2975	595	2975	595
15172	91	90242	3008	602	3008	602
15172	92	91233	3041	608	3041	608
15172	93	92225	3074	615	3074	615
15172	94	93216	3107	621	3107	621
15172	95	94209	3140	628	3140	628
15172	96	95201	3173	635	3173	635
15172	97	96192	3206	641	3206	641
15172	98	97184	3239	648	3239	648
15172	99	98175	3273	655	3273	655
15172	100	99167	3306	661	3306	661
15173	1	331	66	11	66	4
15173	2	661	132	20	132	7
15173	3	992	198	30	198	10
15173	4	1322	264	39	264	13
15173	5	1653	330	50	330	17
15173	6	1984	396	60	396	20
15173	7	2314	462	69	462	23
15173	8	2645	528	80	528	27
15173	9	2975	596	90	596	30
15173	10	3306	662	99	662	33
15173	11	3636	728	110	728	37
15173	12	3967	794	119	794	40
15173	13	4297	860	129	860	43
15173	14	4628	926	140	926	47
15173	15	4959	992	149	992	50
15173	16	5289	1058	159	1058	53
15173	17	5620	1124	168	1124	56
15173	18	5950	1190	179	1190	60
15173	19	6281	1256	189	1256	63
15173	20	6611	1322	198	1322	66
15173	21	6942	1388	209	1388	70
15173	22	7272	1454	218	1454	73
15173	23	7603	1520	228	1520	76
15173	24	7934	1586	239	1586	80
15173	25	8264	1652	248	1652	83
15173	26	8595	1718	258	1718	86
15173	27	8925	1786	269	1786	90
15173	28	9256	1852	278	1852	93
15173	29	9586	1918	288	1918	96
15173	30	9917	1984	297	1984	99
15173	31	10247	2050	308	2050	103
15173	32	10578	2116	318	2116	106
15173	33	10909	2182	327	2182	109
15173	34	11239	2248	338	2248	113
15173	35	11570	2314	347	2314	116
15173	36	11900	2380	357	2380	119
15173	37	12231	2446	368	2446	123
15173	38	12561	2512	377	2512	126
15173	39	12892	2578	387	2578	129
15173	40	13222	2644	396	2644	132
15173	41	13553	2710	407	2710	136
15173	42	13884	2776	417	2776	139
15173	43	14214	2842	426	2842	142
15173	44	14545	2908	437	2908	146
15173	45	14875	2976	447	2976	149
15173	46	15206	3042	456	3042	152
15173	47	15536	3108	467	3108	156
15173	48	15867	3174	476	3174	159
15173	49	16197	3240	486	3240	162
15173	50	16528	3306	497	3306	166
15173	51	16859	3372	506	3372	169
15173	52	17189	3438	516	3438	172
15173	53	17520	3504	525	3504	175
15173	54	17850	3570	536	3570	179
15173	55	18181	3636	546	3636	182
15173	56	18511	3702	555	3702	185
15173	57	18842	3768	566	3768	189
15173	58	19172	3834	575	3834	192
15173	59	19503	3900	585	3900	195
15173	60	19834	3966	596	3966	199
15173	61	20164	4032	605	4032	202
15173	62	20495	4098	615	4098	205
15173	63	20825	4166	626	4166	209
15173	64	21156	4232	635	4232	212
15173	65	21486	4298	645	4298	215
15173	66	21817	4364	654	4364	218
15173	67	22147	4430	665	4430	222
15173	68	22478	4496	675	4496	225
15173	69	22809	4562	684	4562	228
15173	70	23139	4628	695	4628	232
15173	71	23470	4694	704	4694	235
15173	72	23800	4760	714	4760	238
15173	73	24131	4826	725	4826	242
15173	74	24461	4892	734	4892	245
15173	75	24792	4958	744	4958	248
15173	76	25122	5024	753	5024	251
15173	77	25453	5090	764	5090	255
15173	78	25784	5156	774	5156	258
15173	79	26114	5222	783	5222	261
15173	80	26445	5288	794	5288	265
15173	81	26775	5356	804	5356	268
15173	82	27106	5422	813	5422	271
15173	83	27436	5488	824	5488	275
15173	84	27767	5554	833	5554	278
15173	85	28097	5620	843	5620	281
15173	86	28428	5686	854	5686	285
15173	87	28759	5752	863	5752	288
15173	88	29089	5818	873	5818	291
15173	89	29420	5884	882	5884	294
15173	90	29750	5950	893	5950	298
15173	91	30081	6016	903	6016	301
15173	92	30411	6082	912	6082	304
15173	93	30742	6148	923	6148	308
15173	94	31072	6214	932	6214	311
15173	95	31403	6280	942	6280	314
15173	96	31734	6346	953	6346	318
15173	97	32064	6412	962	6412	321
15173	98	32395	6478	972	6478	324
15173	99	32725	6546	983	6546	328
15173	100	33056	6612	992	6612	331
15174	1	331	66	11	66	4
15174	2	661	132	20	132	7
15174	3	992	198	30	198	10
15174	4	1322	264	39	264	13
15174	5	1653	330	50	330	17
15174	6	1984	396	60	396	20
15174	7	2314	462	69	462	23
15174	8	2645	528	80	528	27
15174	9	2975	596	90	596	30
15174	10	3306	662	99	662	33
15174	11	3636	728	110	728	37
15174	12	3967	794	119	794	40
15174	13	4297	860	129	860	43
15174	14	4628	926	140	926	47
15174	15	4959	992	149	992	50
15174	16	5289	1058	159	1058	53
15174	17	5620	1124	168	1124	56
15174	18	5950	1190	179	1190	60
15174	19	6281	1256	189	1256	63
15174	20	6611	1322	198	1322	66
15174	21	6942	1388	209	1388	70
15174	22	7272	1454	218	1454	73
15174	23	7603	1520	228	1520	76
15174	24	7934	1586	239	1586	80
15174	25	8264	1652	248	1652	83
15174	26	8595	1718	258	1718	86
15174	27	8925	1786	269	1786	90
15174	28	9256	1852	278	1852	93
15174	29	9586	1918	288	1918	96
15174	30	9917	1984	297	1984	99
15174	31	10247	2050	308	2050	103
15174	32	10578	2116	318	2116	106
15174	33	10909	2182	327	2182	109
15174	34	11239	2248	338	2248	113
15174	35	11570	2314	347	2314	116
15174	36	11900	2380	357	2380	119
15174	37	12231	2446	368	2446	123
15174	38	12561	2512	377	2512	126
15174	39	12892	2578	387	2578	129
15174	40	13222	2644	396	2644	132
15174	41	13553	2710	407	2710	136
15174	42	13884	2776	417	2776	139
15174	43	14214	2842	426	2842	142
15174	44	14545	2908	437	2908	146
15174	45	14875	2976	447	2976	149
15174	46	15206	3042	456	3042	152
15174	47	15536	3108	467	3108	156
15174	48	15867	3174	476	3174	159
15174	49	16197	3240	486	3240	162
15174	50	16528	3306	497	3306	166
15174	51	16859	3372	506	3372	169
15174	52	17189	3438	516	3438	172
15174	53	17520	3504	525	3504	175
15174	54	17850	3570	536	3570	179
15174	55	18181	3636	546	3636	182
15174	56	18511	3702	555	3702	185
15174	57	18842	3768	566	3768	189
15174	58	19172	3834	575	3834	192
15174	59	19503	3900	585	3900	195
15174	60	19834	3966	596	3966	199
15174	61	20164	4032	605	4032	202
15174	62	20495	4098	615	4098	205
15174	63	20825	4166	626	4166	209
15174	64	21156	4232	635	4232	212
15174	65	21486	4298	645	4298	215
15174	66	21817	4364	654	4364	218
15174	67	22147	4430	665	4430	222
15174	68	22478	4496	675	4496	225
15174	69	22809	4562	684	4562	228
15174	70	23139	4628	695	4628	232
15174	71	23470	4694	704	4694	235
15174	72	23800	4760	714	4760	238
15174	73	24131	4826	725	4826	242
15174	74	24461	4892	734	4892	245
15174	75	24792	4958	744	4958	248
15174	76	25122	5024	753	5024	251
15174	77	25453	5090	764	5090	255
15174	78	25784	5156	774	5156	258
15174	79	26114	5222	783	5222	261
15174	80	26445	5288	794	5288	265
15174	81	26775	5356	804	5356	268
15174	82	27106	5422	813	5422	271
15174	83	27436	5488	824	5488	275
15174	84	27767	5554	833	5554	278
15174	85	28097	5620	843	5620	281
15174	86	28428	5686	854	5686	285
15174	87	28759	5752	863	5752	288
15174	88	29089	5818	873	5818	291
15174	89	29420	5884	882	5884	294
15174	90	29750	5950	893	5950	298
15174	91	30081	6016	903	6016	301
15174	92	30411	6082	912	6082	304
15174	93	30742	6148	923	6148	308
15174	94	31072	6214	932	6214	311
15174	95	31403	6280	942	6280	314
15174	96	31734	6346	953	6346	318
15174	97	32064	6412	962	6412	321
15174	98	32395	6478	972	6478	324
15174	99	32725	6546	983	6546	328
15174	100	33056	6612	992	6612	331
15175	1	331	66	11	66	4
15175	2	661	132	20	132	7
15175	3	992	198	30	198	10
15175	4	1322	264	39	264	13
15175	5	1653	330	50	330	17
15175	6	1984	396	60	396	20
15175	7	2314	462	69	462	23
15175	8	2645	528	80	528	27
15175	9	2975	596	90	596	30
15175	10	3306	662	99	662	33
15175	11	3636	728	110	728	37
15175	12	3967	794	119	794	40
15175	13	4297	860	129	860	43
15175	14	4628	926	140	926	47
15175	15	4959	992	149	992	50
15175	16	5289	1058	159	1058	53
15175	17	5620	1124	168	1124	56
15175	18	5950	1190	179	1190	60
15175	19	6281	1256	189	1256	63
15175	20	6611	1322	198	1322	66
15175	21	6942	1388	209	1388	70
15175	22	7272	1454	218	1454	73
15175	23	7603	1520	228	1520	76
15175	24	7934	1586	239	1586	80
15175	25	8264	1652	248	1652	83
15175	26	8595	1718	258	1718	86
15175	27	8925	1786	269	1786	90
15175	28	9256	1852	278	1852	93
15175	29	9586	1918	288	1918	96
15175	30	9917	1984	297	1984	99
15175	31	10247	2050	308	2050	103
15175	32	10578	2116	318	2116	106
15175	33	10909	2182	327	2182	109
15175	34	11239	2248	338	2248	113
15175	35	11570	2314	347	2314	116
15175	36	11900	2380	357	2380	119
15175	37	12231	2446	368	2446	123
15175	38	12561	2512	377	2512	126
15175	39	12892	2578	387	2578	129
15175	40	13222	2644	396	2644	132
15175	41	13553	2710	407	2710	136
15175	42	13884	2776	417	2776	139
15175	43	14214	2842	426	2842	142
15175	44	14545	2908	437	2908	146
15175	45	14875	2976	447	2976	149
15175	46	15206	3042	456	3042	152
15175	47	15536	3108	467	3108	156
15175	48	15867	3174	476	3174	159
15175	49	16197	3240	486	3240	162
15175	50	16528	3306	497	3306	166
15175	51	16859	3372	506	3372	169
15175	52	17189	3438	516	3438	172
15175	53	17520	3504	525	3504	175
15175	54	17850	3570	536	3570	179
15175	55	18181	3636	546	3636	182
15175	56	18511	3702	555	3702	185
15175	57	18842	3768	566	3768	189
15175	58	19172	3834	575	3834	192
15175	59	19503	3900	585	3900	195
15175	60	19834	3966	596	3966	199
15175	61	20164	4032	605	4032	202
15175	62	20495	4098	615	4098	205
15175	63	20825	4166	626	4166	209
15175	64	21156	4232	635	4232	212
15175	65	21486	4298	645	4298	215
15175	66	21817	4364	654	4364	218
15175	67	22147	4430	665	4430	222
15175	68	22478	4496	675	4496	225
15175	69	22809	4562	684	4562	228
15175	70	23139	4628	695	4628	232
15175	71	23470	4694	704	4694	235
15175	72	23800	4760	714	4760	238
15175	73	24131	4826	725	4826	242
15175	74	24461	4892	734	4892	245
15175	75	24792	4958	744	4958	248
15175	76	25122	5024	753	5024	251
15175	77	25453	5090	764	5090	255
15175	78	25784	5156	774	5156	258
15175	79	26114	5222	783	5222	261
15175	80	26445	5288	794	5288	265
15175	81	26775	5356	804	5356	268
15175	82	27106	5422	813	5422	271
15175	83	27436	5488	824	5488	275
15175	84	27767	5554	833	5554	278
15175	85	28097	5620	843	5620	281
15175	86	28428	5686	854	5686	285
15175	87	28759	5752	863	5752	288
15175	88	29089	5818	873	5818	291
15175	89	29420	5884	882	5884	294
15175	90	29750	5950	893	5950	298
15175	91	30081	6016	903	6016	301
15175	92	30411	6082	912	6082	304
15175	93	30742	6148	923	6148	308
15175	94	31072	6214	932	6214	311
15175	95	31403	6280	942	6280	314
15175	96	31734	6346	953	6346	318
15175	97	32064	6412	962	6412	321
15175	98	32395	6478	972	6478	324
15175	99	32725	6546	983	6546	328
15175	100	33056	6612	992	6612	331
15176	1	331	66	11	66	4
15176	2	661	132	20	132	7
15176	3	992	198	30	198	10
15176	4	1322	264	39	264	13
15176	5	1653	330	50	330	17
15176	6	1984	396	60	396	20
15176	7	2314	462	69	462	23
15176	8	2645	528	80	528	27
15176	9	2975	596	90	596	30
15176	10	3306	662	99	662	33
15176	11	3636	728	110	728	37
15176	12	3967	794	119	794	40
15176	13	4297	860	129	860	43
15176	14	4628	926	140	926	47
15176	15	4959	992	149	992	50
15176	16	5289	1058	159	1058	53
15176	17	5620	1124	168	1124	56
15176	18	5950	1190	179	1190	60
15176	19	6281	1256	189	1256	63
15176	20	6611	1322	198	1322	66
15176	21	6942	1388	209	1388	70
15176	22	7272	1454	218	1454	73
15176	23	7603	1520	228	1520	76
15176	24	7934	1586	239	1586	80
15176	25	8264	1652	248	1652	83
15176	26	8595	1718	258	1718	86
15176	27	8925	1786	269	1786	90
15176	28	9256	1852	278	1852	93
15176	29	9586	1918	288	1918	96
15176	30	9917	1984	297	1984	99
15176	31	10247	2050	308	2050	103
15176	32	10578	2116	318	2116	106
15176	33	10909	2182	327	2182	109
15176	34	11239	2248	338	2248	113
15176	35	11570	2314	347	2314	116
15176	36	11900	2380	357	2380	119
15176	37	12231	2446	368	2446	123
15176	38	12561	2512	377	2512	126
15176	39	12892	2578	387	2578	129
15176	40	13222	2644	396	2644	132
15176	41	13553	2710	407	2710	136
15176	42	13884	2776	417	2776	139
15176	43	14214	2842	426	2842	142
15176	44	14545	2908	437	2908	146
15176	45	14875	2976	447	2976	149
15176	46	15206	3042	456	3042	152
15176	47	15536	3108	467	3108	156
15176	48	15867	3174	476	3174	159
15176	49	16197	3240	486	3240	162
15176	50	16528	3306	497	3306	166
15176	51	16859	3372	506	3372	169
15176	52	17189	3438	516	3438	172
15176	53	17520	3504	525	3504	175
15176	54	17850	3570	536	3570	179
15176	55	18181	3636	546	3636	182
15176	56	18511	3702	555	3702	185
15176	57	18842	3768	566	3768	189
15176	58	19172	3834	575	3834	192
15176	59	19503	3900	585	3900	195
15176	60	19834	3966	596	3966	199
15176	61	20164	4032	605	4032	202
15176	62	20495	4098	615	4098	205
15176	63	20825	4166	626	4166	209
15176	64	21156	4232	635	4232	212
15176	65	21486	4298	645	4298	215
15176	66	21817	4364	654	4364	218
15176	67	22147	4430	665	4430	222
15176	68	22478	4496	675	4496	225
15176	69	22809	4562	684	4562	228
15176	70	23139	4628	695	4628	232
15176	71	23470	4694	704	4694	235
15176	72	23800	4760	714	4760	238
15176	73	24131	4826	725	4826	242
15176	74	24461	4892	734	4892	245
15176	75	24792	4958	744	4958	248
15176	76	25122	5024	753	5024	251
15176	77	25453	5090	764	5090	255
15176	78	25784	5156	774	5156	258
15176	79	26114	5222	783	5222	261
15176	80	26445	5288	794	5288	265
15176	81	26775	5356	804	5356	268
15176	82	27106	5422	813	5422	271
15176	83	27436	5488	824	5488	275
15176	84	27767	5554	833	5554	278
15176	85	28097	5620	843	5620	281
15176	86	28428	5686	854	5686	285
15176	87	28759	5752	863	5752	288
15176	88	29089	5818	873	5818	291
15176	89	29420	5884	882	5884	294
15176	90	29750	5950	893	5950	298
15176	91	30081	6016	903	6016	301
15176	92	30411	6082	912	6082	304
15176	93	30742	6148	923	6148	308
15176	94	31072	6214	932	6214	311
15176	95	31403	6280	942	6280	314
15176	96	31734	6346	953	6346	318
15176	97	32064	6412	962	6412	321
15176	98	32395	6478	972	6478	324
15176	99	32725	6546	983	6546	328
15176	100	33056	6612	992	6612	331
15177	1	331	66	11	66	4
15177	2	661	132	20	132	7
15177	3	992	198	30	198	10
15177	4	1322	264	39	264	13
15177	5	1653	330	50	330	17
15177	6	1984	396	60	396	20
15177	7	2314	462	69	462	23
15177	8	2645	528	80	528	27
15177	9	2975	596	90	596	30
15177	10	3306	662	99	662	33
15177	11	3636	728	110	728	37
15177	12	3967	794	119	794	40
15177	13	4297	860	129	860	43
15177	14	4628	926	140	926	47
15177	15	4959	992	149	992	50
15177	16	5289	1058	159	1058	53
15177	17	5620	1124	168	1124	56
15177	18	5950	1190	179	1190	60
15177	19	6281	1256	189	1256	63
15177	20	6611	1322	198	1322	66
15177	21	6942	1388	209	1388	70
15177	22	7272	1454	218	1454	73
15177	23	7603	1520	228	1520	76
15177	24	7934	1586	239	1586	80
15177	25	8264	1652	248	1652	83
15177	26	8595	1718	258	1718	86
15177	27	8925	1786	269	1786	90
15177	28	9256	1852	278	1852	93
15177	29	9586	1918	288	1918	96
15177	30	9917	1984	297	1984	99
15177	31	10247	2050	308	2050	103
15177	32	10578	2116	318	2116	106
15177	33	10909	2182	327	2182	109
15177	34	11239	2248	338	2248	113
15177	35	11570	2314	347	2314	116
15177	36	11900	2380	357	2380	119
15177	37	12231	2446	368	2446	123
15177	38	12561	2512	377	2512	126
15177	39	12892	2578	387	2578	129
15177	40	13222	2644	396	2644	132
15177	41	13553	2710	407	2710	136
15177	42	13884	2776	417	2776	139
15177	43	14214	2842	426	2842	142
15177	44	14545	2908	437	2908	146
15177	45	14875	2976	447	2976	149
15177	46	15206	3042	456	3042	152
15177	47	15536	3108	467	3108	156
15177	48	15867	3174	476	3174	159
15177	49	16197	3240	486	3240	162
15177	50	16528	3306	497	3306	166
15177	51	16859	3372	506	3372	169
15177	52	17189	3438	516	3438	172
15177	53	17520	3504	525	3504	175
15177	54	17850	3570	536	3570	179
15177	55	18181	3636	546	3636	182
15177	56	18511	3702	555	3702	185
15177	57	18842	3768	566	3768	189
15177	58	19172	3834	575	3834	192
15177	59	19503	3900	585	3900	195
15177	60	19834	3966	596	3966	199
15177	61	20164	4032	605	4032	202
15177	62	20495	4098	615	4098	205
15177	63	20825	4166	626	4166	209
15177	64	21156	4232	635	4232	212
15177	65	21486	4298	645	4298	215
15177	66	21817	4364	654	4364	218
15177	67	22147	4430	665	4430	222
15177	68	22478	4496	675	4496	225
15177	69	22809	4562	684	4562	228
15177	70	23139	4628	695	4628	232
15177	71	23470	4694	704	4694	235
15177	72	23800	4760	714	4760	238
15177	73	24131	4826	725	4826	242
15177	74	24461	4892	734	4892	245
15177	75	24792	4958	744	4958	248
15177	76	25122	5024	753	5024	251
15177	77	25453	5090	764	5090	255
15177	78	25784	5156	774	5156	258
15177	79	26114	5222	783	5222	261
15177	80	26445	5288	794	5288	265
15177	81	26775	5356	804	5356	268
15177	82	27106	5422	813	5422	271
15177	83	27436	5488	824	5488	275
15177	84	27767	5554	833	5554	278
15177	85	28097	5620	843	5620	281
15177	86	28428	5686	854	5686	285
15177	87	28759	5752	863	5752	288
15177	88	29089	5818	873	5818	291
15177	89	29420	5884	882	5884	294
15177	90	29750	5950	893	5950	298
15177	91	30081	6016	903	6016	301
15177	92	30411	6082	912	6082	304
15177	93	30742	6148	923	6148	308
15177	94	31072	6214	932	6214	311
15177	95	31403	6280	942	6280	314
15177	96	31734	6346	953	6346	318
15177	97	32064	6412	962	6412	321
15177	98	32395	6478	972	6478	324
15177	99	32725	6546	983	6546	328
15177	100	33056	6612	992	6612	331
15178	1	331	66	11	66	4
15178	2	661	132	20	132	7
15178	3	992	198	30	198	10
15178	4	1322	264	39	264	13
15178	5	1653	330	50	330	17
15178	6	1984	396	60	396	20
15178	7	2314	462	69	462	23
15178	8	2645	528	80	528	27
15178	9	2975	596	90	596	30
15178	10	3306	662	99	662	33
15178	11	3636	728	110	728	37
15178	12	3967	794	119	794	40
15178	13	4297	860	129	860	43
15178	14	4628	926	140	926	47
15178	15	4959	992	149	992	50
15178	16	5289	1058	159	1058	53
15178	17	5620	1124	168	1124	56
15178	18	5950	1190	179	1190	60
15178	19	6281	1256	189	1256	63
15178	20	6611	1322	198	1322	66
15178	21	6942	1388	209	1388	70
15178	22	7272	1454	218	1454	73
15178	23	7603	1520	228	1520	76
15178	24	7934	1586	239	1586	80
15178	25	8264	1652	248	1652	83
15178	26	8595	1718	258	1718	86
15178	27	8925	1786	269	1786	90
15178	28	9256	1852	278	1852	93
15178	29	9586	1918	288	1918	96
15178	30	9917	1984	297	1984	99
15178	31	10247	2050	308	2050	103
15178	32	10578	2116	318	2116	106
15178	33	10909	2182	327	2182	109
15178	34	11239	2248	338	2248	113
15178	35	11570	2314	347	2314	116
15178	36	11900	2380	357	2380	119
15178	37	12231	2446	368	2446	123
15178	38	12561	2512	377	2512	126
15178	39	12892	2578	387	2578	129
15178	40	13222	2644	396	2644	132
15178	41	13553	2710	407	2710	136
15178	42	13884	2776	417	2776	139
15178	43	14214	2842	426	2842	142
15178	44	14545	2908	437	2908	146
15178	45	14875	2976	447	2976	149
15178	46	15206	3042	456	3042	152
15178	47	15536	3108	467	3108	156
15178	48	15867	3174	476	3174	159
15178	49	16197	3240	486	3240	162
15178	50	16528	3306	497	3306	166
15178	51	16859	3372	506	3372	169
15178	52	17189	3438	516	3438	172
15178	53	17520	3504	525	3504	175
15178	54	17850	3570	536	3570	179
15178	55	18181	3636	546	3636	182
15178	56	18511	3702	555	3702	185
15178	57	18842	3768	566	3768	189
15178	58	19172	3834	575	3834	192
15178	59	19503	3900	585	3900	195
15178	60	19834	3966	596	3966	199
15178	61	20164	4032	605	4032	202
15178	62	20495	4098	615	4098	205
15178	63	20825	4166	626	4166	209
15178	64	21156	4232	635	4232	212
15178	65	21486	4298	645	4298	215
15178	66	21817	4364	654	4364	218
15178	67	22147	4430	665	4430	222
15178	68	22478	4496	675	4496	225
15178	69	22809	4562	684	4562	228
15178	70	23139	4628	695	4628	232
15178	71	23470	4694	704	4694	235
15178	72	23800	4760	714	4760	238
15178	73	24131	4826	725	4826	242
15178	74	24461	4892	734	4892	245
15178	75	24792	4958	744	4958	248
15178	76	25122	5024	753	5024	251
15178	77	25453	5090	764	5090	255
15178	78	25784	5156	774	5156	258
15178	79	26114	5222	783	5222	261
15178	80	26445	5288	794	5288	265
15178	81	26775	5356	804	5356	268
15178	82	27106	5422	813	5422	271
15178	83	27436	5488	824	5488	275
15178	84	27767	5554	833	5554	278
15178	85	28097	5620	843	5620	281
15178	86	28428	5686	854	5686	285
15178	87	28759	5752	863	5752	288
15178	88	29089	5818	873	5818	291
15178	89	29420	5884	882	5884	294
15178	90	29750	5950	893	5950	298
15178	91	30081	6016	903	6016	301
15178	92	30411	6082	912	6082	304
15178	93	30742	6148	923	6148	308
15178	94	31072	6214	932	6214	311
15178	95	31403	6280	942	6280	314
15178	96	31734	6346	953	6346	318
15178	97	32064	6412	962	6412	321
15178	98	32395	6478	972	6478	324
15178	99	32725	6546	983	6546	328
15178	100	33056	6612	992	6612	331
15179	1	331	66	11	66	4
15179	2	661	132	20	132	7
15179	3	992	198	30	198	10
15179	4	1322	264	39	264	13
15179	5	1653	330	50	330	17
15179	6	1984	396	60	396	20
15179	7	2314	462	69	462	23
15179	8	2645	528	80	528	27
15179	9	2975	596	90	596	30
15179	10	3306	662	99	662	33
15179	11	3636	728	110	728	37
15179	12	3967	794	119	794	40
15179	13	4297	860	129	860	43
15179	14	4628	926	140	926	47
15179	15	4959	992	149	992	50
15179	16	5289	1058	159	1058	53
15179	17	5620	1124	168	1124	56
15179	18	5950	1190	179	1190	60
15179	19	6281	1256	189	1256	63
15179	20	6611	1322	198	1322	66
15179	21	6942	1388	209	1388	70
15179	22	7272	1454	218	1454	73
15179	23	7603	1520	228	1520	76
15179	24	7934	1586	239	1586	80
15179	25	8264	1652	248	1652	83
15179	26	8595	1718	258	1718	86
15179	27	8925	1786	269	1786	90
15179	28	9256	1852	278	1852	93
15179	29	9586	1918	288	1918	96
15179	30	9917	1984	297	1984	99
15179	31	10247	2050	308	2050	103
15179	32	10578	2116	318	2116	106
15179	33	10909	2182	327	2182	109
15179	34	11239	2248	338	2248	113
15179	35	11570	2314	347	2314	116
15179	36	11900	2380	357	2380	119
15179	37	12231	2446	368	2446	123
15179	38	12561	2512	377	2512	126
15179	39	12892	2578	387	2578	129
15179	40	13222	2644	396	2644	132
15179	41	13553	2710	407	2710	136
15179	42	13884	2776	417	2776	139
15179	43	14214	2842	426	2842	142
15179	44	14545	2908	437	2908	146
15179	45	14875	2976	447	2976	149
15179	46	15206	3042	456	3042	152
15179	47	15536	3108	467	3108	156
15179	48	15867	3174	476	3174	159
15179	49	16197	3240	486	3240	162
15179	50	16528	3306	497	3306	166
15179	51	16859	3372	506	3372	169
15179	52	17189	3438	516	3438	172
15179	53	17520	3504	525	3504	175
15179	54	17850	3570	536	3570	179
15179	55	18181	3636	546	3636	182
15179	56	18511	3702	555	3702	185
15179	57	18842	3768	566	3768	189
15179	58	19172	3834	575	3834	192
15179	59	19503	3900	585	3900	195
15179	60	19834	3966	596	3966	199
15179	61	20164	4032	605	4032	202
15179	62	20495	4098	615	4098	205
15179	63	20825	4166	626	4166	209
15179	64	21156	4232	635	4232	212
15179	65	21486	4298	645	4298	215
15179	66	21817	4364	654	4364	218
15179	67	22147	4430	665	4430	222
15179	68	22478	4496	675	4496	225
15179	69	22809	4562	684	4562	228
15179	70	23139	4628	695	4628	232
15179	71	23470	4694	704	4694	235
15179	72	23800	4760	714	4760	238
15179	73	24131	4826	725	4826	242
15179	74	24461	4892	734	4892	245
15179	75	24792	4958	744	4958	248
15179	76	25122	5024	753	5024	251
15179	77	25453	5090	764	5090	255
15179	78	25784	5156	774	5156	258
15179	79	26114	5222	783	5222	261
15179	80	26445	5288	794	5288	265
15179	81	26775	5356	804	5356	268
15179	82	27106	5422	813	5422	271
15179	83	27436	5488	824	5488	275
15179	84	27767	5554	833	5554	278
15179	85	28097	5620	843	5620	281
15179	86	28428	5686	854	5686	285
15179	87	28759	5752	863	5752	288
15179	88	29089	5818	873	5818	291
15179	89	29420	5884	882	5884	294
15179	90	29750	5950	893	5950	298
15179	91	30081	6016	903	6016	301
15179	92	30411	6082	912	6082	304
15179	93	30742	6148	923	6148	308
15179	94	31072	6214	932	6214	311
15179	95	31403	6280	942	6280	314
15179	96	31734	6346	953	6346	318
15179	97	32064	6412	962	6412	321
15179	98	32395	6478	972	6478	324
15179	99	32725	6546	983	6546	328
15179	100	33056	6612	992	6612	331
15180	1	331	66	11	66	4
15180	2	661	132	20	132	7
15180	3	992	198	30	198	10
15180	4	1322	264	39	264	13
15180	5	1653	330	50	330	17
15180	6	1984	396	60	396	20
15180	7	2314	462	69	462	23
15180	8	2645	528	80	528	27
15180	9	2975	596	90	596	30
15180	10	3306	662	99	662	33
15180	11	3636	728	110	728	37
15180	12	3967	794	119	794	40
15180	13	4297	860	129	860	43
15180	14	4628	926	140	926	47
15180	15	4959	992	149	992	50
15180	16	5289	1058	159	1058	53
15180	17	5620	1124	168	1124	56
15180	18	5950	1190	179	1190	60
15180	19	6281	1256	189	1256	63
15180	20	6611	1322	198	1322	66
15180	21	6942	1388	209	1388	70
15180	22	7272	1454	218	1454	73
15180	23	7603	1520	228	1520	76
15180	24	7934	1586	239	1586	80
15180	25	8264	1652	248	1652	83
15180	26	8595	1718	258	1718	86
15180	27	8925	1786	269	1786	90
15180	28	9256	1852	278	1852	93
15180	29	9586	1918	288	1918	96
15180	30	9917	1984	297	1984	99
15180	31	10247	2050	308	2050	103
15180	32	10578	2116	318	2116	106
15180	33	10909	2182	327	2182	109
15180	34	11239	2248	338	2248	113
15180	35	11570	2314	347	2314	116
15180	36	11900	2380	357	2380	119
15180	37	12231	2446	368	2446	123
15180	38	12561	2512	377	2512	126
15180	39	12892	2578	387	2578	129
15180	40	13222	2644	396	2644	132
15180	41	13553	2710	407	2710	136
15180	42	13884	2776	417	2776	139
15180	43	14214	2842	426	2842	142
15180	44	14545	2908	437	2908	146
15180	45	14875	2976	447	2976	149
15180	46	15206	3042	456	3042	152
15180	47	15536	3108	467	3108	156
15180	48	15867	3174	476	3174	159
15180	49	16197	3240	486	3240	162
15180	50	16528	3306	497	3306	166
15180	51	16859	3372	506	3372	169
15180	52	17189	3438	516	3438	172
15180	53	17520	3504	525	3504	175
15180	54	17850	3570	536	3570	179
15180	55	18181	3636	546	3636	182
15180	56	18511	3702	555	3702	185
15180	57	18842	3768	566	3768	189
15180	58	19172	3834	575	3834	192
15180	59	19503	3900	585	3900	195
15180	60	19834	3966	596	3966	199
15180	61	20164	4032	605	4032	202
15180	62	20495	4098	615	4098	205
15180	63	20825	4166	626	4166	209
15180	64	21156	4232	635	4232	212
15180	65	21486	4298	645	4298	215
15180	66	21817	4364	654	4364	218
15180	67	22147	4430	665	4430	222
15180	68	22478	4496	675	4496	225
15180	69	22809	4562	684	4562	228
15180	70	23139	4628	695	4628	232
15180	71	23470	4694	704	4694	235
15180	72	23800	4760	714	4760	238
15180	73	24131	4826	725	4826	242
15180	74	24461	4892	734	4892	245
15180	75	24792	4958	744	4958	248
15180	76	25122	5024	753	5024	251
15180	77	25453	5090	764	5090	255
15180	78	25784	5156	774	5156	258
15180	79	26114	5222	783	5222	261
15180	80	26445	5288	794	5288	265
15180	81	26775	5356	804	5356	268
15180	82	27106	5422	813	5422	271
15180	83	27436	5488	824	5488	275
15180	84	27767	5554	833	5554	278
15180	85	28097	5620	843	5620	281
15180	86	28428	5686	854	5686	285
15180	87	28759	5752	863	5752	288
15180	88	29089	5818	873	5818	291
15180	89	29420	5884	882	5884	294
15180	90	29750	5950	893	5950	298
15180	91	30081	6016	903	6016	301
15180	92	30411	6082	912	6082	304
15180	93	30742	6148	923	6148	308
15180	94	31072	6214	932	6214	311
15180	95	31403	6280	942	6280	314
15180	96	31734	6346	953	6346	318
15180	97	32064	6412	962	6412	321
15180	98	32395	6478	972	6478	324
15180	99	32725	6546	983	6546	328
15180	100	33056	6612	992	6612	331
15566	1	331	50	7	50	7
15566	2	661	99	13	99	13
15566	3	992	149	20	149	20
15566	4	1322	198	26	198	26
15566	5	1653	248	33	248	33
15566	6	1984	297	40	297	40
15566	7	2314	347	46	347	46
15566	8	2645	396	53	396	53
15566	9	2975	447	60	447	60
15566	10	3306	497	66	497	66
15566	11	3636	546	73	546	73
15566	12	3967	596	79	596	79
15566	13	4297	645	86	645	86
15566	14	4628	695	93	695	93
15566	15	4959	744	99	744	99
15566	16	5289	794	106	794	106
15566	17	5620	843	112	843	112
15566	18	5950	893	119	893	119
15566	19	6281	942	126	942	126
15566	20	6611	992	132	992	132
15566	21	6942	1041	139	1041	139
15566	22	7272	1091	145	1091	145
15566	23	7603	1140	152	1140	152
15566	24	7934	1190	159	1190	159
15566	25	8264	1239	165	1239	165
15566	26	8595	1289	172	1289	172
15566	27	8925	1340	179	1340	179
15566	28	9256	1389	185	1389	185
15566	29	9586	1439	192	1439	192
15566	30	9917	1488	198	1488	198
15566	31	10247	1538	205	1538	205
15566	32	10578	1587	212	1587	212
15566	33	10909	1637	218	1637	218
15566	34	11239	1686	225	1686	225
15566	35	11570	1736	231	1736	231
15566	36	11900	1785	238	1785	238
15566	37	12231	1835	245	1835	245
15566	38	12561	1884	251	1884	251
15566	39	12892	1934	258	1934	258
15566	40	13222	1983	264	1983	264
15566	41	13553	2033	271	2033	271
15566	42	13884	2082	278	2082	278
15566	43	14214	2132	284	2132	284
15566	44	14545	2181	291	2181	291
15566	45	14875	2232	298	2232	298
15566	46	15206	2282	304	2282	304
15566	47	15536	2331	311	2331	311
15566	48	15867	2381	317	2381	317
15566	49	16197	2430	324	2430	324
15566	50	16528	2480	331	2480	331
15566	51	16859	2529	337	2529	337
15566	52	17189	2579	344	2579	344
15566	53	17520	2628	350	2628	350
15566	54	17850	2678	357	2678	357
15566	55	18181	2727	364	2727	364
15566	56	18511	2777	370	2777	370
15566	57	18842	2826	377	2826	377
15566	58	19172	2876	383	2876	383
15566	59	19503	2925	390	2925	390
15566	60	19834	2975	397	2975	397
15566	61	20164	3024	403	3024	403
15566	62	20495	3074	410	3074	410
15566	63	20825	3125	417	3125	417
15566	64	21156	3174	423	3174	423
15566	65	21486	3224	430	3224	430
15566	66	21817	3273	436	3273	436
15566	67	22147	3323	443	3323	443
15566	68	22478	3372	450	3372	450
15566	69	22809	3422	456	3422	456
15566	70	23139	3471	463	3471	463
15566	71	23470	3521	469	3521	469
15566	72	23800	3570	476	3570	476
15566	73	24131	3620	483	3620	483
15566	74	24461	3669	489	3669	489
15566	75	24792	3719	496	3719	496
15566	76	25122	3768	502	3768	502
15566	77	25453	3818	509	3818	509
15566	78	25784	3867	516	3867	516
15566	79	26114	3917	522	3917	522
15566	80	26445	3966	529	3966	529
15566	81	26775	4017	536	4017	536
15566	82	27106	4067	542	4067	542
15566	83	27436	4116	549	4116	549
15566	84	27767	4166	555	4166	555
15566	85	28097	4215	562	4215	562
15566	86	28428	4265	569	4265	569
15566	87	28759	4314	575	4314	575
15566	88	29089	4364	582	4364	582
15566	89	29420	4413	588	4413	588
15566	90	29750	4463	595	4463	595
15566	91	30081	4512	602	4512	602
15566	92	30411	4562	608	4562	608
15566	93	30742	4611	615	4611	615
15566	94	31072	4661	621	4661	621
15566	95	31403	4710	628	4710	628
15566	96	31734	4760	635	4760	635
15566	97	32064	4809	641	4809	641
15566	98	32395	4859	648	4859	648
15566	99	32725	4910	655	4910	655
15566	100	33056	4959	661	4959	661
15567	1	331	50	7	50	7
15567	2	661	99	13	99	13
15567	3	992	149	20	149	20
15567	4	1322	198	26	198	26
15567	5	1653	248	33	248	33
15567	6	1984	297	40	297	40
15567	7	2314	347	46	347	46
15567	8	2645	396	53	396	53
15567	9	2975	447	60	447	60
15567	10	3306	497	66	497	66
15567	11	3636	546	73	546	73
15567	12	3967	596	79	596	79
15567	13	4297	645	86	645	86
15567	14	4628	695	93	695	93
15567	15	4959	744	99	744	99
15567	16	5289	794	106	794	106
15567	17	5620	843	112	843	112
15567	18	5950	893	119	893	119
15567	19	6281	942	126	942	126
15567	20	6611	992	132	992	132
15567	21	6942	1041	139	1041	139
15567	22	7272	1091	145	1091	145
15567	23	7603	1140	152	1140	152
15567	24	7934	1190	159	1190	159
15567	25	8264	1239	165	1239	165
15567	26	8595	1289	172	1289	172
15567	27	8925	1340	179	1340	179
15567	28	9256	1389	185	1389	185
15567	29	9586	1439	192	1439	192
15567	30	9917	1488	198	1488	198
15567	31	10247	1538	205	1538	205
15567	32	10578	1587	212	1587	212
15567	33	10909	1637	218	1637	218
15567	34	11239	1686	225	1686	225
15567	35	11570	1736	231	1736	231
15567	36	11900	1785	238	1785	238
15567	37	12231	1835	245	1835	245
15567	38	12561	1884	251	1884	251
15567	39	12892	1934	258	1934	258
15567	40	13222	1983	264	1983	264
15567	41	13553	2033	271	2033	271
15567	42	13884	2082	278	2082	278
15567	43	14214	2132	284	2132	284
15567	44	14545	2181	291	2181	291
15567	45	14875	2232	298	2232	298
15567	46	15206	2282	304	2282	304
15567	47	15536	2331	311	2331	311
15567	48	15867	2381	317	2381	317
15567	49	16197	2430	324	2430	324
15567	50	16528	2480	331	2480	331
15567	51	16859	2529	337	2529	337
15567	52	17189	2579	344	2579	344
15567	53	17520	2628	350	2628	350
15567	54	17850	2678	357	2678	357
15567	55	18181	2727	364	2727	364
15567	56	18511	2777	370	2777	370
15567	57	18842	2826	377	2826	377
15567	58	19172	2876	383	2876	383
15567	59	19503	2925	390	2925	390
15567	60	19834	2975	397	2975	397
15567	61	20164	3024	403	3024	403
15567	62	20495	3074	410	3074	410
15567	63	20825	3125	417	3125	417
15567	64	21156	3174	423	3174	423
15567	65	21486	3224	430	3224	430
15567	66	21817	3273	436	3273	436
15567	67	22147	3323	443	3323	443
15567	68	22478	3372	450	3372	450
15567	69	22809	3422	456	3422	456
15567	70	23139	3471	463	3471	463
15567	71	23470	3521	469	3521	469
15567	72	23800	3570	476	3570	476
15567	73	24131	3620	483	3620	483
15567	74	24461	3669	489	3669	489
15567	75	24792	3719	496	3719	496
15567	76	25122	3768	502	3768	502
15567	77	25453	3818	509	3818	509
15567	78	25784	3867	516	3867	516
15567	79	26114	3917	522	3917	522
15567	80	26445	3966	529	3966	529
15567	81	26775	4017	536	4017	536
15567	82	27106	4067	542	4067	542
15567	83	27436	4116	549	4116	549
15567	84	27767	4166	555	4166	555
15567	85	28097	4215	562	4215	562
15567	86	28428	4265	569	4265	569
15567	87	28759	4314	575	4314	575
15567	88	29089	4364	582	4364	582
15567	89	29420	4413	588	4413	588
15567	90	29750	4463	595	4463	595
15567	91	30081	4512	602	4512	602
15567	92	30411	4562	608	4562	608
15567	93	30742	4611	615	4611	615
15567	94	31072	4661	621	4661	621
15567	95	31403	4710	628	4710	628
15567	96	31734	4760	635	4760	635
15567	97	32064	4809	641	4809	641
15567	98	32395	4859	648	4859	648
15567	99	32725	4910	655	4910	655
15567	100	33056	4959	661	4959	661
15568	1	331	50	7	50	7
15568	2	661	99	13	99	13
15568	3	992	149	20	149	20
15568	4	1322	198	26	198	26
15568	5	1653	248	33	248	33
15568	6	1984	297	40	297	40
15568	7	2314	347	46	347	46
15568	8	2645	396	53	396	53
15568	9	2975	447	60	447	60
15568	10	3306	497	66	497	66
15568	11	3636	546	73	546	73
15568	12	3967	596	79	596	79
15568	13	4297	645	86	645	86
15568	14	4628	695	93	695	93
15568	15	4959	744	99	744	99
15568	16	5289	794	106	794	106
15568	17	5620	843	112	843	112
15568	18	5950	893	119	893	119
15568	19	6281	942	126	942	126
15568	20	6611	992	132	992	132
15568	21	6942	1041	139	1041	139
15568	22	7272	1091	145	1091	145
15568	23	7603	1140	152	1140	152
15568	24	7934	1190	159	1190	159
15568	25	8264	1239	165	1239	165
15568	26	8595	1289	172	1289	172
15568	27	8925	1340	179	1340	179
15568	28	9256	1389	185	1389	185
15568	29	9586	1439	192	1439	192
15568	30	9917	1488	198	1488	198
15568	31	10247	1538	205	1538	205
15568	32	10578	1587	212	1587	212
15568	33	10909	1637	218	1637	218
15568	34	11239	1686	225	1686	225
15568	35	11570	1736	231	1736	231
15568	36	11900	1785	238	1785	238
15568	37	12231	1835	245	1835	245
15568	38	12561	1884	251	1884	251
15568	39	12892	1934	258	1934	258
15568	40	13222	1983	264	1983	264
15568	41	13553	2033	271	2033	271
15568	42	13884	2082	278	2082	278
15568	43	14214	2132	284	2132	284
15568	44	14545	2181	291	2181	291
15568	45	14875	2232	298	2232	298
15568	46	15206	2282	304	2282	304
15568	47	15536	2331	311	2331	311
15568	48	15867	2381	317	2381	317
15568	49	16197	2430	324	2430	324
15568	50	16528	2480	331	2480	331
15568	51	16859	2529	337	2529	337
15568	52	17189	2579	344	2579	344
15568	53	17520	2628	350	2628	350
15568	54	17850	2678	357	2678	357
15568	55	18181	2727	364	2727	364
15568	56	18511	2777	370	2777	370
15568	57	18842	2826	377	2826	377
15568	58	19172	2876	383	2876	383
15568	59	19503	2925	390	2925	390
15568	60	19834	2975	397	2975	397
15568	61	20164	3024	403	3024	403
15568	62	20495	3074	410	3074	410
15568	63	20825	3125	417	3125	417
15568	64	21156	3174	423	3174	423
15568	65	21486	3224	430	3224	430
15568	66	21817	3273	436	3273	436
15568	67	22147	3323	443	3323	443
15568	68	22478	3372	450	3372	450
15568	69	22809	3422	456	3422	456
15568	70	23139	3471	463	3471	463
15568	71	23470	3521	469	3521	469
15568	72	23800	3570	476	3570	476
15568	73	24131	3620	483	3620	483
15568	74	24461	3669	489	3669	489
15568	75	24792	3719	496	3719	496
15568	76	25122	3768	502	3768	502
15568	77	25453	3818	509	3818	509
15568	78	25784	3867	516	3867	516
15568	79	26114	3917	522	3917	522
15568	80	26445	3966	529	3966	529
15568	81	26775	4017	536	4017	536
15568	82	27106	4067	542	4067	542
15568	83	27436	4116	549	4116	549
15568	84	27767	4166	555	4166	555
15568	85	28097	4215	562	4215	562
15568	86	28428	4265	569	4265	569
15568	87	28759	4314	575	4314	575
15568	88	29089	4364	582	4364	582
15568	89	29420	4413	588	4413	588
15568	90	29750	4463	595	4463	595
15568	91	30081	4512	602	4512	602
15568	92	30411	4562	608	4562	608
15568	93	30742	4611	615	4611	615
15568	94	31072	4661	621	4661	621
15568	95	31403	4710	628	4710	628
15568	96	31734	4760	635	4760	635
15568	97	32064	4809	641	4809	641
15568	98	32395	4859	648	4859	648
15568	99	32725	4910	655	4910	655
15568	100	33056	4959	661	4959	661
15569	1	331	50	7	50	7
15569	2	661	99	13	99	13
15569	3	992	149	20	149	20
15569	4	1322	198	26	198	26
15569	5	1653	248	33	248	33
15569	6	1984	297	40	297	40
15569	7	2314	347	46	347	46
15569	8	2645	396	53	396	53
15569	9	2975	447	60	447	60
15569	10	3306	497	66	497	66
15569	11	3636	546	73	546	73
15569	12	3967	596	79	596	79
15569	13	4297	645	86	645	86
15569	14	4628	695	93	695	93
15569	15	4959	744	99	744	99
15569	16	5289	794	106	794	106
15569	17	5620	843	112	843	112
15569	18	5950	893	119	893	119
15569	19	6281	942	126	942	126
15569	20	6611	992	132	992	132
15569	21	6942	1041	139	1041	139
15569	22	7272	1091	145	1091	145
15569	23	7603	1140	152	1140	152
15569	24	7934	1190	159	1190	159
15569	25	8264	1239	165	1239	165
15569	26	8595	1289	172	1289	172
15569	27	8925	1340	179	1340	179
15569	28	9256	1389	185	1389	185
15569	29	9586	1439	192	1439	192
15569	30	9917	1488	198	1488	198
15569	31	10247	1538	205	1538	205
15569	32	10578	1587	212	1587	212
15569	33	10909	1637	218	1637	218
15569	34	11239	1686	225	1686	225
15569	35	11570	1736	231	1736	231
15569	36	11900	1785	238	1785	238
15569	37	12231	1835	245	1835	245
15569	38	12561	1884	251	1884	251
15569	39	12892	1934	258	1934	258
15569	40	13222	1983	264	1983	264
15569	41	13553	2033	271	2033	271
15569	42	13884	2082	278	2082	278
15569	43	14214	2132	284	2132	284
15569	44	14545	2181	291	2181	291
15569	45	14875	2232	298	2232	298
15569	46	15206	2282	304	2282	304
15569	47	15536	2331	311	2331	311
15569	48	15867	2381	317	2381	317
15569	49	16197	2430	324	2430	324
15569	50	16528	2480	331	2480	331
15569	51	16859	2529	337	2529	337
15569	52	17189	2579	344	2579	344
15569	53	17520	2628	350	2628	350
15569	54	17850	2678	357	2678	357
15569	55	18181	2727	364	2727	364
15569	56	18511	2777	370	2777	370
15569	57	18842	2826	377	2826	377
15569	58	19172	2876	383	2876	383
15569	59	19503	2925	390	2925	390
15569	60	19834	2975	397	2975	397
15569	61	20164	3024	403	3024	403
15569	62	20495	3074	410	3074	410
15569	63	20825	3125	417	3125	417
15569	64	21156	3174	423	3174	423
15569	65	21486	3224	430	3224	430
15569	66	21817	3273	436	3273	436
15569	67	22147	3323	443	3323	443
15569	68	22478	3372	450	3372	450
15569	69	22809	3422	456	3422	456
15569	70	23139	3471	463	3471	463
15569	71	23470	3521	469	3521	469
15569	72	23800	3570	476	3570	476
15569	73	24131	3620	483	3620	483
15569	74	24461	3669	489	3669	489
15569	75	24792	3719	496	3719	496
15569	76	25122	3768	502	3768	502
15569	77	25453	3818	509	3818	509
15569	78	25784	3867	516	3867	516
15569	79	26114	3917	522	3917	522
15569	80	26445	3966	529	3966	529
15569	81	26775	4017	536	4017	536
15569	82	27106	4067	542	4067	542
15569	83	27436	4116	549	4116	549
15569	84	27767	4166	555	4166	555
15569	85	28097	4215	562	4215	562
15569	86	28428	4265	569	4265	569
15569	87	28759	4314	575	4314	575
15569	88	29089	4364	582	4364	582
15569	89	29420	4413	588	4413	588
15569	90	29750	4463	595	4463	595
15569	91	30081	4512	602	4512	602
15569	92	30411	4562	608	4562	608
15569	93	30742	4611	615	4611	615
15569	94	31072	4661	621	4661	621
15569	95	31403	4710	628	4710	628
15569	96	31734	4760	635	4760	635
15569	97	32064	4809	641	4809	641
15569	98	32395	4859	648	4859	648
15569	99	32725	4910	655	4910	655
15569	100	33056	4959	661	4959	661
15570	1	331	50	7	50	7
15570	2	661	99	13	99	13
15570	3	992	149	20	149	20
15570	4	1322	198	26	198	26
15570	5	1653	248	33	248	33
15570	6	1984	297	40	297	40
15570	7	2314	347	46	347	46
15570	8	2645	396	53	396	53
15570	9	2975	447	60	447	60
15570	10	3306	497	66	497	66
15570	11	3636	546	73	546	73
15570	12	3967	596	79	596	79
15570	13	4297	645	86	645	86
15570	14	4628	695	93	695	93
15570	15	4959	744	99	744	99
15570	16	5289	794	106	794	106
15570	17	5620	843	112	843	112
15570	18	5950	893	119	893	119
15570	19	6281	942	126	942	126
15570	20	6611	992	132	992	132
15570	21	6942	1041	139	1041	139
15570	22	7272	1091	145	1091	145
15570	23	7603	1140	152	1140	152
15570	24	7934	1190	159	1190	159
15570	25	8264	1239	165	1239	165
15570	26	8595	1289	172	1289	172
15570	27	8925	1340	179	1340	179
15570	28	9256	1389	185	1389	185
15570	29	9586	1439	192	1439	192
15570	30	9917	1488	198	1488	198
15570	31	10247	1538	205	1538	205
15570	32	10578	1587	212	1587	212
15570	33	10909	1637	218	1637	218
15570	34	11239	1686	225	1686	225
15570	35	11570	1736	231	1736	231
15570	36	11900	1785	238	1785	238
15570	37	12231	1835	245	1835	245
15570	38	12561	1884	251	1884	251
15570	39	12892	1934	258	1934	258
15570	40	13222	1983	264	1983	264
15570	41	13553	2033	271	2033	271
15570	42	13884	2082	278	2082	278
15570	43	14214	2132	284	2132	284
15570	44	14545	2181	291	2181	291
15570	45	14875	2232	298	2232	298
15570	46	15206	2282	304	2282	304
15570	47	15536	2331	311	2331	311
15570	48	15867	2381	317	2381	317
15570	49	16197	2430	324	2430	324
15570	50	16528	2480	331	2480	331
15570	51	16859	2529	337	2529	337
15570	52	17189	2579	344	2579	344
15570	53	17520	2628	350	2628	350
15570	54	17850	2678	357	2678	357
15570	55	18181	2727	364	2727	364
15570	56	18511	2777	370	2777	370
15570	57	18842	2826	377	2826	377
15570	58	19172	2876	383	2876	383
15570	59	19503	2925	390	2925	390
15570	60	19834	2975	397	2975	397
15570	61	20164	3024	403	3024	403
15570	62	20495	3074	410	3074	410
15570	63	20825	3125	417	3125	417
15570	64	21156	3174	423	3174	423
15570	65	21486	3224	430	3224	430
15570	66	21817	3273	436	3273	436
15570	67	22147	3323	443	3323	443
15570	68	22478	3372	450	3372	450
15570	69	22809	3422	456	3422	456
15570	70	23139	3471	463	3471	463
15570	71	23470	3521	469	3521	469
15570	72	23800	3570	476	3570	476
15570	73	24131	3620	483	3620	483
15570	74	24461	3669	489	3669	489
15570	75	24792	3719	496	3719	496
15570	76	25122	3768	502	3768	502
15570	77	25453	3818	509	3818	509
15570	78	25784	3867	516	3867	516
15570	79	26114	3917	522	3917	522
15570	80	26445	3966	529	3966	529
15570	81	26775	4017	536	4017	536
15570	82	27106	4067	542	4067	542
15570	83	27436	4116	549	4116	549
15570	84	27767	4166	555	4166	555
15570	85	28097	4215	562	4215	562
15570	86	28428	4265	569	4265	569
15570	87	28759	4314	575	4314	575
15570	88	29089	4364	582	4364	582
15570	89	29420	4413	588	4413	588
15570	90	29750	4463	595	4463	595
15570	91	30081	4512	602	4512	602
15570	92	30411	4562	608	4562	608
15570	93	30742	4611	615	4611	615
15570	94	31072	4661	621	4661	621
15570	95	31403	4710	628	4710	628
15570	96	31734	4760	635	4760	635
15570	97	32064	4809	641	4809	641
15570	98	32395	4859	648	4859	648
15570	99	32725	4910	655	4910	655
15570	100	33056	4959	661	4959	661